# https://github.com/mikedh/trimesh
v 2.37714100 1.20100500 -1.68977500
v 2.53400900 0.95925300 -1.54831300
v 2.35927136 1.47446986 -1.42374887
v 2.34057716 1.38732933 -1.80625471
v 2.47231871 1.17263937 -1.33720565
v 2.37343718 1.23259096 -1.26839200
v 2.21088157 1.27205904 -1.28586819
v 2.51866698 0.97947619 -1.27956032
v 2.32152850 0.06166788 -1.24008075
v 2.17176120 1.18120654 -1.08816721
v 0.93391379 1.46630549 -1.27735418
v 2.39223478 0.82122599 -1.23889099
v 1.45697207 1.48209323 -1.29507141
v 2.20897325 0.89395875 -0.98132725
v 2.25034880 0.82078411 -1.29343365
v 0.82333419 1.22594425 -1.19962163
v 2.31987400 1.46138500 -1.83176100
v 2.16454836 1.43389157 -1.24007874
v 0.45852836 1.45428436 -1.24117023
v 1.44104682 1.22691460 -1.24814574
v 0.29864808 1.24978438 -1.20225871
v -0.44481000 1.14414500 -0.95372100
v -0.42354893 1.25076805 -1.13632250
v -0.50345358 1.43779805 -1.20081793
v -0.49870400 1.42003100 -1.44520400
v -0.55435475 1.39693700 -1.22780075
v -0.56330771 1.27917824 -1.35541258
v -0.50272600 1.16779300 -1.45765550
v -0.44027331 0.74536352 -1.20201930
v -0.43952831 0.59830781 -1.10148575
v -0.51501750 1.25697950 -1.11213500
v -0.61836830 0.74716339 -1.07312903
v -0.62367913 0.72033237 -1.05575237
v -0.45632650 0.48936785 -1.15767198
v -0.62330081 0.38185361 -1.19232481
v -0.40587788 -0.54463788 -0.95817862
v -0.61749950 0.47768000 -1.17659050
v -0.47632527 0.05467370 -1.14088037
v -0.66860600 0.11047100 -1.12424400
v -0.63032165 -0.41500238 -1.11423508
v -0.47356259 -0.53429963 -1.18496213
v -0.67314106 -0.34002250 -1.08341850
v -0.46153952 -1.08611458 -1.14758438
v -0.66863058 -1.03171410 -1.10731328
v 1.64121893 -0.34363530 -2.08318817
v -0.63039000 0.64564900 -1.34575300
v -0.60870700 0.64565400 -1.33593800
v -0.60902800 0.63169100 -1.33535600
v -0.55378500 0.69094600 -1.32243100
v -0.02305450 -1.06186400 1.32478075
v -0.19940800 -1.21567900 1.26027800
v -0.09216714 -1.12394845 1.25872285
v -0.09764075 -1.18895050 1.14687325
v -0.54655700 0.82690600 -1.36835400
v -0.55519322 0.88738703 -1.32213639
v -0.56250100 0.91754600 -1.27710400
v -0.55889700 0.87222600 -1.37329500
v 1.64865325 -1.22736650 1.17107050
v -0.53945500 1.14414500 -1.12142700
v -0.57995200 1.09882600 -1.10390700
v -0.59331400 1.09882600 -1.09417300
v -0.57706300 1.05350600 -1.11112300
v 2.35577640 0.12420124 -1.39637021
v -0.62089463 0.20027325 -1.52708750
v -0.69405000 0.18397600 -1.40345600
v -0.69958300 0.16995400 -1.40768050
v -0.75997000 -0.07559050 -1.28418875
v -0.66907750 -0.30611450 -1.29929650
v -0.63374701 -0.43153955 -1.33148952
v -0.66591220 -0.65490857 -1.18782668
v -0.63663250 -0.35762700 -1.45252800
v -0.68020300 -0.92096800 -1.22951300
v -0.67695300 0.01755100 -1.38389900
v -0.70659809 -0.01971759 -1.37859010
v -0.71021600 0.10183700 -1.37927300
v -0.66713600 0.05642200 -1.37954000
v -0.71053900 0.10185300 -1.37933500
v -1.08873500 -0.91451975 4.46442612
v -1.07027501 -0.88143461 4.53494918
v -0.88642409 -0.88066808 4.55133391
v -0.91197270 -0.61752094 4.53188736
v -0.94991725 -0.66333312 4.59600337
v 2.27105875 0.00749925 0.28442950
v 2.28750200 -0.12481200 0.15676600
v 2.53962175 0.01467700 0.03287125
v 2.53593300 0.14528300 0.39984700
v 2.54958819 0.14474889 0.47244144
v 2.53912650 0.12963550 0.58077550
v 2.58973875 0.18247550 0.49831788
v -0.12263300 1.24294100 0.07059500
v 0.58634960 -0.56903596 1.70562354
v 0.28340263 -0.49094575 1.50875575
v 2.28210500 0.65026400 -0.93260300
v 2.26999300 0.73626600 -0.92421200
v 0.53065017 -0.00498350 1.58869276
v -0.24651516 -0.92369853 -0.30640804
v 1.67097050 -0.30192125 -2.05738800
v 2.05225663 -0.69119304 0.11352854
v 2.45440275 1.18014775 -0.48045912
v 1.74781994 -0.88355371 -0.94199019
v 2.06042183 -0.47654713 -0.64281448
v 2.00749500 -0.49193900 -0.73621400
v 2.20213350 -0.43459400 -0.15880275
v 2.30764062 -0.45485079 -0.30026316
v 2.40823500 -0.44195700 -0.34721100
v 2.27584600 -0.42606600 0.05446600
v 2.23981950 -0.36215300 0.14445400
v 2.26847640 -0.35508388 0.12825280
v 2.26386700 -0.21545200 0.09848700
v 2.35597776 1.18404660 -0.52497552
v 2.25257145 1.41654246 -0.31206543
v 2.48987794 1.18518709 -0.27838787
v 2.47661365 1.10345108 -0.52310810
v 2.35381900 1.18118350 0.10275350
v 2.33622374 1.18515050 -0.06379344
v 2.49079025 1.13753125 -0.56057650
v 2.50343425 0.95304544 -0.43045975
v 2.31167950 1.39459750 0.38184500
v 2.32633771 1.42285830 0.17065487
v 0.96291756 1.41412936 -0.26952527
v 2.18864963 1.35937612 -0.42617012
v 1.25162829 1.40319052 -0.65884354
v -0.04421634 1.41193667 0.01997346
v 0.03014650 1.42496200 0.47614000
v 0.93528500 1.44625000 0.92680350
v 0.27348950 1.42110600 -0.48193350
v -0.05271825 1.33299500 0.18340575
v 2.55053700 1.18043875 -0.27078300
v -0.46123776 -0.51843522 -0.30450631
v -0.49984150 -0.46983113 -0.35981350
v -0.49849844 -0.17343181 -0.29220194
v 2.03058088 -1.03943812 1.32187794
v -0.47919400 1.45568400 0.88482750
v -0.77401678 1.44748013 0.37827547
v -1.09236250 1.45209350 1.20425750
v -0.08238512 -0.79091008 1.45374419
v -1.77277900 -0.62516700 4.09487400
v -1.77669977 -0.62634130 4.07869283
v -2.17301015 -0.85003287 4.13968665
v -2.13352800 -0.53269200 4.11806100
v 2.31563086 1.42869220 0.67978697
v 2.35369950 1.25621650 0.39165450
v 2.35281038 1.24416500 0.57136421
v 2.37540350 1.29492250 0.69870575
v 2.33468650 1.42912150 0.94316400
v 1.91536470 1.44027748 1.00440299
v 1.19984656 1.42365531 0.47220214
v 1.42359350 1.46013275 1.22794075
v 2.29042100 1.41927100 0.40234600
v 0.93052838 1.37616044 1.67856119
v 0.01501462 1.43020632 0.97938584
v 0.67193377 1.46928324 1.64211732
v 0.03958500 1.39783350 1.64069850
v 0.01950900 1.32542500 1.42267800
v 0.09301003 1.43224455 1.66025341
v 0.02296575 1.32555413 1.29479737
v 0.01536100 1.27869000 1.43678100
v 0.00582619 1.26747744 1.02570338
v -0.16700650 1.23608600 0.59125500
v -0.05493579 1.25411997 0.55184012
v 0.06206700 1.32573200 1.65724300
v 0.19292393 1.28743525 1.76310108
v 0.93248896 0.67645851 1.71646944
v -0.02632300 1.25672750 1.75205100
v -0.07562923 0.61883207 1.72550839
v 1.08440109 0.62858522 1.71505109
v -0.10838904 1.23467019 0.19279844
v -0.00936125 1.40002438 0.29462125
v -0.07366825 0.51984025 1.75897600
v 1.97815700 -0.53396400 1.64539700
v 1.08220900 -0.21542400 1.69348600
v 1.70270655 -0.68626144 1.78649150
v 1.12584683 0.16740309 1.69718546
v 1.62769950 -0.55502550 1.65995500
v 1.71556800 -0.78757125 1.72336125
v 1.78905403 -0.59222307 1.66477655
v 2.40250100 0.10496950 0.46972600
v 1.13548200 0.05644100 1.69664500
v -0.80628858 1.45927932 0.56844201
v -2.03422200 -1.08886163 4.43194075
v -2.56426030 0.69409513 4.08844690
v -2.57185310 0.43006580 3.85016225
v -2.55237100 0.44520400 4.56073700
v -2.54995550 0.77544875 4.15140250
v -2.55456000 0.24140200 3.76283950
v -2.65569944 0.34538794 3.59069069
v -2.54953359 0.37520824 4.54629222
v -2.54255250 0.31947500 4.49251200
v -2.51958900 0.37370700 4.59464000
v -1.69116913 -1.08444469 4.07537813
v -1.70244813 -0.99977953 3.99667939
v 1.20335416 1.49726937 1.61853941
v 2.07536175 1.46190963 1.08715787
v 1.21727002 1.36067340 1.68482580
v 0.87000500 1.46892200 1.62842750
v 2.04210058 -0.52208782 1.64069864
v 2.02561500 -0.53327300 1.63655400
v 1.95282800 -0.29832500 1.65205300
v 2.15182000 -0.44144800 1.64215000
v -0.46692926 1.47105484 1.01331881
v -0.44866300 1.46119300 1.02708250
v -0.42081188 1.46313587 1.35101350
v -0.46941287 1.46067893 1.24606150
v 0.02847434 1.27842300 1.33294721
v -0.18551815 1.23869382 1.27512221
v -0.83014100 1.32670100 2.08174000
v -0.80487550 1.32850550 2.01862950
v -0.74169083 1.32885614 2.04061624
v -0.71359450 1.33384750 2.03449850
v -1.88405200 -0.54188775 2.33683875
v -1.51628787 -1.13285200 1.64668375
v -1.46656686 -1.04476772 1.61783514
v 2.22222138 -0.46706175 0.87813812
v 2.40097320 -0.38635686 1.04602611
v 2.54891811 -0.11191451 1.07349159
v 2.37282234 -0.15671476 1.27381812
v 2.56211600 -0.03294500 1.08022100
v 2.41420500 -0.14996350 1.42016800
v 2.48562200 -0.19969413 0.92136975
v -0.00775817 1.30279786 1.58028346
v 0.00950950 1.27360825 1.71794050
v -0.16391156 0.74516912 1.77551169
v -0.25373100 1.32542500 1.67788100
v 2.08819950 -0.45455600 0.48332525
v 2.37488450 -0.06973400 -0.19878550
v 2.32298700 -0.27226475 -0.11160500
v 2.31714478 -0.10260261 -0.15349340
v 2.29039200 -0.11892900 0.01147300
v 2.58400050 -0.01093150 -0.08598950
v 2.65648200 0.23869400 0.36550625
v 2.59465388 0.02526672 -0.14463512
v 2.53281300 0.04340525 -0.22388750
v 2.54937806 0.65354602 0.64832192
v 2.61960454 0.61220302 0.27340636
v 2.72560913 0.28417159 0.46697613
v 2.56013850 0.59995050 0.08596000
v 2.07795700 -0.10187750 0.42735800
v 2.07634798 -0.15114924 0.46041004
v 2.06820200 -0.44379700 0.45559100
v 2.12425200 -0.06782300 0.43312800
v 2.24428621 -1.09707931 1.23853142
v 2.30483800 -1.07653100 1.18885800
v 2.11527148 -0.68133027 1.27678953
v 2.04655900 -0.90373000 1.63110500
v 2.02902464 -0.76511062 1.50200743
v 2.06611947 -0.79735582 1.63692532
v 1.05595800 -0.40877025 1.50911200
v 2.38289184 -0.91266942 0.43873196
v 2.34304100 -0.94939050 0.39946675
v 2.10898350 -0.91678200 0.25467200
v 1.05457400 -0.57260325 1.52321125
v 2.36831963 -0.41937532 1.63580382
v 2.35379525 -0.44195725 1.63159600
v 1.37392250 -0.64164300 -0.49722200
v 1.33550207 -0.56204231 -0.58041826
v 1.31060850 -0.41939150 -0.53383700
v 1.35677950 -0.50511400 -0.67959850
v 2.28428047 -0.67140616 0.43837844
v 2.11476877 -0.61398257 0.44899225
v 2.05874500 -0.89496800 0.84496600
v 2.01998450 -0.55090900 0.46510200
v 2.03825697 -0.93806111 0.51137501
v 2.08566838 -0.94577826 0.28545746
v 2.09963000 -1.04882800 0.35110550
v 1.00218500 -0.39659650 1.40636350
v 1.02582532 -0.46133007 1.38936797
v 0.78388331 -0.12224965 1.56234296
v 1.02924800 -0.16915700 1.56054700
v 2.10555500 -0.71458100 1.06895700
v 2.11274900 -0.17013200 0.52615700
v 2.15000400 -0.39673100 0.59654200
v 2.14268550 -0.44239450 0.60961700
v 2.18275700 -0.34976100 0.65198300
v 2.08892738 -0.08149051 0.31323429
v 2.08716875 -0.10229875 0.40578675
v 2.06259064 -0.18206545 0.28846304
v 2.07205600 -0.35141200 0.30677100
v 2.54818482 0.30963574 0.72149709
v 2.67594135 0.56231228 0.66110400
v 2.55041250 -0.12469850 1.60349800
v 2.58031057 -0.07055683 1.60391909
v 2.50339880 1.25392786 0.72720298
v 2.54850464 1.25181961 1.25670369
v 2.55033099 0.00297754 1.63115489
v 2.44367800 -0.39667400 1.61153700
v 2.55406900 0.82083200 1.64937200
v 2.27969863 -0.47570970 1.63235883
v 1.42264650 1.27760000 1.71346900
v 2.50683638 1.25165468 1.62060957
v 2.31236929 1.35019141 1.66465915
v 2.34279100 1.54476300 1.35050300
v 2.19833441 -0.51060360 1.63174959
v 2.36976488 1.35471350 0.82532475
v 2.11169900 -0.51433700 1.63603600
v 2.22177200 -0.51601350 1.61824150
v 2.39664676 1.52232714 1.56768640
v 2.06983920 1.49819809 1.59670665
v 2.29575035 1.47098406 1.10929727
v 2.62042920 0.18929093 0.59958219
v 2.51098900 1.21098950 0.51116450
v 2.01810475 -0.55294275 0.47655350
v 2.08264300 -0.70166650 1.02589750
v 2.00184952 -0.57083344 0.76671075
v 1.99413911 -0.49859650 0.53757601
v 1.98451665 -0.51966538 0.99766766
v 2.29596328 -0.45064531 1.26259142
v 1.99197390 -0.51435649 1.43519887
v 0.75300364 0.37598069 1.56941668
v 0.90034352 0.26984406 1.38691900
v 1.05793900 0.28306700 1.42192700
v 0.98643233 0.46039372 1.45991134
v 0.64253500 0.41813000 1.59433700
v 0.57909700 0.23774700 1.37742700
v 1.03022400 0.55605275 1.51105250
v 0.99257031 -0.24154543 1.42509442
v 0.98174150 -0.37393700 1.39646050
v 0.11359375 0.26088200 1.43123500
v 0.02713155 0.26654674 1.40352232
v 0.04000779 0.40585465 1.46646452
v -0.07401837 0.41439025 1.46843087
v -0.90786750 1.32459900 2.07266450
v -0.97743400 1.29394000 2.14481450
v -0.93331163 1.30298229 2.09289713
v -1.01527900 1.31543300 2.05643800
v 2.29999500 -0.44345175 1.49866700
v 1.98958600 -0.50205100 1.51139400
v 2.01914900 -0.58241500 1.63477300
v -2.19545350 -0.56574400 3.55460150
v -2.24145388 -1.23791575 3.10864750
v -2.20556525 -1.25641785 3.22337572
v 0.46885375 -0.46135650 1.41690050
v 0.50487050 -0.28941750 1.56015150
v 1.00523369 -0.20822175 1.55647525
v 0.46215331 -0.35647882 1.45620358
v 0.31509900 -0.38658525 1.44822950
v -0.00188625 1.32558675 1.49859975
v -1.81330438 -1.12803688 1.27064840
v -0.44376145 1.29333207 1.93096511
v -2.31066975 -0.83321925 1.92837550
v -1.97942700 -0.79588700 4.31923200
v -1.89240601 -0.70744492 2.30728918
v -2.28185763 -1.01741693 4.04020352
v -2.23187842 -1.21893850 3.90879881
v -2.19899600 -1.23949650 3.87364050
v -2.28966000 -1.21289725 3.89453100
v -2.19011100 -0.51569687 3.82902175
v -2.23143062 -0.61986375 3.77521700
v -2.63523367 -0.29673873 3.38349438
v -2.63454800 -0.30629000 3.41968000
v -0.12576459 1.25557454 1.77110501
v -0.15470725 0.85957775 1.76508975
v -0.24354725 1.27098375 1.76573350
v -1.06224883 1.24940201 1.74961156
v -0.62887560 1.46454927 1.68066694
v -1.44858944 1.24748363 1.85854619
v -2.04825476 1.45729768 1.71219866
v -1.26285304 1.45561169 1.70749601
v -0.51850500 1.45581450 0.93984250
v -1.82304314 1.25709378 1.73455352
v -2.43829000 1.43986250 1.70892050
v -1.19418144 1.43117817 2.69213363
v -1.29006950 1.43619150 3.04361150
v -1.42812388 1.45502913 2.32425012
v -2.60305661 0.48981716 1.09349399
v -2.61172702 0.12604190 1.22580793
v -2.65717030 0.14272547 1.65721811
v -2.48502666 0.03944086 1.72593321
v -1.90977879 -1.21855848 1.66185424
v -2.62865775 0.61278050 3.60922100
v -0.09676834 -0.52715484 1.58236803
v -0.06468641 -0.25968504 1.38772840
v -0.00792600 -0.26173500 1.55262800
v -2.42013042 -1.16985972 2.05146935
v -0.45390877 -0.30499309 -0.47761154
v -0.58910938 -0.22380592 -0.37661978
v -0.49378400 -0.41208125 -0.49172750
v -0.48290505 0.06950855 -0.37363901
v -0.40881300 0.12455250 -0.15253950
v -0.44532350 -0.11875863 -0.26996862
v -0.43512982 -0.05943382 -0.10196619
v -0.52004618 0.06282055 -0.02109827
v -0.46106700 -0.08955450 0.05988650
v -2.52673306 1.50357947 -0.99720234
v -1.80122350 1.44956450 -1.10177700
v -2.10841210 1.46923189 -0.95831733
v -2.65151080 1.42443927 -0.81703771
v -2.48140194 1.48339106 -0.71703075
v -2.61981887 1.45209949 -0.16761552
v -2.11675975 1.44747225 0.38246550
v -2.57681250 1.30268750 -1.02808675
v -2.66151840 0.99621472 -0.61820279
v -2.59814098 1.44365106 0.34804770
v -2.64429666 1.22767755 -0.71288112
v -2.65490100 0.96315600 -0.37182300
v -2.65917703 0.95736603 -0.42498261
v -2.68721100 0.96307050 -0.49912350
v -2.66134136 0.93597570 -0.56525289
v -2.64662300 0.88519700 -0.80657700
v -2.61735901 1.25440755 0.41648747
v -2.62101424 1.17813656 0.80275143
v -2.58411186 1.45162385 0.77179302
v -2.66547376 1.16030114 0.42968864
v -2.57617316 1.12498946 1.21356496
v -2.42900800 1.45674500 1.68573400
v -2.69400458 0.93114761 0.46126409
v -2.58609275 1.05698025 0.88181125
v -2.55255080 1.44473710 1.36279822
v -2.46025392 1.03019780 1.54866003
v -2.56291915 1.38494925 1.70870893
v -2.68422585 0.88942472 0.70046650
v -2.50743925 1.20945788 1.69025588
v -2.57529177 1.01180190 0.97566360
v -2.61226025 1.15249575 0.96163775
v -2.57461952 0.86978802 0.84108935
v -2.48481614 0.92165648 1.04858692
v -2.60535069 0.79734006 0.75200025
v -2.48595925 0.82672675 1.09216669
v -2.52743394 0.84982450 1.50812056
v -2.63053442 1.09533961 -1.17754076
v -2.12431912 -1.25383093 2.88457597
v -0.40288750 0.26018900 -0.17412500
v -0.34798900 0.19242800 -0.09812500
v -0.35160500 0.17004000 -0.09084900
v -2.56855300 -0.10215200 2.33771100
v -2.55127973 -0.29467538 2.34972023
v -1.96313316 -0.75801542 0.92555982
v -2.02606875 -0.77894275 0.91117925
v -1.91757400 -0.80315150 0.95695750
v -2.07341000 -0.75929100 0.91943200
v -2.17314000 -0.74094900 0.92191400
v -2.16095602 -0.70773286 0.94818333
v -2.28705500 -0.40492500 0.96534000
v -2.22882792 -0.40009098 0.99760612
v -2.09360850 -0.75061463 1.06334750
v -1.49514274 -1.01449525 1.54732354
v -1.97572224 -1.22224879 1.84657112
v -0.98131263 1.31917088 2.13105725
v -0.72069200 1.31280800 1.93028900
v -1.67039316 -1.08535497 1.34098034
v -2.41977650 -1.11769400 2.05449450
v -0.42885819 0.52842452 -1.04267941
v -0.47606031 0.65000706 -1.06683331
v -0.44912019 0.21464987 -0.87607706
v -0.37466243 0.04975979 -0.95380302
v -0.45942180 -0.19658175 -0.86554916
v -0.41111331 -0.06464756 -1.05105438
v -0.47066150 0.18630225 -0.47830725
v -0.43644800 -0.40806500 -0.85796275
v -2.52383175 1.48102700 -1.08596750
v -1.44864872 1.43714077 -1.04354847
v -1.35939550 1.44467250 -1.10796500
v -1.13004775 1.44689987 0.60268150
v -1.44393126 1.44439052 0.22644355
v -1.57328125 1.44833475 -1.09315900
v -1.62500375 1.44960250 1.20488025
v -0.45208150 -0.34504575 -0.13108975
v -0.40625664 -0.32061993 -0.08731682
v -2.43942000 0.18919500 2.08222400
v -2.43773600 0.68403088 2.07236625
v -2.40046955 0.28492437 2.05358432
v -2.39763900 0.19242800 1.94237600
v -1.95475650 -0.52108650 1.54364550
v -2.11951849 -0.53629396 1.48172334
v -2.20461900 -0.63894400 1.53148150
v -2.61997033 0.02373905 2.51871346
v -2.60451900 0.01105700 2.45560900
v -1.68352336 -0.80637168 0.90440691
v -1.59634611 -0.80063812 1.05428542
v -1.53219518 -0.90922385 1.18195319
v -1.72020775 -0.93373875 0.98998400
v -1.89357450 -0.82581150 0.95798000
v -2.16833400 -0.70873162 1.36145488
v -2.22897603 -0.61435884 1.45377399
v -2.22928400 -0.59872550 1.42872450
v -0.43251251 0.24523658 -0.05903190
v -0.43068537 0.24717588 -0.05635562
v -1.85942450 -0.80493950 2.82392100
v -1.07181850 -0.89447900 4.33182975
v -1.09897550 -1.12497750 4.14551500
v -2.60514103 -0.52983480 0.78270943
v -2.60518550 -0.10771200 0.80794550
v -2.67817584 -0.68199161 0.82488277
v -2.61453187 -0.72987925 0.64546387
v -2.59306500 -0.21463500 0.98491600
v -2.67538813 -0.98513911 0.95085731
v -2.64821550 -1.00319250 0.92552600
v -2.61028700 0.81035050 0.60273450
v -2.57206400 0.75123400 0.76091700
v -2.61071381 0.71186975 0.72577492
v -2.61731263 0.65885587 0.78463700
v -2.60269150 0.83793100 0.50688800
v -2.60836425 0.85296926 0.55976388
v -2.66431900 0.89870900 0.56637700
v -2.36926181 0.75326562 1.04163683
v -2.41546589 0.76822100 1.37209375
v -2.41640050 0.76296225 1.01321606
v -2.47009675 0.79087350 1.41918225
v -2.11821290 -0.81771291 1.24987624
v -2.14867000 -0.76269600 1.34669400
v -2.16767750 -0.40593900 1.27684200
v -0.42156129 1.27370764 1.74660707
v -2.41628604 1.41804969 2.32381238
v -1.28353242 1.44595646 2.44389457
v -1.09122303 1.45185344 2.76143675
v -1.22367475 1.44663275 2.42456400
v -2.32228463 -0.91694063 1.56626433
v -2.28685425 -0.73258462 1.60799462
v -2.27420620 -0.86465470 1.82929078
v -0.60671003 1.47193711 2.51596264
v -0.52957787 1.45697025 2.65725394
v -0.70760600 1.46225000 2.26757800
v -2.30247775 -0.51251975 1.73259000
v -1.56744200 -0.94057000 4.42267400
v -1.87920000 -0.35057200 2.87628200
v -1.89187300 -0.35141200 2.90474300
v -1.89077800 -0.35141200 2.82872700
v -2.43392503 1.22731321 1.99118428
v -2.41675550 0.81426500 2.03413650
v -2.41172812 0.80399738 1.73800100
v -2.43159181 1.20681091 1.78720323
v -2.57721210 0.73173364 1.69754497
v -2.03578025 1.24634650 1.93364687
v -2.66892485 0.53547117 1.69035860
v -2.58140473 0.72882503 1.16988717
v -2.44965300 0.73168500 1.00567350
v -2.48988900 0.73552400 0.98044300
v -2.08358819 -1.24133044 0.65452256
v -1.90874225 -1.19204488 1.08449388
v -2.08936799 -1.23602240 0.70005773
v -1.66771326 -1.22253147 1.00444401
v -2.01250399 -1.22384978 1.19967500
v -1.47775673 -1.23610358 1.63844007
v -1.51254700 -1.26210000 0.88076550
v -1.83020208 -1.24244584 1.48400324
v -1.89553650 -1.20044600 1.29741700
v -2.62230755 -0.21759416 0.92968649
v -2.64948200 -0.58928925 1.03781675
v -2.05943163 -1.11069337 4.42180463
v -1.82073075 -0.43699850 2.42190238
v -2.36017983 -0.75135609 1.65130861
v -1.80945650 -0.31994825 1.06035325
v -0.91238075 -1.09125125 4.61550825
v -0.91740391 -1.22130895 4.51312858
v -0.93354004 -1.08820869 4.48782366
v -0.81942000 -1.23865800 4.53789650
v -1.02814700 -1.25240250 3.95503300
v -1.22220700 -1.17806150 3.85367250
v -1.06471541 -1.23891701 4.11116889
v -1.13493800 -1.11959100 4.01268950
v -2.29516675 -0.88603000 4.13400850
v -1.70558391 -1.25278044 3.18764154
v -1.86531088 -1.24537063 3.00090475
v -0.49138944 -1.24939162 3.55766413
v -1.72933000 -1.24486162 3.85284713
v -0.62646430 -1.24279944 3.52033573
v -0.86463223 -0.65060623 4.70489050
v -0.89023513 -0.78445063 4.67618800
v -0.82314363 -0.27237921 4.73910466
v -1.80014294 1.44328894 2.26454362
v -2.46216021 1.42477616 2.96926729
v -2.53387400 1.28010500 2.10751100
v -2.53027395 1.28495764 2.17654509
v -2.66577729 1.20150291 2.46429614
v -2.66711900 1.14401500 2.28041200
v -0.06238300 0.22578400 1.56898400
v 0.07154500 0.14645800 1.73561500
v -0.04514213 -0.01099100 1.58975500
v -2.37410609 -0.32257319 1.69499475
v -2.36779845 -0.50150516 1.88989960
v -2.42893900 -0.26482500 1.68548100
v -2.37412100 -0.08160450 1.67537200
v -2.37783900 0.78158600 1.67986000
v -2.34392082 0.27815361 1.74663972
v -2.35866179 0.78595366 1.69720047
v -2.38771750 0.78098500 1.87172400
v -2.47856150 1.27888900 2.04103025
v -0.86138650 -0.98848975 4.73125887
v -0.69501995 -1.08558950 4.75364951
v -0.03478650 0.23297875 1.48737250
v -0.09125450 0.28709850 1.47443500
v -2.42874058 1.45018938 3.90766156
v -2.45957474 1.22121776 3.83745757
v -2.58246401 1.14110191 3.68090024
v -1.33907808 1.44586475 3.44508092
v -2.53927235 1.22012960 3.55449985
v -2.54258029 1.13546138 4.13375916
v -2.41446332 1.44420522 3.34165743
v -2.43302200 1.48474125 4.68462205
v -2.41973686 1.23411271 4.30877687
v -2.51185475 0.57688925 4.65134050
v -2.49551876 1.19140476 4.66951885
v -2.49633359 1.21918786 2.93394900
v -2.57430500 0.64610600 3.72992800
v -2.65249211 1.20692683 3.27857818
v -2.59779358 0.72454038 3.64512495
v -2.66072781 0.39731781 3.55384181
v -2.02891550 1.46323800 4.61418800
v -2.55929521 0.59509441 4.60431891
v -2.41237200 1.40966025 2.18012275
v 0.04776187 -0.32741725 1.45415150
v -0.04310374 0.14458238 1.63527889
v -0.06418040 0.24011616 1.51712425
v -1.59807523 -0.48440432 1.56289822
v -1.52911275 -0.45413400 1.57137975
v -1.74259113 -0.50798475 1.50740487
v -1.47075600 -0.53269200 1.48455500
v -1.52831600 -0.53269200 1.85104900
v -2.19809525 -0.49352300 1.83760300
v -2.14044044 -0.44616107 1.97160082
v -2.25694476 -0.14278814 1.91582087
v -2.19797500 -0.40400050 1.90825025
v -1.60146628 -1.07632578 4.38191148
v -1.81726545 -1.01186880 4.53335907
v -2.35997307 -0.43409482 1.98182948
v -2.57813100 -0.30609200 2.60237000
v -2.55551400 -0.32840900 2.61142400
v -2.53517950 -0.37424300 2.67267200
v -1.83946775 -0.98589050 2.33847350
v -0.89383719 -0.54364911 4.31879328
v -2.29883932 0.32336436 4.60202851
v -2.46961037 0.41547750 4.62185175
v -1.57941907 0.24642174 4.60078386
v -2.09337592 -0.13509149 4.59520070
v -1.41633296 -0.29514228 4.60757558
v -2.21766915 0.70864858 4.65868430
v -2.10349638 -0.17261750 4.58873187
v -2.04850475 1.41928950 4.64366775
v -0.95486400 0.28159700 4.58179700
v -0.88539100 0.39956600 4.64926300
v -0.96604150 0.56678412 4.62055395
v -1.40085000 -0.39673100 4.60474700
v -0.94065625 0.63175825 4.61298650
v -2.00012149 1.18713858 4.65372292
v -1.42829700 -0.53269200 4.13482850
v -1.37952387 -0.57828031 4.19154374
v -1.37436950 -0.59738800 4.23318000
v -1.32302450 -0.49326550 4.23109150
v -1.30110134 -0.53139365 4.25185042
v -0.03928600 1.44930400 3.21768300
v -0.04819446 1.46253020 3.21713868
v -0.05799200 1.44107800 3.01573200
v -1.08815600 1.45925300 3.91551100
v -1.92519300 -1.22852350 4.20570850
v -2.06239034 -1.23223386 4.41806990
v -1.35787163 -0.73937958 4.14097502
v -1.33546600 -0.66865100 3.97855800
v -1.30907200 -0.66865100 3.94030900
v -1.26765700 -0.66691500 3.90137600
v -1.29262500 -0.71397100 3.89807700
v -1.25285800 -0.70936500 3.86402900
v -1.27435209 -0.76329801 3.84749516
v -1.27293200 -0.96203000 3.85713300
v -1.30617400 -0.73663100 3.91706100
v -1.31594002 -1.02512180 4.06606143
v -0.11503950 -0.29264462 3.62024844
v -0.17724409 -0.47348631 3.59746601
v -0.07767900 0.37343800 1.84007600
v -0.06217500 0.32836800 1.87523300
v -0.04908000 0.28333700 1.89605800
v -0.05578000 0.32706800 1.91485300
v -0.06274000 0.50953900 1.74926500
v -0.06239000 0.49053200 1.75372300
v -0.10522900 0.53697500 1.76021100
v -0.06238500 0.50970300 1.74062900
v -0.07121175 1.28573663 2.77816325
v 0.05478564 -0.51587048 2.71584409
v -0.08878100 0.14685000 1.68489300
v -1.79081363 -1.11348750 4.26711625
v -0.09943600 1.43868250 4.56031450
v -0.57350466 1.45884217 4.60590831
v -1.44205825 1.02410425 4.63886275
v -1.51996081 1.47579691 4.60982383
v -1.07028150 1.46173738 4.00205775
v -0.06253507 1.39432137 4.59470727
v -1.39805502 1.35164178 4.65121663
v -0.05294200 1.45123000 3.84893700
v -1.98326650 1.47338150 4.59809350
v -0.05209400 1.12954050 4.56720350
v -0.02411221 1.44012531 3.51390188
v -0.00376700 0.57930400 2.09707200
v -0.00451854 0.59852695 2.76345302
v -0.04432050 -0.03891900 3.19478650
v -0.05798980 -0.40318177 2.72499139
v 0.00260750 -0.54874600 2.61236225
v -0.02482403 0.59398370 2.30724768
v -0.05349900 0.60052500 2.04123400
v -0.05480200 0.62666500 2.04895700
v -0.05740600 0.60029900 1.99631800
v -1.57909775 -0.90741500 4.59672700
v -1.58262945 -0.87085851 4.59650388
v -1.65261400 -0.80872300 4.59369900
v -1.54924675 -0.79253100 4.58976100
v -1.33509069 -1.12863963 4.13341600
v -1.38589000 -0.98589100 4.25127300
v -0.14924097 -0.76706150 3.73980813
v -0.80418202 0.55479304 4.72672021
v -0.16640349 -0.08459021 4.71851418
v -0.16610794 0.56806853 4.72334932
v -0.91649065 0.07861643 4.58607004
v -0.91582700 0.60030600 4.61260100
v -1.01213300 0.23471300 4.57963600
v -0.13397639 0.61645996 4.59429771
v -0.09019950 1.10742025 4.58209425
v -0.07461929 -1.01507978 4.58408616
v -0.05942023 -0.13760267 4.57542320
v -0.14536300 -1.02483700 4.72296200
v -0.02184602 0.45309236 4.52258215
v -0.06730237 -0.77662513 4.14912987
v -0.09515750 -1.03114750 4.51957450
v -0.09833788 1.48271347 4.53599322
v -0.26803500 1.46138500 4.57969500
v -0.06281850 1.43966000 4.50963150
v -0.03703550 1.43356750 3.83195250
v -0.03165243 1.45333276 4.13550011
v -1.36869078 -0.44784157 4.36621863
v -1.40803038 -0.43101612 4.55330875
v -1.65646351 -0.49431875 4.57788174
v -1.38082450 -0.41932300 4.57859375
v -1.53681225 -0.46230175 4.54806475
v -2.18573800 -0.51694800 4.37041300
v -2.12047133 -0.47545799 4.60413422
v -2.18024799 -0.50354776 4.39997091
v -2.24454675 -0.17410175 4.45494350
v -2.16564986 -0.16480012 4.48011190
v -2.08679400 -0.21650650 4.58216975
v -0.08151200 -1.21452300 3.44294000
v -0.05282034 -0.65980431 3.56325187
v -0.05503700 -0.55559550 3.59636400
v -0.13755150 -0.15669275 3.66272800
v -0.04924986 -0.44858758 3.60469099
v -0.04593700 -0.35163800 3.59052600
v -0.03917750 0.00740175 3.49103550
v -0.04031503 -0.11769622 3.57343162
v -0.33503325 -1.22064825 3.47917000
v -0.11097500 -1.21046300 3.75300100
v -0.08964639 -1.25462568 3.70238223
v -0.23034548 -0.86631260 3.60465161
v -0.19231988 -0.83468184 3.65446203
v -0.31981192 -1.23121072 3.57820965
v -0.40287025 -1.23767213 3.73579462
v -1.88692300 -1.22961500 4.17273100
v -2.02572885 -1.25710888 4.02786127
v -1.87455225 -1.24939538 3.49599313
v -2.06990400 -1.26005950 4.08034500
v -1.22257163 -1.24224450 3.90797250
v -0.50757981 -1.22452811 4.63711288
v -0.14436500 -1.09750750 4.68273950
v -0.83123850 -1.20722300 4.66424300
v -0.60000550 -1.25781000 3.93427700
v -0.16254519 -1.22644683 4.63336279
v -1.16189058 -1.24121527 3.79723842
v -1.52270050 -1.24049400 3.68628100
v -0.07198350 -0.85842800 4.16682400
v -1.33480022 -1.24950097 3.98259590
v -1.35742250 -1.25781000 4.00867000
v -2.14352200 -1.24310100 3.89914650
v -2.41770512 -1.04684175 4.00781950
v -0.06147814 -0.69382256 4.40066868
v -2.36398975 -0.46053625 3.86827550
v -1.67648800 -0.51873300 4.13484350
v -1.60106400 -0.53269200 4.12935000
v -1.50691776 -0.50806701 4.17994091
v -1.55768500 -0.53269200 4.14293300
v -1.12297196 -0.53434045 4.10301361
v -1.21202734 -0.49896890 4.54317423
v -1.31220281 -0.52947944 4.18351781
v -0.95400027 -0.45979446 4.57793855
v -1.15419461 -0.62506550 3.99843923
v -0.87604500 -0.37782850 4.64588000
v -0.90803800 -0.10061500 4.59349400
v -0.92412625 -0.52379650 4.53023762
v -1.05999600 -0.75929100 4.33292400
v -1.05998700 -0.75929100 4.36300500
v -1.06372700 -0.80461100 4.33143000
v -2.51482600 -0.78594850 3.82227900
v -2.50554697 -0.81726575 3.82851317
v -2.49297100 -0.80461100 3.85688100
v -1.97559850 -1.23264111 3.42544545
v -2.53306838 -0.46161087 3.67593412
v -2.17055063 -0.55540412 3.86024840
v -2.16548900 -0.57801100 3.95401800
v -1.63455075 -1.22418325 4.02974325
v -1.52866406 -1.24540440 4.02756317
v -2.47083225 -0.35004363 3.40286700
v -1.93479752 -1.00420819 3.03954002
v -1.90610050 -1.14633300 2.97155900
v -2.11800600 -0.82588500 2.98184200
v -2.06867986 -0.87234738 3.33884271
v -2.13069250 -0.77236750 3.19643900
v -2.13682217 -0.63961530 2.87451053
v -2.14574775 -0.73373050 2.93557625
v -2.43097921 -0.51414878 3.89365232
v -2.29291773 -0.52118700 3.60343434
v -2.20321600 -0.54477800 3.59971350
v -2.49767236 -0.44138697 4.14569058
v -2.19413788 -0.48575341 4.19914384
v -2.21327079 -0.47645018 4.13162138
v -2.53296958 -0.21334176 4.16684242
v -2.54109500 0.32838700 4.52287200
v -2.48509700 -0.17043700 4.25298600
v -2.54558741 -0.13036152 4.56038437
v -2.47471475 -0.17307975 4.55088450
v -2.03421600 -0.51438300 4.23580600
v -1.66448000 -1.09750500 4.28595600
v -1.57990825 -1.21605675 4.13689400
v -1.70408575 -1.15534312 4.12459506
v -2.59220325 0.21610650 3.70331725
v -2.54467300 -1.07653100 3.34801500
v -2.55803100 -0.81047800 3.46423200
v -2.65221850 0.21419850 3.18069400
v -2.63168950 -0.28519900 3.28058750
v -2.63060800 -0.30790700 3.58227200
v -2.58510122 -0.42151945 3.56935031
v -2.56207600 -0.44205200 3.43868100
v -1.79368875 -0.96401050 2.41806000
v -2.65272700 -0.05340600 2.43495500
v -1.90145838 -1.25690587 2.92139513
v -2.04752309 -1.00800686 4.44783073
v -1.82344050 -0.96323100 4.55801700
v -2.02509450 -0.86196550 4.40129100
v -1.78721136 -0.91627127 2.35700026
v -1.72509132 -0.44619418 2.42094605
v -1.73726759 -0.42027229 2.73652869
v -2.03858303 -0.13246337 2.62747225
v -2.25594536 -1.24010540 2.58729481
v -2.58837250 -0.33177400 3.63483650
v -2.56434710 -0.21906812 3.69103036
v -2.17936675 -0.54050375 3.65550550
v -2.51010500 -0.48992900 3.95422400
v -2.19215669 -0.47274543 3.67986729
v -2.24444100 -0.42742100 3.66347700
v -2.47454972 -1.22131975 3.94498262
v -2.52111831 -1.04628119 3.69159794
v -2.26647513 -1.24273675 3.44415500
v -1.92270675 -1.14369100 3.27173275
v -1.86255450 -1.23227450 3.15733500
v -2.49599200 -0.75929100 3.95330500
v -2.49888800 -0.80461100 4.00096200
v -2.42258437 -0.70195500 4.13748838
v -2.47772238 -0.79950940 4.17836799
v -2.47787400 -0.96323050 4.05819250
v -2.49667083 -0.48064658 3.36843279
v -2.24143869 -0.50684237 3.29861506
v -2.56411097 -0.37888470 3.43408014
v -2.52644950 -0.49720200 3.39586400
v -2.54752525 -0.89945137 2.86190350
v -2.54239798 -1.13975077 2.72754700
v -2.31103600 -1.21249000 2.66048100
v -2.59441463 -0.02082575 2.23749943
v -2.58263790 -0.00179162 1.97155419
v -2.52938200 -0.39673100 2.13371800
v -2.41789746 -0.10223379 2.05076245
v -2.15391525 -0.51734775 2.11252119
v -2.34091831 -1.23982387 1.92519883
v -2.31194300 -1.26145100 1.97559300
v -2.52704969 -1.24145077 3.40291566
v -2.50038500 -1.23232700 3.53660400
v -2.54317000 -0.47007293 3.12709865
v -2.62512900 -0.30729700 3.32984400
v -2.59952987 -0.34294319 2.97363656
v -2.35348932 -0.48280252 2.96424890
v -2.62544170 -0.26658830 2.75892560
v -2.63837500 -0.04716600 2.73353000
v -2.63237900 -0.26042600 2.68327600
v -1.56201900 -0.94910650 1.64228950
v -2.39998334 -1.20016816 1.31481533
v -2.30460638 -0.98003813 1.36715775
v -2.36694350 -0.87318150 1.60074300
v -2.54886364 -0.91569642 3.19939646
v -1.95860573 -0.17058604 2.68238121
v -1.85852056 -0.39219169 2.84227588
v -2.54946002 -0.81368916 2.74686116
v -1.28852605 -1.24119854 -1.36144048
v -1.42669900 -1.25146100 -1.18372600
v -1.19946249 -0.80883178 -1.36594026
v -1.17177400 -1.21715300 -1.33274500
v -1.34338012 -0.52659679 -1.30037919
v -1.46185468 -0.39031160 -1.30009654
v -1.31955675 -0.15587575 -1.27459250
v -1.45531663 -0.74420412 -1.31989800
v -1.62670400 -0.12546000 -1.27146800
v -1.00383075 -0.55256750 -0.95965800
v -2.60050300 -0.06825850 2.37861275
v -2.39120477 0.03134225 1.85772528
v -2.59960100 0.15743600 1.98173600
v -2.36593600 0.14710700 1.85743400
v -2.35555800 0.08816700 1.71514700
v -2.27418425 -0.11232100 1.93992700
v -2.32309310 -0.44605812 2.07079529
v -2.08471295 -0.08292491 -1.30632978
v -2.11503469 -0.78515838 -1.24113325
v -2.29243419 -0.86275621 -1.33890714
v -2.42615986 -1.26161639 2.81830293
v -2.16701400 -0.85842037 2.76050206
v -1.27891800 -1.25895900 0.28214300
v -1.51960399 -0.48218474 1.74031310
v -1.54438472 -0.31179527 1.74976115
v -1.73052900 -0.28501500 1.77009500
v -1.67871612 -1.10323155 1.61925122
v -1.79719500 -1.08250150 1.57254750
v -1.81467600 -1.09701700 1.73640800
v -1.58315850 -1.14427650 1.65774700
v -1.80727050 -1.10050900 1.86061950
v -1.95329000 -1.14884125 1.71731675
v -2.20185465 -1.23057316 1.53678535
v -1.82334775 -1.23527000 1.97575800
v -2.61098328 -0.30007295 0.66432989
v -2.48420955 -0.36144783 -1.10760165
v -2.21940643 -1.23442531 2.27761090
v -1.62774473 -1.23942040 2.14090208
v -1.27205700 -1.24776600 2.10350000
v -1.50156200 -1.22687825 1.74688550
v -2.18656100 -1.25389537 2.91780912
v -2.08439331 -1.07717167 1.49653286
v -2.16638587 -0.78173975 1.39154687
v -2.27324700 -0.94415450 1.38570775
v -2.30500150 -0.83084250 1.56451950
v -0.76117426 -0.51390789 -1.30446636
v -1.02260000 -0.54666800 -1.27108150
v -0.07186988 -1.11134356 1.42247272
v -0.10155200 -0.98589100 1.48802500
v -0.44012681 -0.80070412 -0.08788044
v -1.76688300 -1.16717000 -1.18755700
v 0.01684600 -1.21390300 1.92189900
v 0.04168300 -0.50418300 2.13559400
v 0.03789600 -0.43145700 2.01117000
v 0.04186600 -0.36503600 2.19407900
v 0.03780400 -0.34774900 2.10676400
v 0.03750700 -0.26980000 2.04531400
v -1.99359200 -1.16853200 1.56425500
v -1.16786021 -0.66238941 -1.28857371
v -0.98996400 -0.51283250 -1.27105300
v -1.29355600 -1.25631225 0.89200831
v -1.16849147 -1.23445982 0.58809194
v -0.11401969 -1.22926458 1.45543025
v -0.83750997 -1.24034624 0.58008024
v -0.78374350 -1.23235350 0.44113000
v -0.96798800 -1.03121100 0.59699000
v -1.86202600 -0.71397100 2.83018900
v -2.28479700 -1.21249000 2.62216900
v -2.25254100 -1.14293500 2.58626500
v -1.71248252 -0.84333419 1.34402350
v -1.74789412 -0.79495950 1.32352837
v -0.06554854 -1.22734716 2.87181175
v -0.33091500 -1.22527300 3.45641000
v -1.90756700 -0.73813900 2.82200600
v -1.97899650 -0.73236075 2.78881625
v -1.44031225 -1.07987175 1.67775975
v -1.50229661 -0.96073348 1.72749288
v -1.54677178 -1.24880857 1.85931551
v -1.77058900 -1.21444300 1.99619000
v -1.71108460 -1.08429568 2.01083493
v -0.28749031 -1.25089035 -0.16156865
v -0.87597037 -0.01319550 -1.38802788
v -0.81118008 -0.04035480 -1.42741221
v -0.20556787 -1.16128425 -0.35999175
v -0.65885800 -1.12568850 -0.17512075
v -1.22480041 -1.23410835 0.15058124
v -0.03532450 -1.20195075 2.51505800
v -1.77450130 -1.24451844 2.37141462
v 0.01954977 -1.22077518 2.12715914
v -1.28439300 -1.24433350 1.69367125
v -2.34746600 -1.26174600 2.45756100
v -1.34510450 -1.24236955 1.74206049
v -1.43504037 -1.22436975 1.78838487
v -0.04784000 0.12018500 1.89420350
v 0.01583400 0.10184600 1.92137000
v 0.02527200 0.05652600 1.92521600
v 0.02643600 0.10177600 1.95560300
v -1.49482681 -0.57517081 1.50276169
v -2.10657400 -0.53028400 1.86363300
v -1.80803800 -0.85058800 2.81773300
v -0.44821800 -0.12481200 -0.01093300
v -0.42479000 -0.12481200 -0.02822300
v -0.47556500 -0.13550450 0.00252750
v -0.45083500 -0.11157700 0.03683600
v -0.06713300 -1.21152200 2.63016300
v -0.65649250 -0.76457800 -0.88844275
v -0.72870488 0.55350063 -1.40370613
v -1.37654800 0.07443700 -1.36696000
v -0.70307525 0.19791850 -1.40074575
v -1.41199975 -0.07994000 -1.31601975
v -1.08823900 -0.07916300 -1.27326500
v -0.03281150 -1.22404250 1.89605950
v -0.03453071 -1.23034852 1.71969550
v -0.09324050 -1.20613750 1.43659163
v -0.00302632 -0.24228563 1.75329287
v -0.07766369 -0.49007738 1.67904695
v -0.00926986 0.02589123 1.75554973
v -0.07282200 -0.21538100 1.55783000
v -0.10710325 0.12340500 1.76314900
v -1.90957206 -1.12042244 -1.37767304
v -1.94612400 -0.91536750 -1.37031575
v -0.06336900 -1.21230400 -0.80972900
v -0.05667903 0.24458842 1.76686601
v -0.05591300 0.29848500 1.83997500
v -2.09158025 -0.56668150 1.99079200
v -0.06593288 0.42936962 1.59693150
v 1.70769824 1.12674414 -4.70394637
v 1.80327300 1.09795200 -4.71728800
v 1.72572750 1.16055150 -4.69667400
v 1.48947900 1.05205300 -4.69829900
v -0.71798517 0.50175461 -1.37675522
v -0.56198229 -0.76247188 -0.01693404
v -0.59306175 -0.63479450 -0.10552725
v -0.32924086 -0.75610636 -0.04220312
v -0.80821350 -0.67769350 -1.08255100
v -0.81922360 -0.68172880 -1.13160718
v -0.37830806 -0.10815785 -0.22986464
v -0.39484075 -0.22624625 -0.09575250
v -0.56614575 0.15896500 -0.01220150
v -0.53797750 -1.18520100 -0.07169200
v -1.62231375 -0.96332425 1.31484300
v -2.46319387 -0.42049700 1.44047512
v -0.67635300 0.69116100 -1.39508500
v -0.66481700 1.06369500 -1.38709600
v -0.63298000 0.68378200 -1.41017800
v -1.14799841 0.83696891 -1.44945554
v -0.86566513 1.20855264 -1.37712544
v -1.12988279 1.23924129 -1.28115741
v -0.62709100 1.28625700 -1.28913600
v -2.02505200 1.47857514 -1.26045867
v -1.56077137 1.20609951 -1.37500576
v -2.07361942 1.45561282 -1.29246590
v -1.91674050 0.28736550 -1.35724900
v -1.57973519 -0.07275037 -1.34792278
v -1.94126300 0.18850500 -1.35772000
v -1.89882100 0.05636800 -1.35810600
v -1.64609109 -0.01895908 -1.35302393
v -1.89969150 0.00960800 -1.35521300
v -0.70931358 -0.97775309 -0.64960319
v -0.70757900 -0.89591625 -0.78198575
v -0.72712425 -0.92488200 -0.52653250
v -2.07159689 -1.12740380 -1.12423266
v -2.05055500 -1.07653050 -1.11826150
v -2.15128400 -0.96399500 -1.26102350
v -2.14384950 -1.13235100 -1.20233700
v -0.53973992 0.35200288 -0.10968962
v -0.39253688 0.29688175 -0.18501725
v -2.13200650 -1.18459250 0.09358900
v -1.45906250 -0.43794650 1.58362450
v -1.50141150 -0.55298475 1.72734488
v -1.86863322 -1.24975572 -0.59316072
v -2.70024025 -1.02117900 -0.61054475
v -1.15972525 -1.24794000 -0.41781875
v -2.29919049 1.18702503 -1.33912690
v -1.93832100 1.16335447 -1.38107308
v -1.93315654 1.23784614 -1.26120641
v -2.11769324 0.33889626 -1.33604546
v -2.12396875 0.23517950 -1.35108450
v -2.45400650 1.17176783 -1.35133325
v -2.50079548 1.27044533 -1.23315585
v -2.43877190 0.76833306 -1.34624869
v -2.53564513 0.95360287 -1.30488863
v -2.52928740 1.46931935 -1.26623305
v -2.56282800 1.48753000 -1.15039500
v -2.55824550 1.28010500 -1.02342500
v -2.34411200 -0.55545050 -1.33955150
v -1.99864400 -0.62333100 -1.34027700
v -2.07111526 -0.72862160 -1.31268683
v -2.04934400 -0.93824700 -1.33466000
v -1.17714037 -0.99262809 0.48346452
v -1.17182925 -1.00781450 0.50699425
v -1.17468650 -0.97617850 0.38166800
v -0.84846075 -0.97725223 0.37685623
v -0.81849700 -1.06906400 0.47544800
v -0.85652000 -0.98589100 0.35012500
v -2.55917619 -0.27941254 1.14596404
v -2.64612515 -0.15576495 1.11560821
v -2.60492600 0.71382200 0.87246800
v -2.23009345 -1.22361572 -0.07634671
v -2.66959079 -1.12420788 -0.63706734
v -2.33865336 -1.23715988 -0.79302272
v -0.79833150 0.63535575 -1.42475725
v -1.48361176 0.69580043 -1.38899297
v -2.20332650 -0.46293300 1.28911200
v -2.18595800 -0.44205200 1.29486800
v -2.34434150 -1.04891925 -1.07310975
v -2.06607050 -0.51830700 1.80517400
v -2.00079800 -0.53269200 1.83550400
v -1.94826300 -0.53084400 1.83362100
v -2.00827200 -0.55557500 1.85417100
v -2.57862800 -0.44182900 0.51747200
v -2.59228250 -1.16512700 -0.58516100
v -2.49893930 0.72777581 -1.20825636
v -2.48793400 0.50834300 -1.21804600
v -2.64880338 0.58509593 -1.11159149
v -2.64587300 1.14190100 -1.15928400
v -2.63204838 0.89431170 -0.08526232
v -2.64011900 0.94968750 0.01497925
v -2.54936400 1.18946500 -1.18402600
v -2.53119250 1.21212500 -1.18654750
v -2.56282800 1.21792400 -1.15039500
v -2.64498990 -0.24617246 -1.05759400
v -2.62739500 0.04876875 0.14284713
v -2.63014181 0.42497791 0.24863606
v -2.61469347 0.63356873 0.36748945
v -2.62622863 -0.05399516 -0.20487248
v -2.62468505 -0.41033728 -0.25572876
v -2.58428025 -0.44340225 -0.13630750
v -2.61677381 -0.40350619 -0.65728306
v -2.64290287 0.52735650 0.52062000
v -1.77095100 -0.28626800 1.16811150
v -1.92404125 -0.03105925 1.32958775
v -1.85992431 -0.34744941 1.26569054
v -1.79143300 -0.48177100 1.31253400
v -1.86025725 -0.57534800 1.31733775
v -1.89658194 -0.07081901 1.39713316
v -1.97002700 -0.32922850 1.27264950
v -2.24649198 -0.52280306 1.37486515
v -2.23391900 -0.49222100 1.32036600
v -2.38178043 -0.52380822 1.53464460
v -2.21907775 -0.56651600 1.39619800
v -2.37681717 -0.38957583 1.49765735
v -2.36409525 -0.48198412 1.63597788
v -2.59808375 -0.17975000 1.32779750
v -2.62068478 -0.23850713 1.42920451
v -2.55881100 -0.35108800 1.33518100
v -2.56450300 -0.39640800 1.32746000
v -2.57952900 -0.48082800 1.32351000
v -2.65058050 -0.11876475 1.49200425
v -2.57071600 -0.48706300 1.27664400
v -1.78466322 -0.45091678 -1.36064053
v -1.75978300 -0.06077800 -1.25984900
v -1.94340923 -0.00554208 -1.25692867
v -1.84949275 -0.38676637 -1.27595660
v -1.89370925 -0.82569550 -1.38630525
v -1.81008159 -0.75641434 -1.36062406
v -2.23355009 -0.48283752 -1.30822582
v -2.31249848 -0.35386637 -1.19258684
v -2.40741700 -0.08580056 -1.29462005
v -2.36757800 0.73595550 -1.33816200
v -1.99473100 0.19085250 -1.35676000
v -2.00121612 0.26593424 -1.34047618
v -2.00885800 0.28242200 -1.34040600
v -2.47017695 0.20766040 -1.27400883
v -2.46701244 0.56622348 -1.31580831
v -2.44586884 -0.27129819 -1.15271856
v -2.50175425 0.50904325 -1.24965875
v -2.07217300 -1.12185000 -1.28692300
v -1.99880874 -1.22983551 -1.29792890
v -1.69194056 -1.23706944 -1.12394873
v -2.03279766 -1.15585447 -0.91824850
v -1.93465567 -1.24520274 -0.66945250
v -2.21217604 -1.16610124 -0.78178688
v -2.64374024 -1.23191323 -0.48056399
v -2.07469964 -1.22546622 0.05071971
v -1.90673800 -1.20893363 0.06188737
v -1.89676577 -1.23958398 0.17945106
v -2.55350338 -0.46881363 0.03054750
v -2.73041447 -0.35200085 -0.02801156
v -2.70393200 -0.21340950 0.18859800
v -2.68390448 0.00446203 0.22005436
v -2.72715000 -0.30564500 -0.12950900
v -2.64108200 0.12388700 0.16210450
v -2.59837057 -0.37315182 0.01849056
v -2.63369066 0.04872684 0.73800689
v -2.64877675 0.55751950 0.60191800
v -2.60068338 -0.38753600 0.62429462
v -2.61839075 -0.06156000 0.83859075
v -0.71000000 0.15670000 -1.37970500
v -0.84932800 0.05346500 -1.37669400
v -0.87346594 0.00746893 -1.37904432
v -0.87120900 -0.01067950 -1.38950350
v -0.73883308 0.01010804 -1.37242744
v -0.74450250 -0.02395850 -1.39795500
v -1.00050300 -0.07526600 -1.37441350
v -1.03973800 -0.08010500 -1.27556200
v -1.00486600 -0.13000000 -1.27453200
v -1.01021350 -0.07668750 -1.28546000
v -1.39629819 -1.26402489 -0.03202131
v -1.04419747 -1.23835972 -0.25862004
v -1.14922475 -1.24452800 -0.35259400
v -1.03711325 -1.09861750 -0.24097325
v -2.17487889 -1.05109638 0.15112876
v -2.21201331 -1.01296756 0.17724487
v -2.12301650 -1.10817875 0.09752700
v -2.17193825 -1.12300775 0.31496425
v -2.13406400 -1.12812600 0.33930900
v -2.16791200 -1.25884100 0.56731600
v -2.09199000 -1.13230500 0.35615200
v -2.01180750 -1.24668100 0.51134350
v -2.13315499 -1.24516822 0.51370540
v -0.84098606 -0.82096692 -0.60206668
v -1.85613900 -1.16728200 -1.45581000
v -1.43571750 -1.23197550 -1.21174500
v -1.47227736 -1.16759331 -1.18733887
v -1.41238225 -0.78219000 -1.30174775
v -1.67007366 -0.72978381 -1.15530035
v -1.76912100 -0.74458750 -1.22317650
v -0.61344600 -1.06538600 -0.17110500
v -0.34504156 -0.59495494 -0.04594513
v -0.38301329 -0.54289411 -0.01238596
v -0.35207600 -0.23858250 -0.05599700
v -0.53156115 -0.18413805 -0.00798572
v -0.48434175 -0.10133987 0.09239650
v -0.55772527 0.01103169 0.15648880
v -0.58739175 -0.03250812 0.04610638
v -2.50011487 -1.20448856 -0.54447694
v -1.88040507 -1.25440359 -0.22466195
v -1.74005926 -1.23863462 0.19718670
v -1.84303950 -1.20979825 -0.06880650
v -2.03340600 -1.14877850 0.33086500
v -2.02170000 -1.25672100 0.53074200
v -1.97230054 -1.14014832 0.32276194
v -2.67907250 -1.05664350 -0.53582200
v -2.66566564 -1.05708898 -0.50250599
v -2.62352175 -1.12993975 -0.40640300
v -0.63873600 -0.27844900 -1.29224850
v -0.60133000 -1.14492400 -0.08157650
v -0.77508075 -0.67396425 -1.07224600
v -0.64327750 -1.03199100 -0.57751525
v 1.46883150 -0.85353163 -4.00266812
v 1.48311964 -0.77081868 -3.91581487
v 1.53318225 -0.65927550 -4.17664050
v 1.75880766 -1.23071157 -2.36095273
v 1.74630400 -1.22833500 -2.15901800
v 1.68810100 -1.22151000 -2.13680200
v 1.78837800 -1.22632000 -2.14217400
v -0.70462700 -0.86186900 -0.92427225
v -0.70483407 -0.85219734 -1.01531336
v -0.91332866 -0.68775305 -1.02349595
v -1.00700400 -0.78761600 -1.06091713
v -0.97123275 -0.53466300 -0.98010400
v -0.92962625 -0.51577991 -0.95612599
v -0.73084400 -0.53269200 -0.97087500
v -0.72436200 -0.57801100 -0.99485500
v -0.72444000 -0.53269200 -0.95140000
v -0.79749449 -0.93576276 -0.36537407
v -0.81937994 -0.87776369 -0.62388494
v -0.88578215 -1.08940927 -0.29495567
v -1.04192186 -0.90529476 -0.30311333
v -0.66985769 -1.14224472 -0.11240725
v -0.87924950 -1.18623600 0.07134925
v -0.74199086 -1.14587762 0.05382094
v -1.03942450 -1.07344375 -0.26108413
v -1.09702725 -0.88071200 -0.52659050
v -0.71282500 -1.21249000 0.02958500
v -0.76647260 -1.25574706 0.11916143
v -0.49502607 -1.22382728 0.01385906
v -0.29730675 -1.24171925 0.50406075
v -0.76233700 -1.25316700 0.44911400
v -0.33438400 -1.20758150 -0.01611625
v -0.57275750 -1.20141150 -0.01197400
v -0.19734541 -1.23885835 0.02869436
v -0.17312412 -1.21310275 -0.03655450
v -0.33638707 -0.96899405 -0.00772329
v -0.32631800 -0.95127350 -0.08430975
v -0.58173716 -0.92010144 -0.00107180
v -0.85784175 -0.86458275 -0.77148550
v -1.03299850 -1.03121100 0.57647100
v -1.04823025 -0.99853525 0.48695625
v -1.01022437 -0.99295532 0.55560117
v -0.89366025 -1.03176250 0.50675925
v -0.97359800 -0.98709800 0.61108000
v 1.90867660 -1.19846748 -1.03423934
v 2.04225300 -1.20322500 -3.06748900
v 1.98203184 -1.26333313 -2.75996888
v 1.94690575 -0.99431238 -1.62216012
v 2.17343150 -1.07431825 -4.47276650
v 2.19018847 -1.11139897 -4.50054791
v 1.85308700 -0.83339850 -1.49672150
v 1.86553082 -1.16812127 -1.21469723
v 1.61889950 -1.24099500 -1.08218100
v 2.01660022 -0.60092056 -1.16385995
v 2.10061200 -0.55081850 -1.30089250
v 1.53267518 -0.78382512 -0.60058401
v 1.66243600 -1.23085750 -0.19966150
v -0.57490250 -0.51021350 -0.01801400
v 2.12040375 -1.17724975 -0.98548225
v 1.41993521 -0.67893972 -0.52953595
v 1.47112900 -0.76313500 -0.61809500
v 1.89512400 -1.22596450 0.09077650
v 2.08572640 -1.16567399 -0.18908363
v 2.09782850 -1.10726800 -0.00719600
v 2.16494595 -1.31007918 -3.90340843
v 2.15196337 -1.30740600 -3.96216350
v 2.07666188 -1.28000538 -4.27845075
v 2.11833256 -1.22753196 -4.29133655
v 2.16905888 -1.19616312 -4.28442150
v 2.16161317 -1.24955274 -3.76720931
v 2.12546700 -1.28191900 -3.71581100
v 2.15915400 -1.25061200 -3.79995800
v 1.51289738 -1.24177450 -2.40392900
v 1.60838300 -0.32875200 -2.04561150
v 1.63926800 -0.30995800 -2.01359200
v 1.65320550 -0.32569500 -1.99850400
v 1.65370000 -0.28940900 -2.04964100
v 2.29922440 -0.45520160 -1.80671712
v 2.03557879 -0.73625341 -0.85565053
v 2.01113200 -0.53269200 -0.49722800
v 2.00508500 -0.50414175 -0.78204513
v 2.00627612 -0.51848617 -0.57732743
v 2.08076400 -0.46893500 -0.56025300
v 2.08056340 -1.23334965 -0.90589303
v 2.26715279 -1.25453960 -0.67887127
v 1.51357353 -1.23441089 -1.03251440
v 1.54678863 -1.23139081 -1.12446644
v 0.62514075 -1.23927450 0.24580138
v 1.30934362 -1.23791375 -0.10842125
v 1.06076080 -1.23553886 0.22104674
v 2.18432000 -1.21249000 0.16296500
v 1.47173200 -1.23972900 1.14988050
v 2.16377675 -1.22633235 0.15166316
v -0.01304200 -1.15604000 -0.56896600
v 1.71941916 -0.89707140 -2.03778635
v -0.28806250 -0.96978325 -0.23817712
v 2.32589298 -0.53224458 0.33344857
v 2.22901327 -0.92811991 0.19427314
v 1.60717813 -0.83582462 -4.07225050
v 1.70886859 -0.82998295 -4.05459388
v 1.89012500 -0.75890900 -4.10258200
v 1.52651283 -1.09043330 -3.97441167
v 1.38183650 -1.18863025 -3.83989325
v 1.44470259 -1.23867543 -3.94653731
v 1.69864143 -1.23635912 -3.96203610
v 1.81896850 -1.15948975 -3.93531575
v 2.01575272 -0.67928425 -2.05975016
v 1.99582900 -0.52290350 -1.80679300
v 1.90694342 -0.52875072 -1.90119018
v 1.93554950 -0.51003200 -2.07358000
v 1.70168275 -0.88997450 -1.81030650
v 1.73314047 -0.80754956 -1.80637521
v 1.72965200 -0.73006125 -1.89624000
v 1.82720247 -0.79803501 -1.62825285
v 1.88807450 -0.78637950 -1.51268800
v 1.80262388 -0.78950075 -1.70261200
v 1.80132200 -0.84802300 -1.51903300
v 1.97534191 -1.02064630 -1.64441738
v 1.92283713 -1.05412750 -1.76776700
v 1.90324340 -1.13375872 -1.73231059
v 1.79335825 -0.81582250 -1.62760425
v 1.56985375 -1.22434700 -1.86353250
v 1.58995185 -0.96432649 -1.70365038
v 1.69770850 -1.15053650 -1.62941400
v 1.53417600 -1.24563375 -1.53327200
v 1.56294301 -1.21983097 -1.62041079
v 1.39331250 -1.23706400 -1.85383050
v 1.86405412 -0.79433516 -0.82972389
v 1.40511966 -0.46245485 -0.91667470
v 1.44297500 -0.41036700 -0.91358300
v 2.03675338 -0.45925878 0.25370536
v 2.05803450 -0.42365450 0.38109250
v 1.93582659 -0.51837902 0.10843546
v 2.06055243 -0.04068348 -0.02875136
v 2.03663254 -0.12606709 0.23476308
v 1.87480500 -1.23735900 0.34368300
v 1.64007550 -1.24985687 1.36818062
v 2.17332700 -1.21336600 0.31274500
v 2.10210716 -1.20935493 0.38082652
v 2.13179755 -0.63680397 -0.29348148
v 2.19232150 -0.89528025 0.41552175
v 2.11504664 -0.86364433 0.31084908
v 1.79733600 -1.35176300 -3.99362500
v 1.73706700 -1.34861100 -3.96756000
v 2.68060500 0.01114700 -3.41831200
v 2.69781413 -0.03962329 -3.47482298
v 2.69069800 -0.04035200 -3.53972900
v 2.70631400 -0.07949200 -3.45956100
v 1.88885002 -1.23901649 -3.03737153
v 2.42302772 -0.10156253 -0.65420133
v 2.49290650 -0.07632950 -0.78385000
v 2.47135781 -0.02718325 -0.37097469
v 2.43253169 -0.04940285 -0.40619793
v 2.65629600 0.05208400 -0.77391600
v 2.00754662 -0.54143870 -0.37732999
v 2.01338050 -0.51657000 -0.44439300
v 2.11731250 -0.38783650 0.28389950
v 2.15218228 -0.35364970 0.28646789
v 2.51790700 -0.32978475 -2.78940200
v 2.17470680 -0.47101302 -2.51460261
v 2.12734600 -0.54369550 -1.33017400
v 1.55470700 -1.34647500 -3.84299788
v 2.23292700 -0.80461100 -0.81383600
v 1.35183400 -0.62533200 -3.97825900
v 2.02327700 -1.22783900 -3.80246200
v 2.04132000 -1.22841000 -3.74949800
v 2.05816300 -1.22672600 -3.79157200
v 2.25365700 -0.45779750 -1.60096150
v 2.27402554 -0.09167361 -1.36732668
v 2.29796475 -0.04896512 -1.47752825
v 2.25312023 -0.46552100 -1.33145862
v 2.34675238 -0.09345743 -1.03356602
v 2.37387497 -0.47541401 -0.71810758
v 2.33525475 -0.07477813 -1.09140038
v 2.30372462 -0.47927471 -1.05596525
v 2.38553800 -0.48126550 -0.46879750
v 1.68708700 -0.91008050 -1.67575725
v 2.57175886 -0.08892654 -0.95005123
v 2.21983450 -1.23325600 -0.46101950
v 1.45729200 -1.23415500 -0.23623900
v 1.35922850 -1.23771300 -0.46271000
v 1.42771400 -1.23590600 -0.22436000
v 1.53184650 -1.23512100 -0.24286650
v 0.97562011 -1.29449883 -2.98753795
v 1.85812200 -1.20268675 -1.65049350
v 1.91424200 -0.92265700 -0.87136700
v 2.22154112 -1.01596714 -0.78237540
v 2.38993050 0.05964000 -4.41717200
v -0.40786300 0.09659900 -4.58835900
v -0.31831012 -0.51643721 -4.19138797
v -0.44523801 -0.60865059 -4.05287055
v -0.45033675 -0.48737200 -4.22219350
v -0.35701600 -0.41635900 -4.22148000
v -0.54297575 -0.58339443 -4.29086311
v -0.50426328 -0.44681621 -4.12222461
v -0.58258625 -0.42520237 -4.16719300
v -0.61033023 -0.72374936 -4.13716427
v -0.59531050 -0.81793100 -4.10721100
v -0.29484619 -0.40075538 -4.18567281
v -0.46053427 -0.23682447 -4.05528265
v 2.23541175 -0.43020175 -2.25911600
v -0.17181400 -1.26006700 -3.31741200
v 2.04906488 -0.54124512 -1.71435362
v 2.10432041 -0.49050547 -1.54706366
v -0.02166637 -1.25054690 -1.73299102
v -0.39009969 -1.22368841 -1.80946203
v 1.61075467 -1.24032678 -1.34475141
v -0.35304600 -1.23035650 -1.65861950
v -0.46238375 -1.17899850 -1.90192600
v 1.77429793 -1.13815709 -1.28728167
v 1.93135175 -1.12113250 -1.50025050
v 1.70730525 -1.22788900 -1.52675650
v 1.84874600 -1.21249000 -1.62983900
v 1.88484200 -1.21249000 -1.65149900
v 1.83030900 -1.22649400 -1.63722000
v 1.97550737 -1.16291963 -0.99692187
v 1.71268551 -1.08933558 -3.81565673
v 1.77992213 -1.11149775 -3.93347312
v 1.34787900 -0.75929100 -3.92947700
v 1.33165100 -0.77891700 -3.92784700
v 1.33809200 -0.71397100 -3.92791900
v 2.61154100 -0.16751200 -3.35378000
v 2.58254700 -0.07946000 -3.38093400
v 2.58812950 0.03380700 -3.38281200
v 2.57558800 0.05646700 -3.37690000
v 2.52511900 0.02607550 -3.37422850
v 2.57330000 0.10178700 -3.37118400
v 1.46632808 -0.49684780 -1.76688882
v 1.82172188 -0.40786200 -3.65076431
v 1.75162305 -0.52106513 -3.61698922
v 2.62340900 -0.12322500 -3.36814800
v 2.65217500 -0.11296900 -3.38592650
v -0.19565083 -0.21265564 -4.13895587
v -0.58066838 -1.21882900 -3.90612762
v -0.61180950 -1.24297400 -2.53450900
v 1.56969780 -0.37631266 -1.88321340
v 1.61097250 -0.36242900 -1.95817125
v 1.72931800 -0.91780800 -1.62883400
v 1.77299150 -0.91475300 -1.61090550
v 1.90548347 -1.07494567 -4.07967541
v 1.75579200 -1.22036900 -2.26505700
v 1.90776250 -1.19087700 -2.28251650
v 1.80164150 -0.53186075 -1.99550300
v 1.40758800 -0.47739800 -1.80503100
v 1.41716500 -0.44014500 -1.84743300
v 1.42226400 -0.43330850 -1.89823300
v 1.41628000 -0.53269200 -1.82240900
v 1.46286650 -0.44867600 -1.83313850
v 1.42513200 -0.57928400 -1.84742600
v 1.43132950 -0.54862550 -1.79694250
v 1.45704700 -0.62333100 -1.80230200
v 1.45023200 -0.66640000 -1.78868700
v 1.48837700 -0.62333100 -1.82292600
v 1.74352038 -0.88716035 -1.51107176
v 1.76746425 -0.86994575 -1.58562575
v -0.40086665 -0.34483767 -4.33897027
v 1.36662801 -1.24544226 -3.64868663
v 1.32599700 -1.24065600 -3.79178600
v 1.38608300 -1.24492750 -1.95076250
v 1.61120939 -1.22619917 -2.11936549
v 1.71525112 -1.22477500 -2.23173562
v 1.50217800 -1.22957400 -1.91503400
v -0.62165252 -1.21847863 -2.62892432
v -0.60581786 -1.24668080 -2.81542562
v 1.16284148 -1.26304181 -3.33974032
v 2.21550275 -0.40910825 -3.37457850
v 2.48825069 -0.74755977 -3.61909823
v 2.46131700 -1.03121100 -3.77662400
v -0.40244734 0.18437194 -4.63319312
v -0.57174908 0.25093984 -4.43857821
v -0.57942950 0.14841298 -4.35516135
v 1.88188400 -1.25793800 -3.61832000
v 1.58207962 -1.27119175 -3.46503069
v 1.98203425 -1.22644800 -3.63898675
v 1.99208852 -1.24880041 -3.50242164
v 1.67921976 -1.26227159 -3.44809992
v 1.44679150 -1.26551746 -3.27947219
v 1.33924419 -1.29373871 -3.25488874
v 1.34334900 -1.25781000 -3.49539400
v 1.15172761 -1.31645001 -3.19407465
v 0.91848298 -1.27442616 -2.90906790
v 1.92183550 -1.22191075 -2.62678775
v 0.49469075 -1.25943350 -3.59983850
v 0.95732156 -1.25460760 -3.31083625
v 1.04185362 -1.31822400 -3.26550500
v -0.33834550 -1.21564125 -2.84696850
v -0.30954526 -1.23967629 -2.59160004
v -0.26784844 -0.98383831 -2.79154419
v -0.43436856 -1.24517850 -2.43950350
v -0.33962708 -0.94478803 -2.63858006
v -0.42696700 -1.21869500 -2.68734700
v -0.29818303 -0.72773592 -2.83163666
v -0.40389200 -0.74450450 -2.94637800
v -0.14834050 -0.27255625 -4.24657750
v -0.15592901 -0.40061118 -4.19043043
v -0.12781650 -0.49870175 -4.15855225
v -0.19880052 -0.64562978 -4.13165628
v -0.19816660 -0.76779209 -4.23746828
v -0.29810100 -0.78505588 -4.20223375
v -0.23671009 -0.76321857 -4.11928338
v -0.48500449 -0.90172066 -3.98681993
v -0.20681475 -0.82323925 -4.08159025
v -0.47592250 -1.14550813 -3.98248100
v -0.62772700 -0.25563500 -4.23508100
v -0.62956275 -0.21432000 -4.24842900
v -0.64230600 -0.30610200 -4.21801000
v -0.62172900 0.20307300 -3.37669300
v -0.63872948 -0.80973221 -3.31715102
v -0.64436550 -0.70832950 -3.48762150
v -0.61973289 0.12220978 -3.29253292
v -0.61533000 0.13376800 -2.99267300
v 2.05693700 -1.25118000 -4.03065250
v 2.04621923 -1.28771300 -4.10812966
v 2.11974775 -0.41491100 -2.82137775
v 2.02513450 -0.42342850 -2.79513650
v 2.07506500 -0.43019300 -2.81743500
v 2.08142713 -0.43613437 -3.01859275
v 2.47889900 -0.73471200 -3.62313500
v 2.13446695 0.78220249 -4.65403729
v 1.61020557 0.37085892 -4.60745846
v 2.16492996 1.04320702 -4.55045878
v 2.19898661 0.62173613 -4.45084507
v 2.40143191 1.03552639 -4.45469753
v 0.76199410 0.79037773 -4.54319485
v 1.59583600 -0.28968050 -4.61382700
v 1.51128732 0.97329654 -4.65956607
v -0.40741800 1.05869800 -4.58315700
v 2.42367716 0.73312141 -4.43600901
v 2.43456850 0.80311200 -4.07683600
v 2.38294143 0.85309013 -4.20546806
v 0.12916636 0.62393089 -4.54626198
v 0.05417312 0.83074401 -4.57209886
v 0.16172650 0.25052575 -4.56000725
v -0.42540737 0.77627465 -4.55608611
v -0.19611176 0.77599095 -4.55008081
v -0.63984050 1.02899725 -4.35746688
v -0.63285475 0.36823600 -3.71120400
v -0.67095383 -0.11493735 -4.29485243
v -0.67312876 0.25842930 -4.32305640
v -0.58793189 -0.02115420 -4.45254726
v -0.46816606 -0.10678725 -4.35279594
v -0.62488088 -0.81527213 -3.28275962
v 1.36057036 -0.37142113 -4.04153662
v 1.90698000 -0.39030500 -3.67485725
v 1.99021964 -0.42238043 -3.67567090
v 1.97033000 -0.41414250 -3.56075000
v 2.30778888 -0.30053600 -4.51431319
v 2.32237204 0.04165356 -4.52808490
v -0.47505044 -0.41980256 -4.33091313
v -0.40615900 -0.43792900 -4.24115400
v -0.41031600 -0.44205200 -4.21028200
v 1.88105514 -1.25953671 -3.85793002
v 1.91520825 -1.23689000 -3.72763300
v 1.87175050 -1.30557650 -3.87465750
v 2.02810500 -1.23339550 -3.82647550
v 1.96402209 -1.23128262 -3.78884802
v 1.52450175 -1.25503582 -3.62939631
v 1.49230050 -1.25827050 -3.70156950
v 1.69758500 -1.25781000 -3.62252100
v 1.64008150 -1.26714450 -3.66179150
v 1.74673300 -1.26839900 -3.62334900
v 1.47974450 -1.26147200 -3.44948250
v 1.78707262 -1.32495812 -3.91759875
v -0.09883900 -0.80461100 -4.16693800
v -0.12140244 -1.10746079 -4.12100887
v -0.31033748 -1.21854616 -3.95445435
v -0.16594546 -0.83555136 -4.06900380
v -0.46221300 -1.24677650 -3.89653300
v -0.10898900 -1.26112600 -4.12218500
v -0.21248050 -0.83485937 -4.06522150
v -0.22272250 -1.25133150 -3.53401950
v -0.35228645 -1.25195936 -3.77503951
v 0.94867535 -1.28242910 -4.48031304
v 0.58828113 -1.22530975 -4.54595825
v 0.93916800 -1.25736500 -4.53999400
v 0.22472965 -1.24328866 -4.57376130
v 1.29751539 -1.25578793 -3.96054682
v 1.35216450 -1.18983000 -3.80513950
v 0.16696400 -0.47833100 -4.55640900
v -0.11054646 -1.28350970 -4.56133240
v 1.37108900 -1.05056700 -3.95519625
v 1.28780800 -1.26808200 -4.05115900
v 1.31060232 -1.08736361 -3.79308153
v 0.14347109 -0.67591043 -4.56088450
v -0.18990000 -1.27172550 -4.52314350
v -0.48558431 -0.23979906 -4.15455862
v -0.14926400 -0.07949200 -4.13830900
v -0.17864100 -0.14490100 -4.17852850
v -0.16793500 -0.06695000 -4.16095125
v -0.15248100 -0.12481200 -4.18841300
v -0.66576300 -1.18538376 -4.07157561
v -0.60927341 -1.23352019 -4.12333634
v -0.66828457 -1.08860248 -3.63219663
v 2.08895800 -1.30830800 -4.21859500
v 1.56850155 -0.44701137 -3.82931805
v 1.59749200 -0.43734450 -3.82924350
v 1.57613900 -0.48575300 -3.80679900
v -0.25559687 -0.40992426 -4.10274692
v -0.20621225 -0.40759600 -4.19744550
v 1.35772653 -1.02528572 -4.58159019
v 1.55589883 -0.55268547 -4.57672164
v 1.11183925 -1.27673575 -4.36410825
v 0.61246414 -1.24301057 -4.52628901
v 0.55054063 -1.23067488 -4.53815613
v 0.16318650 0.24911150 -4.55259725
v 0.70736921 -0.04782965 -4.53951829
v 0.17324511 -0.07031707 -4.58426812
v -0.33891350 0.03877350 -4.55594950
v 0.12962337 -0.54722912 -4.57330250
v -0.18917438 -0.34517200 -4.55632900
v -0.12223674 -0.31170892 -4.58686901
v -0.12824050 -1.06284800 -4.58248850
v 1.56124006 -0.22544256 -4.03903556
v 1.51647156 -0.22781575 -4.08530869
v 1.75741503 -0.32024325 -3.99391412
v 1.57415750 -0.32033000 -4.60920650
v 1.55841512 -0.79857425 -4.55221000
v 1.47707806 -1.26709329 -4.55336745
v 1.52985137 -1.31803878 -4.36146011
v 2.47033262 -0.38154027 -4.36441891
v 1.52744525 -0.44715863 -3.59740575
v 1.65696100 -0.48737200 -3.50772100
v 1.63872783 -0.41687963 -3.54634664
v 1.66072562 -0.36581137 -3.56360981
v 1.37854500 -0.40113900 -3.62655150
v 1.88114600 -1.24837400 -3.89812650
v 1.63005878 -0.17054307 -4.62582670
v 1.71499900 -0.32127900 -4.62510000
v 1.60170650 0.01180450 -4.63484600
v 2.37861056 -0.33852575 -4.39514738
v 2.25549650 0.13603475 -4.49204300
v 2.45377759 0.06779369 -4.40347997
v 2.46505950 0.63929050 -3.50811050
v 1.60852426 -0.04981884 -3.90101919
v 1.68064388 -0.01929000 -3.94410212
v 2.20018450 -1.21215850 -3.66352900
v 1.29370125 -0.50120225 -3.86551150
v 1.37666450 -0.44248738 -3.87261838
v 1.27289465 -0.43417418 -3.64739211
v 2.15513050 -1.24442750 -3.49835300
v 2.14952650 -1.25395930 -3.41731559
v 2.05386300 -1.23679700 -3.47598500
v 2.04701416 -1.23090478 -3.40793621
v 2.00180500 -1.22735900 -3.34033375
v 2.11964100 -1.23173900 -3.38945900
v 2.03383000 -1.21139200 -3.26432900
v 2.02401200 -1.20775900 -3.21903900
v 2.21856300 -0.34390091 -3.07869321
v 1.88209122 -0.38635218 -3.26036722
v 2.58468487 -0.20823643 -2.71743625
v 2.66891400 -0.16721900 -2.75644700
v 2.56075125 -0.27191500 -2.75059425
v 2.47114166 -0.75381352 -3.48749605
v 2.59965725 -0.24543138 -2.79485325
v 2.56979393 -0.20233847 -3.00612798
v 2.50980502 -0.36105541 -2.74720504
v 1.91509900 -1.28275400 -3.80003000
v 2.48157260 0.43926168 -3.37119868
v 2.50259425 -0.01570825 -3.61505900
v 2.44997278 -0.05540517 -3.53156387
v 2.40241812 -0.32115100 -3.50840438
v 2.43256920 -0.27707159 -3.39722049
v 2.63138044 -0.07462475 -3.38113975
v 2.51839431 0.61523213 -3.42112181
v 2.75100461 -0.25262108 -3.34710040
v 2.16676243 -0.41263232 -3.45064397
v 2.75478700 -0.32102300 -3.27885400
v 1.87909798 -0.43819147 -3.50363015
v 1.87362400 -0.44205200 -3.57314500
v 1.85174725 -0.44936450 -3.37275925
v 2.19542600 -0.43738100 -3.29726900
v 1.96858427 -0.42163239 -2.99216311
v 1.87044950 -0.43153150 -3.10693350
v 1.99057400 -0.41644000 -2.89111200
v 2.46109400 -1.26852345 -2.94469365
v 2.35727344 -1.27835869 -2.92351094
v 2.76167135 -0.07981402 -2.95805527
v 2.76037400 -0.21512300 -3.08133700
v 2.75970868 0.60250270 -2.45397178
v 2.54803750 -0.32352300 -2.93871600
v 2.75159274 0.60144609 -3.30159260
v 2.49322900 -0.30883700 -3.06592400
v 2.51806200 0.64802850 -2.37522850
v 2.69062962 0.64534987 -2.75785000
v 2.47401313 -1.27096355 -2.38973158
v 2.45836650 -0.70571913 -3.20156338
v 2.41385325 -1.21666513 -2.26329900
v 2.45928200 -0.75921150 -2.24455750
v 2.47464900 -1.12192794 -1.98736325
v 2.46339780 -1.09237199 -2.22248048
v 1.94175823 -0.48120721 -2.08362448
v 1.94591300 -0.48737200 -2.04792400
v 1.91900750 -0.48724300 -2.16267600
v 1.78830650 -1.22143500 -1.89811900
v 1.99981610 -1.14882458 -1.92580371
v 1.66651763 -0.11094650 -1.83270500
v 1.73113330 -0.13849032 -1.92260246
v 2.26579700 0.07788700 -1.03237450
v 2.22819532 0.09814625 -1.19540107
v 2.39475050 -1.24555050 -3.44719400
v 2.02781513 -0.44321856 -2.77747563
v 2.38237650 -0.35224450 -2.74668250
v 2.15523597 -0.38902315 -2.61515358
v 2.19638444 -0.41097431 -2.40099962
v 2.44583407 -0.34094956 -2.39666566
v 2.45319074 -0.30584366 -2.26031765
v 1.86428200 -0.47435200 -2.69758800
v 1.85991625 -0.49996275 -2.44398475
v 1.92826381 -0.42583404 -2.62864183
v 1.86168700 -0.47110200 -2.66203500
v 1.86537350 -0.47216200 -2.74275900
v 2.77005564 -0.32220587 -2.44268497
v 2.47130232 -0.02166648 -2.38048989
v 2.53325038 -0.32164579 -2.10682810
v 2.64727450 -0.35141200 -2.42738150
v 2.78658100 -0.30615500 -2.53015700
v 2.25825598 -0.39726280 -2.05707804
v 1.83583794 -0.45027251 -2.33291922
v 1.89782700 -0.42508500 -2.29362400
v 2.13639412 -0.48751950 -2.02065888
v 2.51764409 -0.09571295 -2.05390264
v 2.52478872 0.20070191 -2.22128227
v 2.52313700 -0.06734400 -1.35534850
v 2.52604325 0.20526532 -1.33458734
v 2.44440693 0.55723665 -2.30066129
v 2.51788950 0.64860800 -2.11782150
v 2.24794621 -0.29568274 -1.89889115
v 2.37230324 -0.09620645 -2.04906050
v 2.52530900 0.56569250 -2.36052500
v 2.30556849 -0.13746524 -1.68918443
v 2.28526800 -0.12408600 -1.54452600
v 2.42008750 0.33965150 -1.29442925
v 2.61602700 -0.15945750 -2.62434250
v 1.71175125 -0.78260125 -2.05438150
v 1.55193355 -0.54145478 -1.99006875
v 2.15025463 -0.73689088 -0.72806500
v 1.48700525 -1.23558325 -0.68255575
v 1.52854768 -1.22574896 -0.75059655
v 2.62441600 0.23515900 0.28622900
v 2.61958800 0.23774700 0.18344100
v 2.59886150 0.16813250 0.38578850
v 2.61693276 0.18222326 0.34308806
v 2.60173350 0.25782400 0.04065450
v 2.57493756 0.07132678 -0.01031173
v 2.59386600 0.01114700 -0.06230200
v 2.55644700 0.04968525 0.03176875
v 2.65443600 0.21541000 0.45011400
v 2.63857250 0.19129950 0.46748100
v 2.67598200 0.23651900 0.40800300
v 1.49123603 -1.24104084 0.94953090
v 1.64299273 -1.24207759 1.16125031
v 2.43076215 -1.29476763 -2.13089694
v 2.36909300 -1.19217100 -2.25140800
v 2.42570200 -1.21263900 -2.26410900
v 2.44682000 -1.25991000 -2.27621500
v 2.42655800 -1.16726900 -2.26850600
v 2.30594700 -1.28235350 -2.15464600
v 1.71466888 -1.18768550 -1.89708850
v 1.70456000 -1.21249000 -1.81086800
v 1.70469350 -1.20517550 -1.78514250
v 1.71602400 -1.21435300 -1.83950300
v 2.03686823 -1.28935179 -1.65936849
v 2.24743398 0.71678719 -0.99173731
v 2.28765700 0.55100700 -0.92964000
v 2.27277200 0.66984300 -0.93508800
v 1.35101446 -1.23412394 -0.16119821
v 1.22430600 -1.23733400 -0.10406200
v 1.40180750 -1.23769250 -0.12168050
v 1.33720000 -1.23764100 -0.25590350
v 2.49941663 -0.97011801 -1.94200169
v 2.49890444 -0.87388383 -2.18332030
v 1.93982900 -1.15049300 -2.03272600
v 1.70568958 -1.19352934 -1.97485300
v 1.89647523 -1.17049743 -2.09661714
v 1.92925100 -1.20045500 -2.21141000
v 1.56109500 -1.23670200 -1.94026400
v 1.46639259 -0.81836887 -1.86921444
v 1.41257411 -0.47985730 -1.97811128
v 1.44760342 -0.78522709 -1.98546240
v 1.40126700 -0.44340400 -1.90666200
v 2.47669679 -1.08307582 -1.70827227
v 1.60518800 -0.30609200 -1.87379500
v 1.59171449 -0.26883834 -1.85711886
v 1.63218750 -0.21545200 -1.75202950
v 2.54004139 0.35178664 -0.39497386
v 0.60796764 -0.45718087 1.39556538
v 0.69208400 -0.42411350 1.41883950
v 0.31696550 -0.80741850 1.41129800
v 0.58500000 -0.75929100 1.35147200
v 0.47506070 -0.78634222 1.35668836
v 0.25634600 -0.75929100 1.38301550
v 0.13851765 -0.80983207 1.42454291
v 0.07540500 -0.80359300 1.42093500
v 0.12556687 -0.87363000 1.56656425
v 0.78140373 -0.87785178 1.53537579
v 0.88568167 -0.92426137 1.35227730
v 0.35039620 -0.88116575 1.65220941
v 0.64812250 0.44546875 1.59673200
v 0.86896200 0.56036350 1.71299700
v 0.46401525 0.51714300 1.69385425
v 2.30972950 0.02399950 -1.42241900
v -1.22378764 -1.11793583 3.85479717
v -1.25391600 -1.07653100 3.85832600
v -1.24925862 -1.21125806 3.89081819
v 2.53046683 0.10452580 -0.38192513
v 2.50661050 -0.01002650 -0.32010800
v 2.55466112 0.53854863 -0.00148663
v 2.55692363 0.45061596 -0.26526916
v 2.51262479 0.63997543 -0.26113796
v 2.57915760 0.19749049 -0.57888400
v 2.58352981 0.68649086 -0.41113182
v 2.56468566 0.96601200 -0.07825495
v 2.60764300 0.07188300 -0.66962050
v 2.49840356 0.74681874 -0.59906626
v 2.50650150 0.77576750 -0.62927950
v 2.57147990 0.95280000 -0.32102960
v 2.54507200 1.00802450 -0.38233050
v 2.51791350 1.07252633 -0.05926856
v 2.44461050 1.20940950 0.43940050
v 2.50571864 1.20071532 0.25037654
v 2.51583006 1.21655769 0.20003219
v 2.34603600 1.23101700 0.23722600
v 2.34810200 1.22002700 0.18004600
v 2.36476000 1.18946500 0.13887900
v 2.34764500 1.18967200 0.11735400
v 2.38374000 1.18620800 0.14930300
v -0.17078000 -1.15643300 -0.88746300
v -0.02843371 -1.21535787 -0.91180693
v 1.59788263 -1.20981937 -1.19420912
v -0.20016300 -1.14093900 -0.84617900
v -0.02415425 -1.17864425 -0.74507137
v -0.21495200 -1.13137900 -0.79624900
v -0.23035400 -1.12072100 -0.75777800
v -0.35975864 -1.07154894 -0.92762758
v -0.56710725 -1.07959625 -1.16398700
v -0.38547300 -0.94057000 -0.86451500
v 1.90688483 -1.22737857 -0.23386092
v 1.95146800 -1.23234900 -0.29454150
v 1.93699100 -1.22057300 -0.15441650
v 2.37060028 0.02251330 0.14514134
v 0.25201125 -0.46534400 1.43977700
v 0.07806554 -0.37662778 1.42474637
v -0.01172263 -0.22774288 1.57638000
v 0.50454364 -0.27476107 1.59947252
v 0.36322314 -0.18586556 1.69052317
v 0.74309000 -0.16594200 1.61290950
v 0.69515837 -0.19971953 1.68389874
v 0.53927925 -0.28081500 1.55996350
v -0.06794200 -0.39673100 1.50490100
v -0.36743800 0.19195100 -0.17253700
v 1.47092367 -0.87226249 -0.78850359
v 2.11544635 -0.46411281 -0.12447320
v 2.17267500 -0.43359600 -0.14618775
v 1.96993798 -0.49994962 -0.15981717
v 2.03196463 -0.52158400 -0.30538575
v 1.96137600 -0.51290550 -0.02069500
v 2.12999477 -0.75041842 -0.12782139
v 2.17894500 -0.75165700 -0.29729150
v 2.06672038 -0.80591475 -0.02716987
v 2.16188687 -0.07457000 -0.03748050
v 2.00906331 -0.52966844 0.09283038
v -0.05076775 -1.05935831 -0.67207574
v -0.40090650 -1.01317075 -0.68344725
v -0.05022350 -1.10241900 -0.78027150
v -0.42764058 -0.97245653 -0.42821965
v -0.26791031 -1.02876105 -0.45898136
v -0.43574658 -0.77294860 -0.40487877
v -0.39373925 -0.64921525 -0.21745512
v -0.44705600 -0.48734500 -0.14811100
v -0.44789900 -0.53292800 -0.12701700
v -0.44616450 -0.55153450 -0.10168050
v -0.32429939 -0.25178979 -0.23229450
v -1.44772700 -0.61717400 4.23408700
v -1.40707900 -0.62728000 4.24199700
v -1.43400250 -0.69791375 4.29451175
v -1.35365500 -0.62333100 4.24298400
v 1.67319087 -1.23499875 0.84810563
v 1.05746975 0.27596650 1.50972275
v 1.04230900 0.14651000 1.67860100
v -0.02146250 0.00658350 1.59465950
v 0.10669250 -0.09248775 1.57917463
v -0.00806323 -0.13093500 1.56588803
v 0.05375651 -0.22304857 1.70831289
v 1.83830200 -1.21787800 -0.19392500
v 0.03800713 -1.23833638 0.10939050
v -0.41825145 0.20898841 -0.20993478
v -0.03616080 -0.96922410 1.19845108
v 0.06555750 -1.12185050 1.26543450
v -0.09247113 -1.12473475 1.36123900
v 2.56390850 0.18444800 0.58481075
v -0.42118050 -0.57899850 -0.95704200
v -0.00051004 -0.54907092 1.57352515
v -1.70593947 -0.55504851 4.10354829
v -1.60852700 -0.57407800 4.21051700
v -0.48481600 -0.59169912 -0.04684587
v 0.33719427 -1.21731928 0.79291151
v -0.09520125 -1.19533675 1.12948575
v -0.04105055 -1.23369199 1.06213864
v 0.05337938 -1.22739817 0.83410318
v 0.36670249 -1.22592733 1.10868008
v 0.18981336 -1.12112521 1.22878787
v 0.45140739 -1.09567699 1.25079894
v 0.11199662 -1.13032187 1.25118938
v 0.24028975 -1.17339950 1.20575950
v 0.30573387 -1.00855725 1.21404512
v 0.69872025 -1.21334550 1.04024550
v 0.72661375 -1.14822400 1.24938037
v 0.46190903 -0.99620467 1.39945735
v -0.05592800 -0.95572850 1.49119850
v 0.00034661 -0.94470142 1.58100257
v -0.08126638 -0.81837938 1.62433825
v 0.26577344 -0.84746969 1.50659456
v -0.08558634 -0.71998087 1.55725144
v 0.09896850 -0.72656475 1.43064400
v 0.93202422 -0.64278100 1.39724483
v 0.73208060 -0.57529818 1.39588640
v 1.04343342 -0.52995356 1.54126782
v 0.92446446 -0.59779928 1.55523130
v 0.78115050 -0.52543625 1.54285700
v 1.02427740 -0.79372371 1.40402875
v 0.98841450 -0.87077200 1.47017650
v 0.78067951 -0.78802672 1.40401871
v 0.64796550 -0.69233350 1.37507800
v 0.62428238 -0.05467790 1.39932614
v 2.14089900 -0.07981500 0.39154600
v 1.09473200 0.10115400 1.69126100
v 1.98776616 -1.05571697 1.37588227
v 1.87027195 -0.98859595 1.63599227
v 1.06384076 -1.25361350 1.20123924
v 0.98679131 -1.24729650 0.98592844
v 0.81230450 -1.17213675 1.20722350
v 1.05253950 -1.18523200 1.46624850
v 0.75937373 -0.01998887 1.48061398
v 0.50263987 -0.12540500 1.42238450
v 1.01149913 0.09401050 1.46350626
v 1.05648200 0.03414400 1.45499150
v 0.49473425 0.12040500 1.68100925
v 0.65007329 0.15118194 1.71650744
v 0.94663700 0.19177700 1.69533200
v 0.66059825 0.06136675 1.53445725
v 0.13727250 -0.09160300 1.52329700
v 0.37557350 0.26066450 1.65701300
v 0.17630005 -0.05587308 1.50604150
v 0.12787800 0.01561000 1.59268300
v -1.64595149 -1.20774651 4.17170483
v 1.98003850 -1.10376200 1.33129700
v 1.94070652 -1.16177029 1.28385543
v 1.95094000 -1.17704800 1.25559600
v -2.18396400 -0.59305950 3.93919700
v -2.64895900 -0.09764950 2.64177425
v 0.42658841 0.09677213 1.59301040
v 0.55483675 0.09472950 1.60734500
v 0.04279000 0.05314300 1.59869000
v 0.12623930 0.13351912 1.71080238
v 0.06067325 0.14721250 1.71327875
v 0.45125413 -0.00694588 1.52757725
v -1.98795887 -1.24449700 3.00328338
v 0.01770244 -0.40771100 1.41159425
v 0.07386800 -0.48000900 1.47098650
v 0.01064400 -1.10641250 1.44279600
v 1.31335068 -1.20854233 1.65276879
v 1.20248300 -1.17694350 1.65682750
v 1.62924666 -1.28540498 1.63583413
v -2.70851695 0.53516971 3.71955494
v -2.04833934 -0.91900310 4.26899487
v -2.12690958 -0.65922153 4.02666055
v 1.99112500 -0.53150200 1.52622300
v 2.00150400 -0.58162100 1.50245200
v 2.01047600 -0.51932200 1.56575100
v 1.33282763 -1.22939250 1.48582337
v 1.40378780 -1.24322397 1.30175835
v 1.43602200 -1.25781000 1.17919000
v 1.69517900 -1.23678200 1.63851400
v 1.84872900 -1.18408750 1.34002300
v 0.96739337 -0.03365775 1.44196050
v 1.04827334 -0.09470099 1.42178669
v 1.32971650 -1.23531200 1.38328050
v 2.09458306 -0.98703300 1.26707819
v 2.15718550 -1.13776950 1.28421700
v -1.12580861 -1.21488729 4.42500696
v 0.37188225 0.37741200 1.52338675
v 0.41572923 0.30431353 1.41555270
v 0.53863850 0.22657400 1.40630800
v -0.34244750 -0.28790300 -0.05099700
v -2.67763441 0.40992083 3.49457947
v -2.65849214 0.48697449 3.17164203
v 0.33658207 -0.91876459 1.25112410
v 0.17960600 -0.98596800 1.17025400
v 0.37236875 -0.96998275 1.37689775
v -1.90681625 -0.43946112 2.36013684
v -1.85516600 -0.44620050 2.50820700
v -1.47893213 -1.19445225 1.67719525
v -1.99345550 -0.84116875 4.45900550
v 0.52473938 -0.69748437 1.37288794
v 0.10246300 -0.70895500 1.42778000
v 0.38652451 -0.62222565 1.40741480
v 0.44909284 -0.64733259 1.53075694
v -1.84399200 -0.72009750 1.26091250
v -1.60414900 -0.85398100 1.33045300
v -1.65140117 -1.09728620 1.53499139
v -1.60840050 -1.05398675 1.55565425
v -1.28868550 -1.24429150 1.70289900
v -1.77037700 -0.53669350 1.25922075
v -1.08739576 -1.13871551 4.28697578
v -1.06562700 -1.25781000 4.49903200
v 2.31365194 0.28843663 -4.44194575
v 1.58586050 -0.19270600 -4.67110200
v 1.60538206 0.03563594 -4.63736225
v 1.57511271 0.03932725 -4.61724909
v 2.70582294 0.11881457 -3.52529496
v 2.64464692 0.10203628 -3.41174331
v 2.58794500 -0.12364600 -3.46638500
v 2.69410844 -0.02241606 -3.44452231
v 2.65286697 -0.11389344 -3.58373209
v 2.65808787 0.14219896 -3.71965347
v 2.61580400 0.02886325 -3.77256337
v 2.62922875 0.14473125 -3.56908687
v 2.59734075 -0.12158413 -3.63179737
v 2.55404342 -0.02135343 -3.57930271
v 2.67841200 0.14610100 -3.44855600
v 2.58475700 0.03179300 -3.75119975
v -0.13453262 -1.22510748 3.31064126
v 2.49666023 -0.33670127 -2.93199632
v 2.42397800 -0.33463100 -2.87625750
v 2.53760200 -0.33530400 -2.91619900
v 2.50840544 -0.30334500 -3.25109387
v 2.64317578 -0.34492153 -3.25616887
v 2.49133500 -0.32066950 -2.98353800
v 2.70922988 -0.31782988 -3.27281625
v 2.74067400 -0.30218200 -3.13812800
v 2.67908000 -0.23808700 -3.08233750
v 2.73899929 -0.29106925 -3.09118243
v 2.07976718 -0.45718541 -3.08744708
v 2.16366700 -0.43851475 -3.23527100
v 2.17558264 -0.45838038 -3.33216645
v 1.95172300 -0.40048000 -3.29720000
v 2.07196712 -0.42818935 -3.24008717
v -0.27785150 -0.77244812 -4.18028112
v -0.27760100 -0.80178100 -4.18103300
v -0.29696700 -0.85084600 -4.15045200
v -0.25938171 -0.84981612 -4.12841442
v -0.26620300 -0.82939250 -4.11189850
v 2.14592249 -0.51268899 -2.30276529
v 2.13849600 -0.41872100 -2.59916600
v 1.88721904 -1.24045233 -1.88402373
v 2.48920550 -0.06642575 -1.37051675
v 2.46969630 -0.11928603 -1.43147133
v 2.52010900 -0.09475600 -1.71313000
v 2.32887000 -0.04159400 -1.46929300
v 1.78896020 -0.85905395 -1.65399307
v 1.80924200 -0.80998700 -1.69651700
v -2.47449850 -0.19536125 4.45451290
v -2.49801900 -0.16948500 4.29688500
v -2.42002500 -0.17352300 4.55496075
v -2.53020750 -0.17118450 4.35600000
v 2.56614505 0.85622847 -0.41292540
v 2.55166900 0.77537200 -0.41647800
v 2.57920000 0.84749500 -0.35697850
v 2.54718059 0.94842549 -0.46579616
v 2.57935850 0.97866475 -0.45979550
v 2.53931583 1.00105137 -0.42881672
v 2.51204613 0.93139769 -0.45411606
v 2.52703750 0.73237500 -0.44584850
v 2.49747300 1.00911000 -0.38902200
v -2.11164542 -0.52952223 4.28249781
v -2.15205000 -0.52890400 4.28626500
v -2.09736250 -0.52529350 4.33256700
v 2.50417207 -0.09815799 -0.04383791
v 2.44032775 -0.04747750 -0.15922712
v 2.52423300 1.21467000 0.35825600
v 2.53645900 1.21561300 0.31634800
v 2.51929900 1.18948700 0.30211700
v 2.53354600 1.22487425 0.30447550
v 2.54010900 -0.03433050 0.03128450
v 2.54549907 0.03199847 0.09492620
v 2.54538489 0.08517730 0.11846652
v -2.66112800 1.21154400 2.86392500
v -2.66804847 1.23181887 2.86548722
v -2.66085800 1.23473000 2.91572900
v -2.66037900 1.23464900 2.83188600
v -2.64771679 1.21054672 2.87960517
v -2.66159300 1.27456100 2.88485750
v -2.65750600 1.19261300 2.89637000
v -1.91151550 0.01541625 -1.34056750
v -0.04099212 -1.14682038 -0.76350637
v -0.07371643 -1.16465358 -0.66594461
v -0.04131600 -1.16572900 -0.62027900
v -0.11285700 -1.18079150 -0.58451750
v -0.11061662 -1.16905003 -0.59396070
v -2.00182550 -0.87819750 -1.15372000
v -2.08979626 -0.97922622 -1.27601423
v -2.07022725 -1.09919050 -1.27906175
v -2.07315500 -0.89525100 -1.29607800
v -2.12290952 -1.06851094 -1.23894634
v -2.52130400 0.97336013 -1.23221950
v -0.54646250 -0.28343200 -0.30565550
v -0.42022744 -0.67508935 -0.18636783
v -0.44256100 -0.62374200 -0.24256400
v -0.44511300 -0.67009900 -0.14365600
v -0.40780525 -0.82761750 -0.14509900
v -0.33227950 -0.73663100 -0.18419350
v -0.44487600 -0.89491600 -0.11554200
v -0.59717087 -0.90658050 -0.03151263
v -0.44148752 -0.85438600 -0.12587829
v -0.47761562 -0.85789300 -0.06943675
v -1.00489158 -1.23639940 0.11552457
v -0.94906356 -1.05677104 0.21543140
v -0.86989750 -1.22970900 0.19394375
v -0.85278025 -1.00621175 0.34451250
v -1.26107336 -1.06961161 0.30811685
v -1.06125400 -1.21681000 -0.01227200
v -0.67464988 -1.22591550 -0.14778000
v -0.56288900 0.23774700 0.08280800
v 2.51853625 -0.14850425 1.61479700
v 2.43304728 -0.41759179 1.50927215
v 2.25544100 -0.48581500 1.54505200
v 2.20787840 -0.50343261 1.51834498
v 2.14474900 -0.51796150 1.53283800
v 2.11473100 -0.51474400 1.52763100
v 2.09071600 -0.50746900 1.50744000
v 2.09980800 -0.52049800 1.61960100
v 2.05710400 -0.51142900 1.58890100
v 2.45657225 -0.36301675 1.61578200
v 2.29609225 -0.45167650 1.49835650
v 2.50565940 -0.16331495 1.51929468
v 2.57351600 -0.12553300 1.40949450
v -2.74811800 0.95905950 -0.58539800
v -2.72270950 0.96286600 -0.52942800
v -2.73687241 0.90363338 -0.59176147
v -2.75792550 0.91759600 -0.41156350
v -2.73840000 0.91754600 -0.68370000
v -2.74039900 0.87222600 -0.68450000
v -2.76495300 0.95565200 -0.64551300
v -2.74270100 0.89488600 -0.63660450
v -2.71983100 0.91754600 -0.51434400
v -2.74366600 0.91754600 -0.69868400
v -2.74413093 0.96888905 -0.46965056
v -2.67258350 0.94048100 -0.47283100
v -2.74601900 0.86314350 -0.54029950
v -1.88136750 -1.25785900 -0.14431800
v 1.98186600 -0.53258700 1.50991400
v -1.25748300 -1.03121100 0.39733800
v -0.94152500 -0.98589100 0.62146200
v -0.94727700 -0.98325300 0.56682400
v 1.07212148 -0.59168781 1.67727179
v 1.06532400 -0.30659400 1.68842100
v 0.14177000 -0.11568775 1.52769275
v 0.35570100 -0.13444838 1.57981744
v 1.05525600 -0.12456850 1.55309150
v 0.28558100 -0.12459100 1.50325500
v 0.26486200 -0.12037600 1.56909800
v 0.24771600 -0.12544600 1.58357800
v 0.13384664 -0.10766862 1.58876629
v 0.09496200 -0.07909700 1.59086400
v 0.08587200 -0.12704300 1.59441900
v 0.60865983 -0.66035497 1.57104037
v 0.39584950 -0.64144575 1.55134125
v -0.00761250 1.27890425 1.42369025
v 0.01081500 1.30271000 1.66318800
v -0.00236750 1.29056950 1.65745150
v -2.47714739 0.77213590 1.07367436
v -2.48760300 0.78158600 1.10046900
v -2.52151575 0.80009350 0.94367200
v -2.51227650 0.81779037 1.45415100
v -2.56222905 0.80881956 1.27671577
v -2.61165800 0.82490625 1.05490950
v -2.56437250 0.81339350 1.31390700
v -2.60008650 0.81409450 1.23282950
v -2.46248100 0.81244200 1.03771500
v -2.45364643 0.80397811 1.09555881
v -2.44563700 0.82078600 0.99564100
v -2.42879300 0.82161300 0.95356800
v -2.47172700 0.82690600 0.98519600
v -2.49441150 0.78158600 1.09195150
v -2.42886400 0.80946100 1.19762300
v -2.62703306 0.79679124 1.37812384
v -2.55532113 0.88574825 1.55768375
v -2.65429600 1.09882600 0.86329100
v -2.58228050 1.06579100 0.92416650
v -2.66060800 1.14799600 0.91827400
v -2.63697197 1.10778157 0.90563176
v -2.57858700 1.09855400 0.90296900
v -2.55420100 1.10482400 0.86416200
v -2.58436700 1.09879900 0.84569400
v -2.24409220 -0.86816481 1.42559989
v -1.99832621 -0.76270549 1.33674118
v -1.98203675 -0.76704788 1.34747637
v -2.08861200 -0.80434900 1.14023650
v -2.66973016 0.33924507 3.67821817
v -2.66069700 0.41923600 3.58387500
v -2.65651200 0.39273900 3.53677800
v -2.64526500 0.41908000 3.58345800
v -2.64530300 0.38920500 3.55402800
v -1.91880201 -1.15112474 1.43032206
v -1.89579487 -1.22214800 1.48016075
v -1.82773200 -1.21249000 1.34064700
v -2.22907738 -1.22384500 1.32140363
v -1.80270300 -1.21685775 1.57282675
v -1.89045350 -1.13612750 1.71353600
v -1.82879619 -1.13532684 1.54081283
v -1.82523800 -1.12185000 1.51891400
v -1.81078552 -1.18436290 1.64592490
v -1.63283600 -1.05387100 1.56952500
v -2.02935450 -1.18677575 1.63211850
v -2.25995383 -1.21112973 1.72250259
v -2.52929800 1.05321200 1.60689300
v -2.49369100 1.05344200 1.59110000
v -2.51740700 1.23453900 1.73678000
v -2.22045425 -0.11177950 1.95843050
v -2.08768900 -1.16685600 4.25677400
v -2.63717300 -0.26098200 2.63432700
v -2.62422252 -0.16865764 2.46976975
v -0.10761071 -0.97986679 3.55382255
v -2.64895513 -0.38969023 2.90355270
v -2.63744525 -0.33960475 2.94128475
v -2.57023809 -0.36893010 2.98311497
v -2.50512600 -0.31150700 2.97331300
v -2.54958400 -0.43432025 3.03779400
v -1.05323125 -1.18264137 4.47350487
v -1.41048050 -1.05122650 1.64974900
v -1.53851088 -1.00484350 1.56785875
v -0.08405725 0.14529875 1.75764375
v 0.25567391 -0.63965178 1.65322644
v 0.13589825 -0.64482125 1.61989050
v -0.08344900 -1.21237400 1.53051200
v 2.01081450 -0.54681550 -0.29572000
v -2.63522850 0.94045600 0.31137375
v -1.30854414 0.00577440 -1.32742752
v 0.69978600 0.05908900 1.57783100
v 0.65190200 0.07478300 1.57510800
v 0.63392500 0.07442800 1.58198200
v 2.68011300 0.24865050 0.64600950
v 2.05741050 -0.06005450 0.21110175
v 1.07171944 -0.10425844 1.60203050
v 1.09018082 0.03256579 1.64823576
v -0.29341518 -0.72842869 -0.30347156
v -0.40077900 -0.36859463 -0.27689363
v -0.45887029 -0.22366254 -0.26863037
v -0.42766125 0.15092775 -0.24383025
v 1.12818832 -1.18795554 1.57385569
v 1.21600563 -1.16353894 1.59217450
v 1.09749000 -0.94057000 1.58421100
v 0.18242100 -1.03121100 1.25962100
v 0.19441400 -1.05294650 1.23765100
v 0.01362391 -1.14203871 1.41072632
v 0.05791850 -1.15356850 1.38770450
v 0.00967100 -1.12705700 1.44319900
v 0.10435796 -1.13153904 1.42561194
v 2.32556800 -0.46159200 1.62984800
v 2.36932500 -0.44759100 1.63239000
v 2.36811600 -0.44154900 1.63099000
v 2.38417100 -0.39611300 1.63603100
v 2.27759154 1.52223773 1.29102861
v -2.60568825 -0.35981650 3.44041850
v -0.29092800 -1.16584000 0.00322000
v -0.29913500 -1.16717000 -0.00006600
v -0.28825100 -1.16717000 -0.00346500
v -0.62024078 -1.05420874 -0.32102021
v -0.13677675 -0.72622350 -4.19332525
v -0.40972800 -0.48737200 -4.21175100
v -0.60179603 -1.02692817 -4.12847364
v -0.66551662 -0.37512800 -4.16787031
v 2.08149300 -0.44214700 -2.71683100
v 2.10830000 -0.45191000 -2.76004300
v 2.10540600 -0.44321800 -2.80948300
v 2.12429700 -0.44320100 -2.74100500
v 2.71751000 0.25369250 0.59740750
v -0.60049880 -0.99898251 -2.82800744
v -2.57231300 1.19039000 -1.25052100
v -1.30430237 -0.99722038 3.94677262
v -1.29122800 -1.05118800 4.04270050
v -1.55866550 -0.92244850 4.45059600
v -1.23423800 -1.08340000 4.06663300
v -1.33733550 -0.69054750 4.03227550
v -0.85375100 -1.37095800 3.88283350
v -0.83552106 -1.41861435 3.88549248
v -0.67919100 -1.40970100 3.89957500
v -0.83701700 -1.39364000 3.93355700
v -0.98111281 -1.41281529 3.99281292
v -0.98362350 -1.39339550 3.99687100
v -0.95914256 -1.36427729 4.03514112
v -0.92456125 -1.34334050 4.01541225
v -0.87151189 -1.35342394 4.01573073
v -1.38485475 -1.35590712 4.06862450
v -1.33390434 -1.38374658 4.04564744
v -1.48796211 -1.00392926 4.55573257
v -1.36878669 -0.67814693 4.54177172
v -1.48608066 -0.96458251 4.46874625
v -1.40708933 -0.81626303 4.38583638
v -1.49460800 -0.98969150 4.47312900
v -1.38393525 -0.87602200 4.52115725
v -1.41906150 -0.69865750 4.28883450
v -1.68668888 -0.89665037 4.58105175
v -1.51200750 -1.02271700 4.49368350
v -1.21413451 -1.16822850 3.95506855
v -1.17373650 -1.23645450 3.99849350
v -1.24530925 -1.01895275 4.00201250
v -1.49508484 -1.18329796 4.35899053
v -1.26467100 -0.98589100 4.00690100
v -1.25418000 -0.97505100 3.99450800
v -1.25794500 -1.07653100 4.00111100
v -1.27307900 -0.98589100 4.04171600
v -1.52712225 -1.04769280 4.50030993
v -1.56761550 -1.05527450 4.45296450
v -0.97439263 -1.31313753 4.02535873
v -0.99376625 -1.32479650 3.99816725
v -1.00854181 -1.36305219 3.92867513
v -1.27078300 -1.00313100 4.03598000
v -1.22825925 -0.96642298 4.03917726
v -1.38113371 -1.30391446 4.02636266
v -1.33756850 -1.29158425 4.05010300
v -1.23224550 -0.93871400 4.01967750
v -1.24073153 -1.35821656 3.88356847
v -1.29663500 -1.34845000 3.99586400
v -0.76093289 -1.30575487 3.86681463
v -0.58639900 -1.30313000 3.91167100
v -0.80806425 -1.32059475 3.94600550
v -0.90015100 -1.34291250 3.83631250
v -1.06152275 -1.32431850 3.94005650
v -1.38557117 -1.29536136 4.12099164
v -1.43060900 -1.30313000 4.06939000
v -1.37769475 -1.32468325 4.15239425
v -1.22093200 -1.31914275 4.02420450
v -1.37028245 -1.18638104 4.16612604
v -1.05535269 -1.34385462 3.88990077
v -1.06668800 -1.30313000 3.99059300
v -1.09999800 -1.30944800 3.97519300
v -1.14518150 -1.32389875 3.93563450
v -1.15045700 -1.31915000 3.85735800
v -1.12786150 -1.31333850 4.01285450
v -0.99268100 -1.32185200 3.92052175
v -1.55062530 -0.66995547 4.35611593
v -1.36322150 -0.73651600 4.52856600
v -1.76439663 -0.60131375 4.15447150
v -1.88173992 -0.67170014 4.59138163
v 1.85645000 1.11594300 -4.70736000
v 2.17843608 1.09802205 -4.74542605
v 2.63230850 0.61314925 -3.35206225
v 2.39217100 1.03746900 -4.33160250
v 2.49702741 0.64431364 -3.69626230
v 2.46724850 0.78492975 -3.88107325
v 2.14191606 1.15161588 -4.57691562
v 1.85853703 -0.75768677 -4.49813191
v 1.99329250 -0.51790875 -4.61819500
v 2.17973600 -0.15636470 -4.67012022
v 1.59995888 -0.77091056 -4.55414162
v 2.28458816 -0.37733133 -4.64458367
v 1.78252234 -0.71984115 -4.61254588
v 1.65193543 -0.91379504 -4.45849640
v 2.25212400 -0.49932000 -4.52387000
v 1.76441100 -0.85912325 -4.43669625
v 1.64522900 -1.01933600 -4.48324500
v 1.70227256 -0.54357505 -4.05285416
v 1.27993058 -0.61972746 -3.65156341
v 1.43733429 -0.60111832 -3.86000729
v 1.64810681 -0.49782881 -4.09083512
v 1.43329605 -0.51783411 -3.43428555
v 1.68136288 -0.51281063 -3.79986737
v 1.78640050 -0.54156850 -3.97123500
v 1.30452700 -1.40766475 -3.46379500
v 1.41973697 -1.45358177 -3.58506119
v 1.81371410 -1.36469594 -3.58563177
v 2.00127496 -1.34880921 -3.84951455
v 2.07926250 -1.34845000 -3.99348950
v 1.56765352 -1.34456888 -3.79352882
v 1.60790400 -1.33706050 -3.76456075
v 1.71081666 -1.31848167 -3.71304827
v 1.91509900 -1.32422600 -3.80003000
v 1.18828800 -1.40515025 -3.66532575
v 1.98879763 -1.34491850 -3.71661325
v 1.80906350 -1.35246950 -3.47659700
v 1.39630672 -1.31894016 -4.11422695
v 1.43279975 -1.29155950 -4.08905025
v 1.66041929 -1.23104862 -4.19703217
v 1.64264400 -1.12185000 -4.49490500
v 1.83170567 -0.35335378 -4.11796734
v 1.62569489 -0.23788851 -4.17284530
v 1.47181450 -0.28224450 -4.17207400
v 1.70866443 0.01536840 -4.05311080
v 2.00928100 -0.42294500 -3.70558200
v 1.64930788 -0.46425064 -3.97614088
v 1.66689900 -0.44975425 -3.85075675
v 1.22400258 -1.32340239 -3.77167596
v 1.54298112 -1.34124987 -3.74840225
v 1.72766475 -1.34748237 -3.51367262
v 1.47259748 -1.31446273 -3.46177191
v 1.50453538 -1.32438225 -3.38486262
v 1.09908612 -1.31495950 -3.54414000
v 1.40311994 -1.32955137 -3.64159002
v 1.63530702 -1.32445188 -3.52931109
v 1.30847763 -1.32868150 -3.43546850
v 1.18260050 -1.28514750 -3.80147400
v 1.24565675 -1.34843100 -3.76297150
v 1.70859462 -1.29626125 -3.90390437
v 1.51228100 -1.30313000 -3.76934700
v 2.00532825 -1.32554775 -3.68574050
v 2.01399257 -1.27944878 -3.80924119
v 2.05271463 -1.26717775 -3.84220063
v 1.95485951 -1.29593278 -3.60878752
v 2.23477000 -1.21828200 -3.83454500
v 2.03423400 -1.34546000 -3.75199800
v 1.84059600 -1.35648900 -3.48504300
v 1.65420000 -0.28172600 -3.75802700
v 1.22975200 -0.48737200 -3.58623400
v 1.34279950 -0.59551850 -3.95569350
v 1.67641850 -0.39596800 -3.59294700
v 1.52509500 -0.47208100 -3.48984550
v 1.76033769 -0.30761655 -3.80489809
v 2.01055850 -0.43652400 -3.74121100
v 1.81306700 -1.16764700 -4.03556200
v 1.84586136 -1.30378115 -4.10488315
v 1.40450700 -1.35613200 -3.36982200
v 1.57384950 -1.28047000 -3.31480400
v 1.39526200 -1.34845000 -3.35510900
v 1.60915712 -1.29655604 -3.74424763
v 1.59528300 -1.27122200 -3.73279800
v 1.64575500 -1.33607600 -3.73740650
v 1.51113500 -1.27404500 -3.76648500
v 1.71363311 -0.42094618 -3.77176714
v 1.52124175 -1.11599950 -3.85269775
v 1.76522733 -0.19150638 -4.00409969
v 1.47943482 -0.65269898 -4.08528292
v 1.43859000 -0.53404300 -4.07042450
v 1.21556300 -1.37166150 -3.45085800
v 1.24072300 -1.39377000 -3.45684200
v 1.31083600 -1.35978000 -3.42977900
v 1.20809100 -1.42226500 -3.49727100
v 1.19270650 -1.36670000 -3.81920300
v 1.15525793 -1.34732699 -3.80569240
v 1.17549725 -1.30808100 -3.78373025
v 1.13058812 -1.33154325 -3.64865569
v 1.72423603 -0.44244295 -3.85876805
v 1.77669500 -0.37604600 -3.86499550
v 1.70338100 -0.49003800 -3.88542400
v 1.72619875 -0.52378488 -3.77634350
v 1.38678838 -0.37250563 -4.02235625
v 1.48535650 -0.40584675 -4.17850075
v 1.36837083 -0.56303740 -4.02714234
v 1.34854075 -0.74722263 -4.01371888
v 1.33256327 -0.79573217 -4.08016732
v 1.41881800 -0.89525100 -4.14698100
v 1.89988775 -1.04829325 -4.12834425
v 1.75314445 -1.12472707 -4.22200766
v 1.41113000 -1.34845000 -3.75565300
v 1.42489350 -1.39406000 -3.73977400
v 1.45970800 -1.34845000 -3.78707300
v 1.47332600 -1.34845000 -3.79398000
v 1.86165950 -0.53094100 -3.50885850
v 1.83071252 -0.48845608 -3.44772755
v 1.89729415 -0.53725215 -3.59772838
v 1.89419100 -0.54357900 -3.61584900
v 1.83788900 -0.49538400 -3.40994000
v 1.88169700 -0.48737200 -3.56931800
v 1.75785137 -0.13398000 -3.95530875
v 1.38080175 -0.74336675 -3.99841950
v 1.28148350 -0.45752500 -3.53964175
v 1.18164111 -1.31819691 -3.53955721
v 1.79833681 -0.41084413 -4.06198056
v 1.93190200 -0.94057100 -4.10898050
v 1.46390967 -0.42809296 -4.11236251
v 1.39528350 -0.50579600 -4.08659750
v 1.53891500 -0.53402000 -4.02364850
v 1.65279100 -0.55430850 -3.88309000
v 1.70225800 -0.53269200 -3.87807100
v 1.79353850 -0.76410800 -4.11396319
v 1.74695150 -1.28471438 -3.61985438
v 1.72989000 -1.30437200 -3.58127600
v 1.65873275 -1.37652100 -3.45540650
v 1.60935962 -1.34014963 -3.29937575
v 1.72478000 -0.41863500 -3.80517350
v 1.33107774 -1.22628284 -4.02542193
v 1.51113500 -1.34066500 -3.76648500
v 1.82194300 -1.34906450 -4.01054750
v 2.38479544 -0.55615474 -4.39457317
v 2.39355125 -0.55324525 -4.27204550
v 2.48275550 -0.32382250 -3.76321300
v 2.48675638 -0.42719137 -3.98051316
v 1.62432100 -1.39610600 -3.49789000
v 1.80063331 -1.33840909 -4.05457584
v 2.44660967 -0.41363712 -3.76579753
v 2.48330300 -0.35119000 -3.63022500
v 2.43124075 -0.39960300 -3.87420050
v 2.29659425 -0.33409175 -3.85243160
v 2.07500700 -1.23037400 -3.83364500
v 1.67229100 -0.35141200 -3.55934100
v 1.68698850 -0.41939150 -3.54963400
v 1.66656200 -0.32845450 -3.55853850
v 1.65211850 0.02936700 -4.00294450
v 1.80806400 -1.30313000 -3.54707700
v 2.20670100 -0.40583500 -3.83013800
v 1.55341500 -0.84931300 -3.99452100
v 1.57960087 -0.79107341 -4.15313126
v 1.30261775 -1.22157525 -4.01817100
v 1.37092125 -1.01089531 -4.08069469
v 1.51233490 -1.19221623 -4.04754214
v 1.34458950 -1.28613700 -4.08210350
v 1.54128337 -1.15337825 -3.87206363
v 1.92885780 -0.43309233 -3.87492338
v 1.81265300 -0.43026513 -3.94261312
v 1.87469333 -0.56477819 -3.76019742
v 1.81334250 -0.53221050 -3.74133900
v 1.76995085 -1.29729267 -3.58989582
v 1.76284100 -1.28576450 -3.66571750
v 1.87186149 -0.80757992 -4.19843594
v 1.72218575 -1.21657575 -4.10224350
v 1.51227013 -0.64032600 -4.19610212
v 1.48791747 -0.84029108 -4.21019225
v -2.43916797 -0.63109889 3.34696835
v -2.37096911 -0.60616094 2.84211373
v -2.47110262 -0.62499313 2.83914138
v -2.52083200 -0.61800000 3.35755900
v -2.35197036 -0.57972336 3.51563020
v -1.60655684 -0.59180894 1.52223325
v -2.29696809 -0.66047246 1.78765542
v -1.52458767 -0.62582461 1.69725073
v -1.77585110 -0.66253970 1.72022017
v -2.27650425 -0.64550625 1.61254075
v -2.08229926 -0.62693920 1.88744865
v -1.41645485 -0.57634374 1.27954627
v -1.45562450 -0.56689500 1.26260375
v -1.67176300 -0.57850300 1.50025200
v -2.33934750 -0.71728200 1.80735925
v -2.47581600 -0.51211850 3.93659400
v -2.39684200 -1.21249000 1.94269500
v -2.31138700 -1.26590500 2.36744000
v -1.95065479 -0.44601602 2.80727500
v -1.92175700 -0.41671150 2.84082000
v -2.34570450 -0.52136175 2.91103750
v -2.38396700 -0.71560600 1.74285500
v -1.83130016 -0.44999257 2.42092691
v -1.86788263 -0.54215863 2.43031050
v -1.88895425 -0.50989138 2.76386300
v -1.83837450 -0.51933503 2.70469612
v -1.80433750 -0.43128575 2.41161525
v -2.28738354 -0.41686660 2.27916114
v -2.43105225 -0.42245787 2.21957525
v -2.13685300 -0.52900900 2.78504300
v -1.94924550 -0.47170300 2.37813625
v -1.90488467 -0.57390187 2.57748665
v -1.90364202 -0.58857670 2.68126616
v -1.91597030 -0.47602817 2.72092693
v -1.91758300 -0.48969200 2.72036100
v -1.83715310 -0.44368453 1.64231418
v -1.70827400 -0.29373700 1.70941800
v -1.85594306 -0.46639019 1.66968287
v -1.80356250 -0.48424631 1.55814456
v -1.50912250 -0.32859100 1.59066150
v -1.55695823 -0.31817456 1.57605695
v -1.97055750 -0.53269150 2.69190325
v -2.01468733 -0.38618472 2.75647101
v -2.00066900 -0.37550775 2.72371200
v -2.02566700 -0.44205200 2.75119000
v -1.99369279 -0.49268549 2.72374377
v -1.90660700 -0.47470287 2.66372737
v -1.87387900 -0.45056800 2.73785800
v -1.95988500 -0.57407025 2.64836350
v -1.92414198 -0.63807338 2.72569151
v -2.11744596 -0.59529485 2.62912021
v -1.93785381 -0.66577050 2.78651069
v -1.88368851 -0.52466308 1.82074534
v -1.81003700 -0.51055300 1.78669500
v -2.54732850 -0.40501075 2.21575350
v -2.08764894 -0.25161806 2.71143496
v -2.06055613 -0.20786575 2.72835400
v -2.14203500 -0.19279200 2.68420750
v -1.94102000 -0.44192400 2.66192600
v -2.01808000 -0.38203725 2.55758225
v -2.02432600 -0.21545200 2.74784100
v -2.00753674 -0.38231093 2.86200260
v -2.04321750 -0.40809425 2.81089575
v -1.92413100 -0.44205200 2.98531900
v -2.08992932 -0.85614882 2.80084560
v -1.84190217 -0.91963592 2.76212226
v -2.31963000 -0.68853700 1.77833800
v -1.80933826 -0.68772895 2.82650431
v -1.88898813 -0.42894125 2.87214188
v -1.91445949 -0.89563097 2.43479492
v -2.04826819 -0.27203956 2.56353331
v -2.19547126 -0.43984843 2.84848888
v -2.24411950 -1.11666850 2.56522850
v -2.34535944 -1.18449864 2.47954581
v -2.36207150 -1.25894688 2.40555963
v -1.84485025 -1.01572250 2.35890250
v -2.15178100 -0.46361144 2.80116506
v -2.31452150 -0.66876925 4.08465775
v -2.41404443 -0.63434135 3.89997099
v -2.47869750 -0.60859450 3.83365600
v -2.48160300 -0.65313200 4.13393925
v -2.10305084 -0.59119350 3.37684454
v -2.20850104 -0.62378663 2.98416312
v -2.14337900 -0.50365600 3.41103500
v -2.11281525 -0.09374875 2.64118975
v -2.34888470 -1.04993682 2.60084307
v -2.34792525 -1.01351350 2.58461125
v -2.56120800 -1.05387100 2.70677700
v -1.92098456 -0.84057560 2.66155358
v -1.94003625 -0.88336037 2.59504775
v -1.98903962 -0.95720004 2.80284170
v -1.89910900 -0.58973000 2.67894100
v -2.10110919 -0.50618384 2.87838481
v -2.05734750 -0.33375950 2.76204250
v -2.19892695 -0.87886169 2.71366291
v -2.08738122 -0.56882073 2.43289437
v -2.16141825 -0.86461156 2.75491638
v -2.12236776 -0.11797846 2.58689315
v -2.27537963 -0.54163881 2.93880450
v -2.47305800 -0.53206716 2.58681919
v -2.48514800 -0.54677450 2.57591450
v -2.11827050 -0.61484550 2.92153400
v -2.14778263 -0.47833300 2.92504812
v -1.87572500 -0.57564700 2.49859200
v -1.96145191 -0.51702832 2.48903671
v -1.94033300 -0.48737200 2.78191400
v -2.35282213 -0.51698537 3.47220275
v -2.20095150 -0.53038200 1.48189300
v -2.46252700 -0.62960300 3.80244600
v -2.52014586 -0.51463626 3.80747096
v -2.55985517 -0.65304398 3.23282058
v -2.54819500 -0.86481800 2.81760694
v -2.36019500 -1.01407825 2.47677075
v -2.40357329 -0.79157399 2.42412706
v -2.39505246 -1.01881856 2.22220116
v -2.52708544 -0.67441806 2.90462944
v -2.52367075 -0.49236225 3.80780950
v -2.37942906 -0.67654681 2.35928275
v -2.51161575 -0.43946175 2.28363200
v -2.51551661 -0.62165610 3.67798090
v -2.41438125 -0.99678950 2.05516700
v -2.51133395 -0.70066634 3.96888598
v -2.52678625 -0.77066950 3.72116781
v -2.51368500 -0.70767425 4.11220337
v -2.14862792 -0.61845430 2.17219196
v -2.36254875 -0.73615250 2.32904812
v -2.38299875 -0.89245225 2.05516450
v -2.37684998 -0.87073912 1.93650904
v -2.13347550 -0.57806800 2.10916750
v -2.37769250 -0.90714700 1.90154350
v -1.95248350 -0.55535150 2.80029250
v -1.91602400 -0.47236600 2.96507000
v -1.88475110 -0.45700819 2.95145317
v -0.91330200 -0.66865100 4.60629500
v -0.94869000 -0.64677100 4.57275100
v -0.90726100 -0.62333100 4.59120500
v -0.90661600 -0.60445400 4.58959500
v -0.88763500 -0.62436100 4.59731900
v -1.03684850 -0.65984350 4.29539950
v -0.97149200 -0.48662300 4.44158100
v -0.94610225 -0.48878800 4.55839100
v -0.97252503 -0.51574107 4.50893427
v -1.04876365 -0.61978679 4.51670745
v -0.90407500 -0.53269200 4.49297900
v -1.04103775 -0.64689300 4.45085950
v -0.96553300 -0.79264600 4.61482400
v -0.92869004 -1.02687699 4.68315759
v -0.90476975 -1.08709400 4.68952238
v -0.93150700 -0.80461100 4.65176900
v -0.97159800 -0.80461100 4.62997200
v -0.99857050 -0.81584625 4.60589325
v -0.92419000 -0.75829000 4.63133000
v -0.92295100 -0.80461100 4.63039800
v -0.66705072 0.90245740 -4.35012483
v -0.53689137 1.14557875 -4.47445788
v -0.56303227 1.12084334 -4.52502051
v -0.24130000 1.09243500 -4.60698900
v -0.20892500 1.14414500 -4.60386200
v -0.13488900 1.13298600 -4.61051500
v -0.10462900 1.14921000 -4.60747500
v 0.15280100 1.12099250 -4.62841350
v 0.76750700 1.07907000 -4.66301300
v 0.64705200 1.14414500 -4.65656700
v 0.77397400 1.14798200 -4.65949000
v 0.84552200 1.12967700 -4.66671100
v 0.96760775 1.12612125 -4.66912600
v 1.16795300 1.13435000 -4.67920400
v 1.18641400 1.14640200 -4.67767500
v 0.55895000 1.14802000 -4.64861000
v -0.51337256 1.03832575 -4.49029294
v 2.40871823 -0.63182204 -2.42057275
v 2.44579450 -0.77135600 -2.10873162
v 2.52563262 -0.81517518 -1.62170931
v 2.49658500 -0.80461100 -1.54134200
v 2.46502400 -0.80488325 -1.96683025
v 2.42602445 -1.19680606 -3.50243158
v 2.43579500 -0.80461100 -1.93258000
v 2.46032200 -0.79995800 -1.98167700
v 2.44749800 -0.81929600 -1.89853200
v 2.38532550 -0.81895050 -1.88459800
v 2.33985575 -1.12705813 -1.93935788
v 2.49334700 -1.12131300 -2.13140550
v 2.37706475 -1.25002950 -3.34300975
v 2.29088092 -1.27023047 -3.15739943
v 2.35209859 -0.74823224 -2.16513209
v 2.26187924 -0.71350435 -2.45496562
v 2.43859662 -1.07773350 -1.58286325
v 2.46326100 -0.70809125 -2.88025187
v 2.44702185 -0.70048955 -3.28189520
v 2.38175316 -1.00007498 -1.75448522
v 2.43804492 -0.97810483 -1.52077106
v 2.47797000 -0.84993100 -1.47556900
v 2.46425800 -1.05387100 -1.52987550
v 2.39962850 -1.14882525 -1.75161612
v 2.34687700 -1.19869500 -3.59410000
v 2.46675900 -0.84993100 -3.82326200
v 2.47185646 -0.90413903 -3.80281885
v 2.46781575 -0.82314550 -3.72724200
v 2.28511000 -1.26835550 -2.22501950
v 2.28059275 -1.28195925 -2.55144538
v 2.33341664 -1.19321871 -3.56666437
v 2.19526780 -1.12971111 -2.27826462
v 2.34256725 -0.93171250 -1.88145950
v 2.37132343 -0.72979800 -2.79978071
v 2.41363085 -0.72898403 -3.55697002
v 2.47148200 -0.93758700 -3.81298600
v 2.40493200 -0.71004700 -3.54804500
v -0.24525094 -0.59949128 -4.35854100
v -0.21420667 -1.18953579 -4.38457527
v -0.12436700 -1.26210500 -4.31485700
v -0.13302350 -0.73886525 -4.20474050
v -0.10624416 -0.58797629 -4.24932889
v -0.24378650 -0.36559975 -4.34834100
v -0.35797400 -0.14202463 -4.36385463
v -0.26369788 -0.19996716 -4.36028525
v -0.25545900 -1.16695500 -4.44482600
v -0.25376100 -1.17292500 -4.45178600
v -0.24267611 -0.65757111 -4.51252746
v -0.23664169 -1.22242214 -4.51000955
v -0.21377000 -0.07699500 -4.55306300
v -0.31251950 -0.21324400 -4.42860075
v -0.30795157 -0.06606099 -4.45028525
v -0.42726381 0.02685669 -4.38607394
v -0.45460116 -0.23607788 -4.28416649
v -0.19379755 -0.11379811 -4.24677830
v -0.45805413 -0.18644363 -4.26385425
v -0.16724900 -0.12481200 -4.21151350
v -0.24763300 -0.32855050 -4.34229325
v -0.47504687 -0.34368250 -4.21482788
v -0.44733770 -0.46415840 -4.31279841
v -0.29938212 -0.43172212 -4.14094187
v -0.26090300 -0.40107100 -4.32945200
v -0.58742400 -0.25176100 -4.21706200
v -0.59106902 -0.37242330 -4.24079770
v -0.50266450 -0.45372950 -4.30021737
v -0.20853350 -0.09086925 -4.18625225
v -0.33247450 -0.01247100 -4.01632050
v -0.31993569 -0.00366360 -4.07344143
v -0.30055025 0.05157425 -4.08588425
v -1.77611526 -1.09924024 4.22400697
v -1.68938475 -0.97452050 4.06394725
v 2.48276950 -0.35125200 -2.47724250
v 2.57543334 -0.36559990 -2.56760821
v 2.76779444 -0.20629096 -2.63969710
v 2.59159294 -0.22829544 -2.63774231
v 2.73562325 -0.33485000 -2.50512400
v 2.52420654 0.69957110 -2.02440326
v 2.51075300 0.86724300 -1.86735000
v 2.52269300 0.65431500 -2.10159100
v 2.52914700 0.75393100 -1.84891100
v 2.52807300 0.85315800 -1.83515900
v 2.53179300 0.95189200 -1.62079100
v 2.61422256 0.68737479 -2.62549732
v 2.52669400 0.67057650 -2.47790150
v 2.64296400 0.64390200 -2.58111800
v 2.52549296 0.67305493 -2.52659599
v 2.62407600 0.67403550 -2.67458300
v 1.92319900 -1.26939200 -2.72281800
v -0.55806850 -1.00365127 -3.23182709
v -0.37680319 -1.19804885 -3.07177391
v -0.38896425 -1.20463900 -2.89180900
v -0.26314632 -1.25826775 -3.27529222
v -0.32808350 -0.88032063 -2.98812054
v -0.32238229 -1.05811159 -2.79835302
v -0.24002525 -1.05566375 -2.74198425
v -0.40363650 -0.78195100 -3.02818850
v -0.27829750 -0.89462175 -2.87068900
v -0.35549575 -1.10852775 -2.76858100
v -0.45424725 -0.78180750 -2.87415100
v -0.47246009 -0.83988384 -2.91920863
v -0.39455237 -1.04820563 -2.75862425
v -0.40547400 -0.75929100 -3.02046000
v -0.39529000 -1.18311200 -2.84552450
v -0.57109050 -0.98042200 -3.03342738
v 1.91154100 -0.62137100 -2.21902650
v 1.86918529 -0.56320406 -2.23204006
v 1.87973250 -0.52847800 -2.26772100
v 1.95128144 -0.74952650 -1.98347875
v 2.08523531 -1.23802509 -2.00534746
v 1.76635375 -0.94226506 -1.87435206
v 1.50577465 -0.88885503 -1.90385150
v 1.49821700 -0.87055775 -1.93562475
v 1.71805665 -0.28997532 -1.72299612
v 1.54122100 -0.75711900 -1.90400000
v 1.51410912 -0.63302743 -1.90011698
v 1.52271447 -0.82723557 -1.76185062
v 1.51444700 -0.85738900 -1.82374200
v 2.13243413 -1.24275706 -1.80398031
v 2.00709923 -1.14136099 -1.57747098
v 1.81380157 -1.04264999 -1.72279162
v 1.87318968 -0.92034549 -1.70253582
v 1.75179638 -1.08231137 -1.66833025
v 1.82192300 -1.04353500 -1.73821100
v 1.95038900 -0.95277900 -1.68127100
v 2.03806413 -1.16091638 -1.67505475
v 1.79246400 -1.23637125 -1.72559575
v 1.71833081 -0.95065900 -1.81624325
v 1.59857200 -1.11075500 -1.82152450
v 1.68301550 -1.18855800 -1.57414550
v 1.64130916 -1.09791058 -1.82375916
v 1.75885570 -1.24239665 -1.57805223
v 1.82588750 -1.19522450 -1.51694800
v 1.63720750 -0.32251600 -1.81260775
v 1.68777011 -0.49237908 -2.11468210
v 1.65707200 -0.47865425 -2.14970075
v 1.76414425 -0.49599050 -2.05133625
v 1.79001927 -0.66563635 -2.09447115
v 1.87968800 -0.84167650 -2.16196150
v 1.90191250 -0.71952150 -1.87704600
v 1.70190750 -0.87058325 -2.05090875
v 1.89686025 -1.03598500 -1.98987750
v 1.62009000 -0.36189550 -2.08797150
v 1.66566100 -0.41308150 -2.14048700
v 1.63336950 -0.13638225 -1.82862550
v 1.88222111 -1.06387096 -2.08503714
v 1.49427350 -0.83016250 -1.74088750
v 1.83571351 -0.88633742 -2.08880192
v 1.76759237 -0.47452074 -1.92316005
v 1.66278400 -0.35141200 -1.89955400
v 1.93571050 -1.16458500 -1.66860300
v 1.99259050 -1.15870900 -2.01156575
v 1.71881600 -0.75974500 -2.06890650
v 1.88957025 -1.05819175 -2.01506125
v 2.26005950 1.44932450 -1.81797000
v 2.22958000 1.46908600 -1.81871000
v 2.15876000 1.45136650 -1.83381700
v 2.06633600 1.45974400 -1.81872600
v 2.13030400 1.46116100 -1.80859200
v 2.19884500 1.46281700 -1.77678200
v 2.00004300 1.46047300 -1.80558400
v 1.93975700 1.45985100 -1.78867100
v 1.94131900 1.45683700 -1.73872900
v 1.93365100 1.45942900 -1.79148600
v -2.26023500 -1.15379600 3.21567087
v -2.23998403 -1.20591860 3.31108112
v -2.28316750 -1.12194000 3.25308075
v -1.94489538 -1.14976550 3.29128775
v -2.54113900 -1.12185000 3.34942900
v -2.16190200 -0.79730537 3.09177550
v -2.15390970 -1.29188662 3.09640461
v -2.07126275 -1.25013138 3.05086450
v -2.03177321 -1.19009222 2.98251608
v -2.05861811 -1.03146015 3.14704955
v -2.16015100 -1.24740100 3.20905400
v -2.23657524 -0.87377269 3.03523185
v -2.15977800 -0.89525100 2.96786200
v -2.40419716 -1.12919994 3.15562156
v -2.22133000 -1.20617600 2.99761700
v -2.20348800 -1.16742700 2.94802700
v -2.20605100 -1.21249000 2.94418900
v -2.19219650 -1.24839488 3.12154313
v 2.33732100 0.28377600 -0.94729800
v 2.25331650 0.12140350 -0.98978700
v 2.26895464 0.14069042 -0.95802882
v 2.36117000 0.10077700 -0.96027900
v 2.65249041 0.05250442 -0.62978805
v 2.54747050 0.03238700 -0.54840350
v 2.37236058 0.11613890 -0.99535377
v 2.48342250 0.16157850 -0.96513700
v 2.35170625 0.08313425 -1.01575150
v 2.37593300 0.18654800 -0.95542500
v 2.50415000 -0.05591700 -0.74319200
v 2.38774300 -0.05985300 -1.21550700
v 2.60272456 0.08617207 -1.00206144
v 2.50490287 0.05906037 -1.15477538
v 2.41846700 0.06675000 -1.18737025
v 2.37198185 0.06723256 -1.19846174
v 2.33052328 -0.00242544 -1.11711037
v 2.33552050 -0.07120425 -1.13261575
v 2.31899100 0.01004500 -1.11229600
v 1.48419216 -0.68029398 -0.67046876
v 1.52234898 -0.41991858 -0.80885349
v 1.36598133 -0.33203772 -0.53208969
v 1.61575200 -0.81649800 -0.91837550
v 1.99860923 -0.90735476 -1.12896247
v 1.95503290 -1.02952025 -1.36597652
v 1.94679100 -0.89525100 -0.94418700
v 1.92861512 -0.69657344 -1.79073000
v 1.93917926 -0.77271259 -1.39991004
v 1.92512313 -1.12307238 -1.35250150
v 1.41655975 -0.76391719 -0.51029381
v 1.43622714 -0.87421937 -0.59609081
v 1.68183012 -0.83167362 -0.90186050
v 1.43419400 -0.48737200 -0.96591500
v 1.31524625 -0.38257175 -0.54557925
v 1.38735825 -0.67101500 -0.53078300
v 2.13432625 -0.54269332 -1.25044941
v 2.15372050 -0.54409800 -1.27961250
v 2.07422100 -0.49605400 -1.14903800
v 2.06589100 -0.57967600 -1.26009200
v 2.21307140 -1.10652725 -0.91061055
v 2.02445075 -1.01638025 -1.02700100
v 1.81264675 -1.15607875 -1.28748950
v 1.91436550 -1.16829800 -1.18862650
v 1.91721000 -0.89525100 -0.91899500
v 1.36409800 -0.39673200 -0.73768950
v 1.79733599 -0.95665776 -0.66387170
v 1.84642600 -0.84993100 -0.58003500
v 1.67112100 -0.82667800 -0.62907350
v 1.61178200 -0.78699700 -0.84662200
v 1.89964525 -0.82667575 -0.90058975
v 1.89663650 -0.85200300 -0.76857700
v 1.83002300 -0.82871700 -0.66099900
v 1.82508550 -0.82898000 -0.63856700
v 1.83150300 -1.12185000 -1.30906000
v 1.41787134 -0.73370713 -0.45843825
v 2.08190050 -0.82024650 -0.80263150
v 1.54812959 -0.70694274 -0.99488761
v 1.48920681 -0.56094044 -0.93221531
v 1.05854700 1.18283600 -1.17271100
v 1.15050012 1.15113609 -1.12683601
v 1.23868100 1.15510300 -1.10805300
v 1.13961400 1.15250750 -1.11444200
v -0.62070074 -0.41751638 -2.05173211
v -0.62195000 -0.61107600 -2.03523400
v -0.61916700 -0.30909950 -2.00642700
v -0.61747017 -0.10935977 -2.24189863
v -0.61678950 -0.08892300 -2.28562200
v -0.62790300 -1.16279300 -1.77097600
v -0.62864400 -0.96183000 -1.69126800
v -0.62657900 -0.83954400 -1.77929100
v -0.62435900 -0.63940900 -1.90070500
v -0.62386800 -0.49424600 -1.88923600
v -0.62901300 -1.01314400 -1.63261900
v 2.50438049 1.21981774 -0.29430599
v 2.50922400 1.14846500 -0.46917000
v 2.53066500 1.18925000 -0.51370600
v 2.47501000 1.14436200 -0.45418200
v 2.51574900 1.14346400 -0.36568700
v 2.48444105 1.21296812 -0.60546650
v 2.43835050 1.15512000 -0.59242350
v -0.70319885 -0.35845509 -0.97081215
v -0.72434000 -0.54402175 -0.99340838
v -0.64013648 0.37056408 -1.50332856
v -0.49227875 0.93359350 -1.43548975
v -0.48243681 0.71358064 -1.42640164
v -0.51739250 0.51771725 -1.47383950
v -0.69070150 0.41471750 -1.39578687
v -0.55286900 0.69094600 -1.37088100
v -0.59410250 0.84893850 -1.28435650
v -0.61161674 1.19822169 -1.24257034
v -0.63190772 0.75980335 -1.42079918
v -0.62956500 0.62251600 -1.39419600
v -0.62241092 0.68520030 -1.32071535
v -0.66277600 0.98533500 -1.38610500
v -0.67517551 -0.06785419 -1.03008141
v -0.65318500 -0.07949200 -1.11814100
v -0.57031175 0.28217375 -0.91901925
v -0.67826310 0.42814217 -1.01560638
v -0.65928813 -0.10919725 -1.01658750
v -0.67258000 0.47567675 -1.09546675
v -0.47801136 1.00808762 -0.93326729
v -0.46223350 0.89467225 -1.00021450
v -0.56958680 1.11706513 -1.06697186
v -0.74069969 -0.19757147 -1.37792067
v -0.75619775 -0.01128525 -1.40097375
v -0.89066550 -0.12410450 -1.37494900
v -0.48970681 0.45894437 -0.97585467
v -0.53812725 0.52102450 -1.02147700
v -0.54117109 0.92199870 -1.07261785
v -0.57552875 0.89524875 -1.07989800
v -0.60322847 1.09456230 -1.02691014
v -0.52721100 1.09882600 -1.12219700
v -0.67510000 -0.75826450 -1.15109950
v -0.95513075 1.44650600 -1.27947325
v -0.70595831 1.46143688 -1.23448272
v -1.17793600 1.50543150 -1.26220550
v -0.58659863 1.35863187 -1.24871313
v -1.14821042 1.48338168 -1.28906673
v -1.31032650 1.46003600 -1.28849150
v -0.63888623 -0.12216438 -1.32496715
v -0.73114975 -0.22761800 -1.37231525
v -0.44161954 1.14876774 -1.30347633
v -0.47669700 1.15013750 -1.41861900
v -0.61910189 1.28449089 -1.05609354
v -0.66213150 1.30964100 -1.05783550
v -0.76127500 1.41896250 -1.16966625
v -0.55992700 1.24907200 -1.03199000
v -0.54363400 1.23478500 -1.02546700
v -0.55455325 0.71360625 -1.32270250
v -0.42887350 1.10934050 -0.98006575
v -0.44018600 0.68934800 -1.41285900
v -0.43959800 0.42480550 -0.96819475
v -0.46845012 0.44796017 -0.88812583
v -0.67702354 0.05178110 -1.41211235
v -0.67239925 0.02992350 -1.39929725
v -0.69683300 -0.20327800 -0.94857900
v -0.70661700 -0.62333100 -1.09071500
v -0.67495300 -0.62333100 -1.11048200
v -0.73529400 -0.66395000 -1.10219600
v -0.68737900 -0.25510700 -1.01169250
v -0.67721300 0.16813325 -1.43076950
v -0.71080144 -0.30042137 -1.40429594
v -1.19354400 1.45466800 -0.87218800
v -1.21749547 1.43935533 -0.83651186
v -1.19915800 1.43988900 -0.70900450
v -1.17797600 1.43915300 -0.35339900
v -1.54274413 1.45811150 -1.12138550
v -1.13949600 1.43981000 -0.34676700
v -1.16852450 1.43820200 -0.44283000
v -1.27961800 1.43763900 -0.31719200
v -1.23716443 1.45173813 -1.07545175
v -2.41886563 1.50911772 -1.11826805
v -1.84231528 1.49318544 -1.25000756
v -2.52311000 1.50709300 -1.13187500
v -1.39713821 1.53282829 -1.21301363
v -1.25349400 1.50457750 -1.22947700
v -1.80263731 1.50230740 -1.18105931
v -2.27796687 1.48151688 -1.06755075
v -0.95503691 -0.08011728 -1.36210623
v -0.91087300 -0.12495050 -1.37370600
v -0.88821900 -0.08106000 -1.28455500
v -0.99458900 -0.07964800 -1.37082600
v 2.10631196 -0.74014793 -0.55691066
v 2.23884472 -1.06641569 -0.40679323
v 2.14303700 -0.67385100 -0.29291100
v 2.25065925 -1.19384675 -0.49302125
v 2.39165837 -0.63655048 0.43923730
v 2.26884344 -0.59044444 0.43570162
v 2.42239000 -0.64448200 0.40087800
v 2.44142100 -0.70361600 0.40238900
v 2.04978575 -0.67973988 0.06120187
v 2.14171611 -0.57795667 0.13849305
v 2.19167425 -0.50649950 0.38716600
v 2.25234994 -0.94433124 0.41567280
v 2.10786550 -0.91193275 0.27469175
v 2.32623300 -0.96402200 0.41635600
v 2.37989088 -0.73861725 0.37773937
v 2.10371900 -1.12276100 -0.04611400
v 2.16163277 -1.14885125 0.06679227
v 2.18218125 -1.17386775 0.13376500
v 2.18228325 -0.98636263 0.27988900
v 1.18752900 1.40199050 -0.66210350
v 1.29606100 1.40249800 -0.64911100
v -1.20712100 -0.21564600 -1.36283800
v -1.19663100 -0.21588700 -1.27545900
v -1.21308400 -0.17031800 -1.36418700
v -1.18640800 -0.17071400 -1.27609200
v 2.52269379 0.02795859 0.59527005
v 2.21822672 -0.14180824 0.59719180
v 2.13066600 -0.12281900 0.53476400
v 2.44647688 -0.19608394 0.75641854
v 2.14934800 -0.32600700 0.57593925
v 2.54844800 -0.10140900 0.90047300
v 2.53625850 0.10233025 0.52017975
v 2.19379994 -0.11928326 0.09349837
v 2.16496650 -0.10215200 -0.03438750
v 2.20529781 -0.11646350 0.12674309
v 2.20530950 -0.14688750 0.29231550
v 2.24092274 -0.07004771 0.27268756
v 2.26520950 0.00749925 0.29734312
v 2.15846675 -0.19144050 0.40485112
v 2.12851781 -0.32831748 0.43968986
v 2.21307701 -0.45073191 0.05705724
v 2.26547300 -0.44205200 0.05031300
v 2.16780500 -0.37739875 0.38884250
v 2.20023650 -0.08830900 0.18235850
v 2.19726475 -0.39309900 -0.07949300
v 2.07223950 -0.09674450 0.29026350
v 2.16632600 -0.06570500 0.44997100
v 2.20840550 -0.48645275 0.95385575
v 2.34359160 -0.44147560 0.84060198
v 2.43447712 -0.26103875 0.90020488
v 2.15143700 -0.17097050 0.19941250
v 2.13846836 -0.16313322 0.23307787
v 2.12267000 -0.18602825 0.26487275
v 2.07388788 -0.01199362 0.19444075
v 2.13308143 0.01432417 0.17977452
v 2.14539600 0.01471200 0.07546700
v 2.18720450 -0.05675650 0.15247700
v -1.03272838 -1.15145791 -1.19422044
v -1.08039244 -1.09974219 -0.83433666
v -1.16562400 -1.22137350 -1.29674250
v -1.11596250 -0.92865750 -0.50029250
v -1.05066332 -0.89412312 -1.11083521
v -1.09901105 -1.01791154 -0.48210738
v -1.11142500 -1.17850000 -0.32428050
v -1.03903600 -0.82952356 -1.09563331
v -1.06734088 -1.04734087 -1.29026462
v -0.85736071 -0.93725746 -0.89762397
v -1.07314847 -1.20252715 -0.49996135
v -0.81985275 -0.91715250 -0.93144900
v -1.08450230 -0.87970015 -0.78794363
v -0.93353702 -0.58829542 -1.17468957
v -0.90710175 -0.61625725 -1.14029500
v -0.97878213 -0.84103200 -1.15505463
v -0.89232200 -0.59908200 -1.11624350
v -0.97726850 -0.63383100 -1.08923050
v -0.93241298 -0.54256732 -1.07582103
v -0.94720200 -0.48883700 -1.04012900
v -1.02456960 -0.57071170 -1.00730143
v -2.54107560 0.19632299 2.15160499
v -2.58274175 0.18013800 1.99587425
v -2.58941525 0.13435200 2.19785525
v -2.65346525 0.98725350 2.26955625
v -2.65031854 0.84055426 2.25012831
v -2.65977275 0.31641700 2.28618300
v -1.53986159 -0.28677454 -1.36871767
v -1.54420400 -0.34218900 -1.36221600
v -1.63642800 -0.30589000 -1.36646100
v -1.66128773 -0.31450682 -1.36283070
v -1.55687450 -0.27178950 -1.36415350
v -1.51351900 -0.30606800 -1.36207400
v -1.65819600 -0.23803250 -1.35607450
v -1.67107400 -0.32894750 -1.35344850
v -1.69849942 -0.24717794 -1.33232893
v -1.66651625 -0.19328525 -1.29251925
v -1.75054300 -0.16794100 -1.35841000
v -1.61961575 -0.14048725 -1.33790675
v -1.60963530 -0.34123185 -1.35105142
v -1.55876000 -0.26092000 -1.35999300
v -1.59097025 -0.30226635 -1.36074638
v -1.54328700 -0.12667200 -1.36421600
v -1.51834900 -0.12478400 -1.36352300
v -1.56280000 -0.12464700 -1.36524700
v -1.62924650 -0.28349300 -1.35612300
v -1.55724400 -0.26061400 -1.36382200
v -1.61054175 -0.33784175 -1.36088825
v -1.68067850 -0.29228675 -1.31455650
v -1.69827275 -0.72239962 -1.29303813
v -1.84388825 -1.19077725 -1.42242200
v -1.77893715 -1.15637947 -1.40686637
v -0.55834888 -0.93961450 -0.65886512
v -0.58777225 -0.65580818 -0.35246653
v -0.55856725 -0.46503888 -0.36895000
v -0.60295177 0.01724309 -0.06549319
v -0.67726772 -0.07923234 -0.23836165
v -0.59384787 -0.42509426 -0.12875983
v -0.50516349 -0.24992680 -0.09711016
v -0.65970900 -0.01563700 -0.25941900
v -0.63866650 -0.39907775 -0.24467400
v -0.63206544 -0.79823946 -0.86670876
v -0.54127600 -0.86759350 -0.72629625
v -0.47200055 0.35789198 -0.20309950
v -0.60164913 0.27803225 -0.16479725
v -0.64352675 -1.08620862 -0.34688450
v -0.54662430 -0.94826648 -0.53314724
v -0.59597150 -0.20412200 0.00598075
v -0.66640046 -0.38396731 -0.02192351
v -0.59390000 0.08730000 0.02837800
v -0.59793250 -0.49017800 -0.02185500
v -0.58517500 -0.66566300 -0.11482300
v -0.09351900 -1.21907300 4.06066600
v -0.15600427 -1.24495973 4.20189170
v -0.06209700 -0.80486500 4.08773500
v -0.06444050 -0.78367400 4.11500700
v -0.06232500 -0.80486600 4.03876600
v -0.03708400 -0.48631900 4.01121600
v -0.03625800 -0.30821900 3.99987600
v -0.03179800 -0.18927600 4.07940300
v -0.03910900 -0.37427200 3.94615100
v -0.22415850 -1.21364675 3.78723825
v -0.26249938 -1.25391170 3.83834186
v -0.40866325 -1.25564675 3.80039250
v -0.23913802 -0.92682147 3.82965710
v -0.22929150 -1.12907175 3.72391325
v -0.29731300 -1.16717000 3.67732100
v -0.30697300 -1.21758100 3.70145100
v -0.07973700 -1.03176200 4.05673500
v -0.10153428 -0.70174979 3.91999866
v -0.21359650 -0.64058275 3.74926600
v -0.03633475 -0.20211400 3.89346600
v -0.08319407 -0.20108924 3.83577574
v -0.12448075 -0.15654000 3.70671100
v -0.30383000 -1.14451000 3.66330850
v -2.39084029 -0.60321717 -1.31633996
v -2.63397100 -0.32470800 -1.02399000
v -2.63236475 -0.27193625 -1.06137625
v -2.57287400 -0.38718800 -1.02770500
v -2.16475625 -1.07929250 -1.23019300
v -2.46060675 -0.53014975 -1.20881900
v -2.56144925 -0.28315600 -1.10026525
v -2.36317650 -0.39673100 -1.17557200
v -2.42638150 0.73607650 -1.34213350
v 1.72604325 -0.85029950 1.67869500
v 2.00549788 -0.96366970 1.63622758
v 2.08054430 -1.22855897 0.63487033
v 1.83212118 -1.23238710 1.10750110
v 1.69262518 -1.22250491 1.40324273
v 2.29987100 -1.07653100 1.13805300
v 1.87445450 -1.21274550 1.19913550
v 1.69514900 -1.26752500 1.57394300
v 1.67390350 -1.25407750 1.62485050
v 2.18544760 -1.22046685 0.75360699
v 1.73713225 -1.22471788 1.47745187
v 2.19552028 -1.11262780 0.69767286
v 2.31729766 -0.89680803 1.11429199
v 2.25156600 -0.74929500 1.21641550
v 2.18522241 -1.02075779 0.89088215
v 2.06845013 -0.93111069 0.74868994
v 2.23870050 -0.72264750 1.23560600
v -2.37508000 -1.15645500 -0.83849700
v -2.32270224 -1.14229301 -1.10181873
v -0.36377200 -0.45392162 -0.06911675
v -0.43770538 -0.46464180 -0.09032061
v -0.35988500 -0.36251587 -0.31706700
v -0.28304808 -0.41599412 -0.23068321
v -0.44778650 -0.50602150 -0.12678900
v -0.32582700 -0.39426400 -0.04752725
v -0.14989610 -1.24821922 -0.42088380
v -0.17663250 -1.23195000 -0.06246425
v -0.33806950 -1.19470200 -0.18977125
v -0.35942303 -1.12079490 -0.10358117
v -0.32786875 -1.16915950 -0.02732700
v -0.31495375 -1.00855100 -0.12175600
v -0.59576999 -1.06910854 -0.08121098
v -0.60897800 -1.03121000 -0.02647450
v -0.53700479 -1.26627447 -0.10087654
v -0.53101350 -1.22561625 -0.09204150
v -0.39249875 -1.25238075 -0.04864350
v -2.18482900 -1.14212950 -0.01005000
v 0.64177990 0.37631046 1.60222031
v 1.04626011 0.34508938 1.68019220
v 1.00281625 0.58787713 1.74811475
v 1.03905800 0.58155000 1.58479900
v 0.51573900 0.37484100 1.62100300
v 0.70044600 0.35100000 1.72395000
v 0.38753116 0.25333784 1.47387327
v 0.83018512 0.26766413 1.58293176
v 1.02977700 0.25641400 1.57841550
v 0.12532588 0.23254775 1.45130300
v 0.25605869 0.29119887 1.59474238
v 0.67464344 0.28148256 1.63321294
v 0.49599022 0.42449416 1.70646000
v 0.49366900 0.41090725 1.63237100
v 0.51532550 0.39657075 1.72069300
v 0.51715000 0.46954000 1.73577500
v 0.02877287 0.27083806 1.67924625
v -0.00633500 0.40769100 1.61387900
v 0.01752683 0.36891519 1.64749544
v 0.26974750 0.29130825 1.59603787
v 0.48048750 0.33389200 1.62543325
v -0.08584864 0.40432615 1.54644427
v -0.09509600 0.39634950 1.44848900
v -0.08697100 0.29019150 1.52229000
v 0.53872385 0.26074439 1.59187719
v 0.58993187 0.30536425 1.59866825
v 0.71985300 0.33007500 1.60151600
v -0.08257625 0.26041388 1.72020863
v 0.29055475 0.39101337 1.56962825
v 0.26096321 0.33288708 1.59716890
v 0.52423061 0.51594929 1.61977479
v 0.02307400 0.45249675 1.75821700
v 0.46543425 0.54366425 1.74592650
v 0.46268498 0.37605043 1.73707744
v 0.33135000 0.26086300 1.69864800
v 0.01072625 0.28088475 1.73421475
v 0.61871022 0.36968447 1.71434806
v 0.66556600 0.55554800 1.73536500
v 0.46159932 0.55931556 1.76120692
v 0.03437597 0.36751752 1.77513533
v 0.71640000 0.55551000 1.73192100
v 0.96389407 0.57837236 1.67212916
v 0.79714770 0.49583759 1.64257417
v 1.01240087 0.57941137 1.73787800
v 0.92308075 0.58416675 1.51304375
v 0.45903200 0.53279450 1.73637800
v -0.06080829 0.41977082 1.58007754
v -0.06870700 0.42251350 1.62222000
v 0.07708975 0.40351975 1.61184825
v 0.70886100 0.55306500 1.74529100
v 0.71139000 0.55595700 1.74838400
v -0.33474098 1.46235216 1.62211392
v -0.08240275 1.26201100 1.15825900
v -0.39318600 1.46138500 1.57632250
v 0.59671653 -0.49232741 1.57541337
v 0.71271600 -0.56203200 1.54379800
v 0.09467950 -0.56663025 1.60489000
v 0.04888493 -0.31352264 1.57894668
v -0.00000538 -0.44625101 1.45804278
v 0.00490450 -0.39679775 1.50274400
v 0.00302250 -0.45026900 1.39010300
v 0.01160200 -0.30727200 1.56503000
v 0.07386575 -0.30423362 1.55748138
v -0.01117700 -0.39673100 1.49932900
v 0.02355550 -0.32935500 1.58477000
v 0.00122000 -0.39600400 1.48427000
v 0.07061575 -0.46132225 1.53244950
v 0.02080600 -0.31785400 1.56902800
v -0.07455992 1.07669629 2.23277516
v -0.26253990 1.19930481 2.01308048
v -0.35628500 1.28391300 2.02435100
v -0.18324219 0.81680979 1.93318331
v -0.06071500 0.46678800 1.89628700
v -0.21481727 1.27783340 1.91972315
v -0.09768412 0.56259978 1.89425369
v -0.20163800 0.64562600 1.79637000
v -1.42222251 1.48542295 2.25219988
v -1.63008998 1.35714010 2.03055941
v -1.93728216 1.35278786 2.07900539
v -1.28558244 1.26136006 1.89278375
v -2.34171112 1.41847218 2.10754309
v -1.32427953 1.31671017 1.97936499
v -2.41699225 1.39977150 2.16620875
v -2.10802375 1.26360000 1.96068700
v -0.72399150 1.45835550 2.24627750
v -1.03623869 1.42419868 2.23366102
v -0.94893174 1.35983757 1.94715651
v -0.03137825 0.53995350 1.99462900
v 0.00883744 0.12528244 1.95121450
v 0.02867460 0.47894589 1.98231053
v 0.03938800 0.55803700 2.13008000
v 0.03000650 -1.18733650 2.41707100
v 0.03971424 -0.68804233 2.50565517
v 0.04676173 -1.17084170 2.50708744
v 0.02112900 -0.51160900 2.50296250
v -0.06641500 -1.19636000 2.58871700
v -0.35231187 1.28189006 1.91199531
v -0.61103550 1.29333975 1.90075100
v -0.30250211 1.36769168 2.56824196
v -0.41900711 1.48410407 2.85719788
v -0.53576400 1.46184500 2.29954600
v -0.54860000 1.46092250 2.90229450
v -0.26418050 1.27296988 1.88912688
v -1.73840050 -0.96743850 0.99715700
v -1.70537550 -1.04888450 1.21820600
v -1.68592800 -1.02916900 1.17168400
v -1.66329900 -1.03028700 1.21896300
v -1.81009789 -0.50026014 1.16883540
v -1.87635950 -0.63487050 1.34176200
v -1.98630294 -0.53131405 1.27817029
v -2.57539150 -0.53086900 1.27353000
v -2.55230600 -0.74689350 1.12168600
v -2.55013380 -0.56590015 1.34669787
v -2.44796800 -0.44640050 1.41245750
v -2.60650481 -0.76159562 1.07962438
v -2.22548900 -0.33134900 1.18148950
v -2.01706000 -0.25727250 1.19068913
v -1.82354300 -0.26077200 1.02692700
v -1.87135369 -0.13786931 1.19542800
v -2.07973050 -0.43638650 1.26954287
v -1.96860850 -1.16717000 1.26734400
v -2.29546950 -0.75563719 1.00837025
v -1.87125428 -0.18333079 1.14304979
v -2.40924164 -0.62411724 1.25161643
v -2.35519324 -0.42808540 1.02942304
v -2.33767500 -0.39673100 0.99004600
v -2.43087115 0.82422319 1.75316136
v -2.48287101 -0.36618463 1.73956300
v -2.44288564 0.60316543 1.72688097
v -2.40733300 -0.48709900 1.63969100
v -2.40530900 -0.03417200 1.64640500
v -2.65674149 -0.33138481 1.67446433
v -2.60666575 -0.31094637 1.40100713
v -2.53836699 -0.40389880 1.67845730
v -0.65896801 0.13001327 -3.75616084
v -2.60510931 -0.63187537 0.59135569
v -2.57760495 -0.50848738 0.51914205
v -2.69521459 -0.37811121 0.25988554
v -2.70860900 -0.39268800 0.16648900
v -2.65357206 -0.40240237 0.34695631
v -2.69833400 -0.32414600 0.27121700
v 1.96502662 1.14069650 -1.06278088
v -0.67691262 -0.80354650 -1.15371187
v -0.42333950 -0.41965850 -0.90058050
v -0.42718553 -0.54646248 -0.93170817
v -0.38893900 -0.75929100 -0.91471900
v -0.05555225 1.34713744 -0.13566037
v -0.32916325 -1.13022750 -1.92788575
v -0.40330275 -1.09740175 -1.07037050
v -0.37815100 -0.97679700 -0.89902300
v -2.52171800 0.50966700 4.72189600
v -2.51441700 0.50966700 4.67818000
v -2.52388700 0.46434700 4.67438900
v -2.48967200 0.50900000 4.64185000
v -2.51483800 0.55498700 4.67801100
vn -0.94766453 -0.31854960 0.02140278
vn -0.97582914 -0.21783132 0.01752133
vn -0.68078640 -0.70923607 -0.18306848
vn -0.22060260 0.40730670 0.88624813
vn -0.61779528 -0.77553804 0.12988355
vn -0.53114920 -0.29835888 -0.79300851
vn -0.12925155 -0.05377649 -0.99015258
vn -0.79920810 -0.06538879 -0.59748701
vn -0.61760321 -0.36050189 -0.69900261
vn -0.52256417 -0.58325801 -0.62188164
vn 0.02023307 -0.84815934 -0.52935466
vn -0.00901708 -0.03926015 -0.99918834
vn 0.02046480 -0.98169286 -0.18936820
vn -0.93651006 -0.25233869 -0.24346271
vn -0.50094466 -0.13801984 -0.85440329
vn -0.03651584 -0.87553726 -0.48176872
vn -0.50387796 -0.85646683 0.11212301
vn -0.16030880 -0.50548340 -0.84781343
vn -0.03143043 -0.76499546 -0.64326828
vn -0.03464427 -0.49645444 -0.86737118
vn -0.06471835 -0.55633557 -0.82843363
vn 0.81249699 -0.53509465 -0.23134901
vn 0.09087934 -0.45109725 -0.88783569
vn 0.42909206 -0.74577449 -0.50960810
vn 0.58839020 -0.78402156 0.19775533
vn 0.51947912 -0.85341631 -0.04268546
vn 0.90973651 0.35705017 -0.21188361
vn 0.91835688 0.17257707 0.35614295
vn 0.43628142 -0.03188136 -0.89924529
vn 0.99110559 -0.04848458 -0.12393122
vn -0.31840627 -0.28657493 -0.90359961
vn -0.88141993 0.04098450 -0.47055200
vn -0.73145834 -0.06244688 -0.67902068
vn 0.60351946 0.06803300 -0.79444054
vn -0.50515730 0.04635443 -0.86178151
vn 0.95364460 0.00366122 -0.30091289
vn -0.00474192 0.29615224 -0.95512898
vn 0.45042846 -0.08571181 -0.88868875
vn -0.16361760 -0.15561007 -0.97417390
vn -0.38330267 0.09127491 -0.91910171
vn 0.42087413 0.02496469 -0.90677546
vn -0.40252200 0.08057425 -0.91185735
vn 0.41429965 -0.54792731 -0.72672654
vn 0.77481678 0.49399237 -0.39450030
vn -0.31978412 0.63465572 -0.70352700
vn 0.40860942 -0.13534415 -0.90261858
vn 0.36081388 -0.11611804 -0.92538097
vn 0.35524577 -0.04708023 -0.93358658
vn 0.34787154 -0.14563573 -0.92616177
vn 0.07719055 0.99701136 0.00315608
vn -0.62267413 0.72288119 -0.29953251
vn -0.51897129 0.80570321 -0.28550155
vn -0.54127435 0.73823078 -0.40253869
vn 0.97117784 0.21588360 -0.10103406
vn 0.95663668 0.28671299 -0.05139962
vn 0.95762043 0.28577608 -0.03598826
vn 0.95024319 0.27315556 -0.14974620
vn -0.19388056 0.89291086 -0.40635026
vn -0.51886888 0.13748210 -0.84372612
vn -0.55049562 0.14034649 -0.82295652
vn -0.58339293 0.13535577 -0.80083176
vn -0.52923998 0.10040991 -0.84250988
vn -0.22535231 0.36350029 -0.90392692
vn 0.79024568 0.01734537 0.61254461
vn 0.00000000 0.00000000 -0.00000000
vn 0.93817972 -0.00688514 0.34608005
vn 0.25958181 0.92314976 -0.28356975
vn 0.67145847 0.03918620 0.74000538
vn 0.89133041 -0.03480596 0.45201620
vn 0.76980059 0.34427781 0.53747543
vn 0.99594640 0.07670197 0.04698477
vn 0.99675034 -0.06165975 0.05183471
vn 0.21829224 -0.10246716 0.97048904
vn 0.47135700 -0.82078382 0.32270189
vn 0.95674604 0.28776120 0.04278446
vn -0.08758605 -0.08891598 0.99218075
vn 0.35717455 0.05589786 -0.93236354
vn 0.68003020 0.04645220 -0.73171109
vn 0.73220361 0.27775818 -0.62187480
vn 0.87254434 0.05275774 -0.48567788
vn 0.00000000 0.00000000 0.00000000
vn 0.73386914 0.16987798 -0.65770628
vn -0.56031487 0.76480845 -0.31798629
vn -0.81153746 0.42620697 -0.39969309
vn -0.57711639 0.69652544 -0.42636719
vn -0.64557930 0.75306346 0.12697559
vn -0.59103567 0.80099180 0.09533615
vn -0.65093986 0.75791759 0.04287458
vn -0.70546820 0.70568324 0.06577070
vn 0.51961216 0.83945178 -0.15913489
vn -0.42756456 -0.12181807 -0.89573931
vn 0.12243044 -0.73090797 -0.67140474
vn -0.78898283 -0.14449966 -0.59718167
vn -0.43937767 -0.18262674 -0.87954234
vn -0.58253453 0.78247651 -0.21996372
vn 0.99276672 0.10484005 -0.05850474
vn -0.21424751 0.61976196 -0.75497889
vn -0.89366907 -0.05160434 0.44574947
vn -0.68198785 -0.72453085 -0.09973778
vn -0.06657848 -0.26479588 -0.96200335
vn -0.09650807 0.99042346 -0.09872972
vn -0.06665599 0.98987029 -0.12535468
vn 0.07737096 0.99378029 -0.08009041
vn -0.19788222 0.95797535 -0.20766766
vn -0.22153377 0.94631707 -0.23538645
vn -0.96392309 0.21224670 -0.16063506
vn -0.51966562 0.20676713 -0.82897226
vn -0.78886237 0.13083399 -0.60048199
vn -0.96355656 0.03724319 -0.26489941
vn -0.27235105 -0.34637689 -0.89769035
vn -0.15180171 -0.98435035 0.08950214
vn -0.75784062 -0.63565952 -0.14701895
vn -0.86562720 -0.33499129 -0.37211609
vn -0.97077841 -0.23993302 -0.00462794
vn -0.64819841 -0.75983618 0.04987789
vn -0.85923437 -0.17220024 -0.48172957
vn -0.99378306 -0.05248453 -0.09818655
vn -0.33029434 -0.93975540 -0.08812178
vn -0.65465822 -0.75558759 -0.02258329
vn -0.01291687 -0.99991626 0.00079399
vn -0.11182792 -0.95193123 0.28516916
vn -0.15679136 -0.09521288 0.98303152
vn 0.57284297 -0.81902916 0.03228256
vn 0.12289435 -0.99238503 0.00830259
vn -0.01256264 -0.99860143 0.05135522
vn 0.04126866 -0.99899164 0.01768068
vn 0.91788427 -0.35135338 -0.18449733
vn 0.47449371 -0.25005247 0.84399614
vn 0.93496838 0.15016147 -0.32138087
vn 0.86437607 0.18358162 -0.46813652
vn 0.39358572 0.41408409 -0.82074639
vn -0.64845104 0.69806535 -0.30367092
vn -0.01103762 -0.99993908 0.00004819
vn 0.01104170 -0.99790224 0.06379027
vn 0.01985267 -0.99980011 -0.00236712
vn -0.66858746 -0.05882125 -0.74130350
vn 0.95925153 -0.17789642 -0.21952076
vn 0.75895690 0.13431743 -0.63713676
vn 0.38167761 -0.36736752 -0.84815288
vn 0.40001244 0.56439573 -0.72211323
vn -0.56720991 -0.81953373 0.08147010
vn -0.92175663 -0.38378977 0.05540878
vn -0.10068336 -0.99161747 0.08097937
vn -0.87290111 -0.43678556 0.21739832
vn -0.26009916 -0.96529522 0.02352790
vn -0.01183026 -0.99913377 0.03989674
vn 0.00911044 -0.99826062 0.05824724
vn -0.00726125 -0.99733385 0.07261170
vn -0.54687744 -0.83328692 0.08098135
vn -0.21220483 -0.45597749 -0.86432265
vn 0.67207833 -0.73979620 -0.03181665
vn -0.15580129 -0.88552138 -0.43769606
vn 0.67914568 -0.52449115 -0.51348825
vn 0.97920294 -0.20282695 0.00477741
vn 0.35622356 -0.75892758 -0.54509973
vn 0.99232120 -0.12229403 -0.01851530
vn 0.99525638 -0.09485618 -0.02161100
vn 0.53373473 -0.83934699 0.10307212
vn -0.03375714 -0.99943004 0.00022773
vn 0.64745184 -0.76190247 -0.01762757
vn 0.44496545 -0.49217286 -0.74817887
vn 0.05579226 -0.31640927 -0.94698067
vn -0.02413724 -0.15955524 -0.98689387
vn 0.14646868 -0.47004090 -0.87040708
vn -0.35670096 -0.14021493 -0.92363640
vn -0.16937142 -0.06899273 -0.98313444
vn -0.18497541 -0.33286970 -0.92465229
vn 0.50132277 -0.84439870 -0.18885528
vn -0.21747545 -0.31647370 -0.92333571
vn -0.07170936 -0.09653689 -0.99274287
vn -0.02397063 0.01239238 -0.99963585
vn 0.09690545 0.07655212 -0.99234526
vn 0.25171580 -0.08120004 -0.96438877
vn 0.10542020 -0.10691358 -0.98866378
vn -0.04719815 0.25401990 -0.96604670
vn -0.14178261 -0.23662782 -0.96119975
vn -0.27711620 0.93740500 -0.21089920
vn 0.60022152 0.33436339 -0.72659153
vn 0.09565011 -0.99339577 0.06337114
vn 0.27330385 0.66835697 -0.69181209
vn 0.99558877 -0.02926221 -0.08914439
vn 0.91305236 0.14834047 -0.37990854
vn 0.98739274 0.05821545 -0.14719559
vn 0.99040637 -0.10202823 -0.09319580
vn 0.89298454 0.32849577 -0.30768351
vn 0.90260830 0.32649515 0.28053374
vn 0.92450727 0.25530831 -0.28302645
vn 0.98820380 0.14306715 -0.05463547
vn 0.81787815 0.28893174 -0.49758796
vn -0.50256869 -0.62604873 -0.59622790
vn -0.00681229 0.28253142 -0.95923386
vn 0.04771395 -0.89571328 -0.44206459
vn 0.02442522 -0.98236057 0.18539451
vn 0.11248637 -0.11298476 -0.98720882
vn 0.07195213 -0.86321803 -0.49967741
vn -0.00954430 0.26318398 -0.96469845
vn 0.09834942 0.21508102 -0.97163139
vn -0.02499334 0.02824052 -0.99928865
vn -0.06459806 0.02473112 -0.99760486
vn -0.26766613 -0.91976573 0.28702934
vn -0.55601254 -0.81707115 0.15246246
vn -0.10210206 -0.99257744 -0.06606967
vn 0.07876966 -0.99682429 -0.01169101
vn 0.99256148 0.11936138 -0.02397007
vn -0.56814302 -0.73113554 -0.37769607
vn 0.03218072 -0.99934013 0.01684362
vn 0.02250875 -0.99855687 -0.04876005
vn 0.17878303 -0.97616377 0.12304848
vn 0.17051102 -0.98513896 -0.02066932
vn -0.34531927 0.27549404 -0.89713858
vn 0.35304354 -0.46515162 -0.81178459
vn 0.40637444 -0.37034744 -0.83528593
vn -0.33729325 0.93596705 0.10098988
vn -0.80164552 0.59779023 -0.00336015
vn -0.87958999 0.47099091 -0.06700005
vn -0.73183384 0.67783965 -0.07037498
vn -0.97759210 0.17353571 -0.11915977
vn -0.79224711 0.59317275 0.14314539
vn -0.84651137 0.52995094 -0.05070010
vn 0.12981809 -0.95893734 -0.25216354
vn -0.12241081 -0.78873822 -0.60241814
vn -0.31273239 0.09165890 -0.94540843
vn -0.62445748 -0.77682167 -0.08124623
vn -0.48700864 0.86123783 -0.14523083
vn -0.69176578 0.33044104 -0.64208163
vn -0.92686051 -0.11975835 -0.35579143
vn -0.81840034 0.35234227 -0.45395573
vn -0.98082672 0.12871922 -0.14632264
vn -0.90114494 0.42250664 0.09708730
vn -0.94444939 0.13792024 0.29831755
vn -0.81886895 0.35235347 0.45310118
vn -0.79282347 -0.04866109 0.60750559
vn -0.94440196 -0.28934700 -0.15615140
vn -0.68849474 -0.69944329 0.19171353
vn -0.93783482 0.32309360 0.12679263
vn -0.93760653 -0.25665652 0.23456645
vn -0.84702324 0.51303499 0.13909252
vn -0.93360549 0.16522064 0.31793541
vn -0.93121963 0.01992834 0.36391327
vn -0.39809534 0.87866777 0.26355845
vn -0.56416508 0.37826581 -0.73391603
vn -0.64300720 0.04690172 -0.76442264
vn -0.66562205 -0.70887442 -0.23333313
vn -0.87223855 0.22054389 -0.43653213
vn -0.99488798 -0.01317440 -0.10012165
vn -0.77767578 0.02247969 -0.62826352
vn 0.99665206 0.08144141 -0.00720920
vn -0.83102771 0.43564457 -0.34584210
vn 0.36844872 0.56490851 -0.73832508
vn -0.48016995 0.39153015 -0.78494647
vn 0.03049650 0.36236154 -0.93153855
vn -0.22346621 0.21173095 -0.95143726
vn -0.18847390 0.30909042 -0.93216989
vn -0.89503204 -0.44580619 -0.01320933
vn -0.84080669 -0.48433717 -0.24178839
vn -0.98633799 -0.14960208 -0.06896801
vn -0.90917327 -0.24580032 -0.33613415
vn -0.13060541 -0.04078172 -0.99059532
vn -0.11136912 0.19435257 -0.97458914
vn -0.98334301 -0.16251940 0.08138778
vn -0.67058596 -0.07018356 -0.73850439
vn -0.96195783 -0.26844995 -0.05071251
vn -0.83030062 -0.10098213 -0.54809077
vn -0.91229401 -0.36046743 -0.19437815
vn -0.18033351 -0.73814747 -0.65009087
vn -0.09807765 0.11387730 0.98864186
vn -0.02720334 -0.78589884 -0.61775641
vn -0.03502216 -0.14533799 -0.98876201
vn -0.28222683 -0.94515502 0.16440806
vn -0.85207945 0.08152269 0.51702481
vn -0.59720751 0.24884611 0.76250823
vn -0.77626387 0.28536631 0.56212141
vn -0.88133095 0.06161535 0.46846484
vn -0.45055835 -0.87664176 0.16880878
vn -0.99325654 0.03407603 0.11081634
vn -0.55045863 -0.00805001 -0.83482363
vn -0.99127404 -0.04189387 0.12498274
vn -0.82610977 -0.29068486 -0.48274730
vn -0.70267932 -0.42832169 -0.56813933
vn -0.70162942 0.26953261 -0.65959709
vn -0.85979016 0.28894479 -0.42103657
vn -0.71208741 -0.69354679 0.10919879
vn -0.93347749 -0.35723205 0.03170224
vn -0.38051224 0.04504878 -0.92367800
vn -0.35628706 0.16158752 -0.92029832
vn -0.99724062 -0.06653628 0.03292515
vn -0.18779353 0.41743403 -0.88909078
vn -0.02182911 -0.30967733 -0.95059110
vn -0.74787173 -0.24811271 -0.61573367
vn -0.32979574 -0.55678140 -0.76238392
vn -0.42229384 -0.90253914 0.08420815
vn -0.09113049 0.56817216 -0.81784817
vn -0.41474238 -0.87692616 0.24287707
vn -0.07774174 0.41328400 -0.90727755
vn -0.24205191 0.68711641 -0.68504155
vn -0.44389061 -0.75756027 -0.47860586
vn -0.02296411 -0.82328402 -0.56716495
vn -0.31003545 -0.91507156 0.25791871
vn -0.08552205 0.55172180 -0.82963187
vn -0.97492313 -0.21644361 0.05174034
vn -0.89036224 0.05888199 -0.45142883
vn -0.87110912 -0.49079154 0.01710441
vn -0.90058950 -0.43217789 -0.04648459
vn -0.87736099 0.44554431 -0.17812346
vn -0.90829528 0.41725438 0.02997451
vn -0.63867990 0.76530841 -0.07994391
vn -0.93223838 0.36136945 -0.01854010
vn -0.12286290 0.48628246 -0.86512084
vn -0.03967122 -0.41192785 -0.91035248
vn 0.22332283 0.21134998 -0.95155562
vn -0.06441575 0.43523075 -0.89801158
vn -0.10495484 0.63803490 -0.76282105
vn -0.05588947 0.75319939 -0.65541364
vn -0.13812604 0.51538793 -0.84575202
vn 0.54111905 0.57739951 -0.61139184
vn 0.21943650 0.18906211 -0.95713277
vn 0.74487459 0.35309319 -0.56611575
vn -0.34214471 -0.76193910 -0.54989618
vn 0.38782686 0.76917062 -0.50790441
vn 0.03806719 0.93880689 -0.34233393
vn 0.38966318 -0.83073915 -0.39753625
vn 0.06468666 -0.99095006 -0.11761636
vn 0.52020204 -0.85386056 0.01766293
vn 0.01557472 -0.93499672 -0.35431420
vn -0.64054242 0.76782514 0.01224564
vn -0.35627309 0.92060828 -0.15984330
vn -0.98637158 -0.09185850 -0.13650316
vn 0.25857736 -0.82435775 0.50355938
vn 0.72218775 -0.35486895 -0.59372795
vn 0.48814387 0.49410363 -0.71942836
vn -0.07977400 0.33353362 -0.93935693
vn -0.19362394 0.87231150 -0.44897931
vn 0.22275484 0.93961988 -0.25979756
vn -0.13515066 0.64658654 -0.75077303
vn -0.07935984 0.59873011 -0.79700958
vn -0.01872058 -0.96041589 -0.27794039
vn 0.40377914 -0.86096683 -0.30935179
vn -0.11469109 -0.95207258 0.28355556
vn 0.95683143 0.09853803 0.27342983
vn 0.82901389 -0.53729849 0.15506871
vn 0.10503842 -0.10935247 -0.98843764
vn 0.43783876 0.47280843 -0.76468909
vn 0.35021322 0.81910885 -0.45432521
vn 0.25665650 0.91953350 -0.29763330
vn 0.24094765 0.67426986 -0.69807191
vn 0.89798533 0.10662889 -0.42691056
vn 0.86856750 -0.29836985 -0.39568412
vn 0.98332624 0.17816934 0.03640327
vn 0.95838346 0.28486202 0.01883558
vn -0.16053128 -0.51881319 -0.83968005
vn -0.17966820 0.02806852 -0.98332675
vn -0.11300463 -0.65424963 -0.74778832
vn 0.01900060 -0.79589568 -0.60513556
vn -0.10219825 -0.83433347 -0.54170395
vn -0.02560926 -0.99955808 0.01509314
vn 0.03164918 -0.76901666 -0.63844475
vn 0.00665030 -0.76786857 -0.64057289
vn 0.04448570 -0.99811522 0.04227316
vn -0.22977997 -0.90618364 -0.35501040
vn -0.02314726 -0.93231267 -0.36091176
vn 0.00422014 -0.99987290 0.01537476
vn -0.00731929 -0.99989799 0.01226532
vn 0.02201960 -0.97973556 -0.19908132
vn 0.99873167 -0.04810026 0.01487990
vn 0.99967568 -0.01830663 -0.01770294
vn 0.86117041 0.01886249 -0.50796627
vn -0.19380049 0.01007152 -0.98098926
vn 0.08155071 0.88926437 -0.45006485
vn 0.94224214 -0.33485557 -0.00717552
vn -0.99686593 -0.00376402 0.07901992
vn -0.33133197 0.46618613 -0.82029849
vn 0.13371767 0.31339601 0.94016090
vn 0.90027547 0.36201912 -0.24175657
vn 0.87309393 -0.26062988 0.41204255
vn 0.89111876 -0.40265412 0.20922959
vn 0.89983404 -0.24433365 0.36138591
vn 0.99293032 -0.08457642 -0.08328396
vn 0.98362330 -0.08373650 0.15960386
vn 0.99429305 -0.08420085 -0.06550986
vn 0.98681305 -0.07777220 0.14195594
vn 0.84987256 0.33781052 0.40447582
vn 0.93280154 0.30405986 0.19346546
vn 0.45749210 -0.87033216 0.18227154
vn -0.04832642 -0.99872283 -0.01473986
vn -0.07715955 -0.99676112 -0.02266425
vn 0.87759704 -0.46450007 0.11858803
vn 0.10420760 -0.99308639 -0.05403881
vn 0.70279681 -0.71024219 -0.04040627
vn 0.00217931 -0.99999729 -0.00081791
vn 0.95049630 -0.11244641 0.28967670
vn 0.99814387 -0.03891454 0.04684525
vn 0.67511922 -0.73748985 -0.01796568
vn 0.99739391 -0.01064034 0.07135942
vn 0.99737492 -0.06133434 -0.03848857
vn 0.91996886 0.36866258 -0.13321112
vn 0.96754083 -0.10514174 -0.22980419
vn 0.82711409 0.56178479 0.01673706
vn 0.99214925 -0.00860831 0.12476282
vn 0.98087366 -0.19225207 0.03043016
vn 0.98895020 -0.08560550 -0.12103386
vn 0.65285712 -0.75703550 -0.02597752
vn 0.92045722 -0.28702087 0.26528764
vn 0.95701732 0.25270240 -0.14233534
vn 0.24054174 -0.85792533 -0.45398656
vn 0.90743485 0.37730518 0.18493996
vn 0.96754858 0.14124078 -0.20952514
vn 0.68818172 -0.72526144 -0.02004426
vn 0.96048560 -0.07176916 0.26891745
vn 0.64518989 -0.27391755 -0.71323151
vn 0.93790164 0.28483227 -0.19801791
vn 0.94136875 0.25982241 -0.21521430
vn 0.91975636 0.33605063 -0.20277626
vn 0.92470741 -0.35735556 -0.13119912
vn 0.89301866 0.13789757 -0.42837125
vn 0.93985924 0.20319879 -0.27454483
vn 0.83832492 0.42985309 -0.33531724
vn 0.98233294 -0.11683830 -0.14618760
vn 0.89651797 -0.38368158 0.22145872
vn 0.49999538 -0.12757293 0.85658027
vn 0.01134577 0.99938945 0.03304554
vn 0.69696529 0.70595377 0.12597085
vn 0.99028703 0.13716441 0.02274901
vn 0.92328533 -0.02454402 0.38332988
vn 0.90313118 0.19451127 0.38277858
vn 0.96740366 0.23418944 0.09636115
vn 0.47589496 0.66242624 -0.57854599
vn 0.05121369 0.90587600 -0.42043529
vn 0.70819531 0.70589975 -0.01284294
vn 0.22122078 0.86224632 -0.45562337
vn 0.64580955 0.60085475 -0.47106644
vn 0.79643373 0.22002902 -0.56327661
vn 0.35264534 0.62193304 -0.69917133
vn 0.52399315 0.76594366 -0.37250703
vn 0.70124737 0.69320093 -0.16650707
vn -0.00000000 -0.00000000 -0.00000000
vn -0.18851908 0.94444607 0.26922516
vn -0.08851389 -0.93901029 0.33230252
vn -0.18410811 -0.96339270 0.19488128
vn 0.71959239 -0.57907300 0.38322480
vn 0.94505726 0.19370000 -0.26333835
vn 0.94637798 0.31087926 -0.08787947
vn 0.93150718 0.36359041 0.00981749
vn 0.92220870 0.09660486 0.37443107
vn 0.98347358 0.01220939 0.18063954
vn 0.89167301 0.07108850 0.44706338
vn 0.96241625 -0.10960949 -0.24847679
vn 0.99817059 -0.06037822 -0.00315477
vn 0.99286275 0.00645779 0.11908757
vn 0.53728037 -0.81972909 0.19842891
vn -0.00725830 -0.99878859 -0.04866903
vn 0.03897891 -0.99799448 -0.04987641
vn 0.00285491 -0.99998673 0.00428775
vn -0.01071827 -0.99994208 0.00098091
vn -0.07011421 -0.99682210 -0.03781139
vn -0.00608485 -0.99997266 0.00420062
vn 0.66573056 0.08046943 -0.74184061
vn 0.68996542 -0.47292984 -0.54798274
vn 0.64800152 -0.49436861 0.57939081
vn 0.95314911 0.07521138 0.29300173
vn 0.90309710 -0.01782319 0.42906638
vn 0.98439747 -0.12215032 0.12665278
vn 0.35557057 -0.38560129 -0.85139956
vn 0.32133530 0.26263994 -0.90981530
vn 0.79934000 -0.35355968 -0.48585092
vn 0.98525748 0.00924696 0.17082798
vn 0.97224216 0.06222007 0.22555230
vn 0.31872601 0.30378532 -0.89784643
vn 0.74686951 0.60701640 -0.27150880
vn 0.85493045 -0.48707266 0.17847730
vn 0.27991575 -0.70590732 -0.65064740
vn -0.23842148 0.68841831 -0.68500761
vn 0.85055014 0.52545167 0.02156378
vn 0.96610690 0.10388336 -0.23631697
vn 0.99720946 0.06822159 0.03031692
vn 0.00000000 0.00000000 -0.00000000
vn 0.63252898 0.69572525 0.34040192
vn 0.15096835 -0.04721590 0.98741036
vn 0.98741176 -0.12846634 -0.09227363
vn 0.99604019 -0.02829332 -0.08428186
vn 0.95614052 -0.13503299 0.25992575
vn 0.99406888 -0.10842074 0.00848558
vn 0.97875991 -0.06931596 0.19293607
vn 0.96045482 -0.02752919 0.27707162
vn 0.84855184 -0.30410161 -0.43299191
vn 0.52184024 0.68485044 -0.50858888
vn 0.80445315 0.56768169 0.17490748
vn 0.95796465 0.16991549 0.23115462
vn 0.80585571 -0.47162170 -0.35800774
vn 0.70746403 -0.55790356 -0.43386434
vn 0.78842434 -0.49841719 -0.36050987
vn 0.86309314 0.50253101 -0.05032699
vn 0.82860168 0.52125516 0.20423592
vn 0.63010849 0.73433491 0.25241935
vn -0.00000000 -0.00000000 0.00000000
vn -0.00000000 -0.00000000 0.00000000
vn -0.00000000 0.00000000 0.00000000
vn 0.00000000 0.00000000 -0.00000000
vn 0.49565873 0.86791368 0.03237703
vn 0.19562721 0.89652490 -0.39745830
vn 0.87777052 -0.44465386 -0.17833077
vn 0.05701401 -0.62343499 -0.77979370
vn 0.40390422 -0.91357433 0.04736373
vn 0.00576075 -0.99996494 0.00607701
vn 0.03475146 -0.99938344 0.00500843
vn 0.01285347 -0.99990578 0.00481918
vn 0.88590473 0.31180147 -0.34344236
vn 0.94884122 0.26921258 0.16499980
vn 0.98425980 0.13848478 0.10979352
vn -0.35527319 -0.92165896 0.15596704
vn -0.11536300 -0.99242874 -0.04214941
vn 0.00808861 -0.99933022 0.03568865
vn 0.53641872 0.84345426 0.02898062
vn -0.47108014 0.22728141 -0.85230667
vn 0.78009090 0.62060577 0.07941452
vn 0.92824607 0.18283893 0.32392770
vn 0.96335139 0.12607221 -0.23676970
vn 0.67503602 -0.46517532 0.57265897
vn 0.99652881 0.08238145 0.01198418
vn -0.19842829 0.44397195 -0.87379352
vn 0.63879676 -0.41061134 -0.65064355
vn 0.76925345 -0.09604082 -0.63168449
vn 0.12535022 -0.97917284 0.15971184
vn 0.74474559 -0.12777920 -0.65500113
vn 0.99424376 0.10248309 -0.03125014
vn -0.74533369 -0.66038560 0.09147974
vn 0.00000000 0.00000000 0.00000000
vn 0.09850941 0.98605395 -0.13413990
vn 0.30314301 0.91124520 0.27881265
vn 0.99869102 -0.02973602 -0.04161743
vn 0.12451376 0.98977885 -0.06952809
vn 0.96863272 0.15801712 -0.19178436
vn 0.35216228 0.82325045 -0.44524199
vn 0.14816218 0.98310211 -0.10750915
vn 0.20394513 0.94618545 -0.25127571
vn 0.22710056 0.97373504 0.01629161
vn 0.94384790 -0.27069309 -0.18941066
vn 0.98609546 -0.07974680 -0.14579503
vn 0.00000000 -0.00000000 0.00000000
vn 0.31595367 0.72984505 -0.60621735
vn 0.73920510 0.16129574 0.65388035
vn -0.18181985 -0.50645843 -0.84287686
vn 0.48633227 0.78434569 -0.38507501
vn 0.43986557 0.72377934 -0.53165942
vn 0.26615088 0.76654173 -0.58444630
vn 0.26098528 0.83936065 -0.47682322
vn 0.29695177 0.95480510 -0.01291800
vn 0.78750846 0.26407387 -0.55686212
vn 0.54641093 0.82778186 -0.12732749
vn 0.88659736 0.22353493 -0.40494106
vn 0.00433065 0.17220390 -0.98505181
vn 0.01297614 0.99978647 0.01608194
vn 0.02157174 0.99954228 0.02121078
vn 0.04035370 0.99918183 0.00269267
vn 0.00389079 0.99996134 -0.00788515
vn 0.16204720 0.87546103 -0.45531164
vn 0.45211446 0.02454576 -0.89162213
vn 0.43960472 0.16333345 -0.88321565
vn 0.45816061 -0.00535395 -0.88885330
vn 0.03393963 -0.99915746 -0.02307542
vn 0.73234682 -0.67982762 -0.03876258
vn 0.72418449 -0.68952321 0.01070356
vn 0.72314819 -0.69017615 0.02671300
vn 0.83320955 -0.55257987 -0.02042884
vn 0.93415672 -0.34505828 0.09102746
vn -0.28302867 -0.77244935 -0.56852157
vn 0.65862748 -0.01981624 -0.75220819
vn 0.21886912 0.27139130 -0.93725294
vn 0.65620387 -0.09204631 -0.74894857
vn 0.37356903 0.86154386 -0.34378534
vn 0.06986694 -0.09722062 -0.99280752
vn 0.92609738 -0.02796211 -0.37624693
vn 0.57001871 0.44238736 -0.69236703
vn 0.99521393 0.00688862 -0.09747704
vn 0.66230377 0.69015623 -0.29161292
vn 0.97767045 0.11575019 0.17539207
vn 0.53690525 -0.29808821 0.78922504
vn 0.19278077 0.10534130 -0.97557101
vn -0.00450306 0.11870318 -0.99291957
vn -0.53984682 -0.76570341 -0.34966226
vn -0.66647760 -0.67385934 -0.31893761
vn 0.66209027 -0.74847098 -0.03778461
vn 0.87804277 -0.45349856 -0.15290505
vn 0.90663615 -0.38585158 -0.17067350
vn 0.10710063 -0.99153758 0.07336671
vn 0.77861920 -0.61646897 -0.11712446
vn 0.89921541 -0.43519245 -0.04493517
vn 0.52530863 -0.85049730 0.02655536
vn 0.48690934 -0.61327019 -0.62194772
vn 0.90506322 -0.42455517 0.02476852
vn 0.57972002 0.37608032 -0.72283352
vn 0.75715115 -0.14752508 -0.63636348
vn 0.68866934 -0.72366927 -0.04513689
vn 0.97769519 -0.03379357 -0.20729234
vn 0.74510978 -0.66421807 -0.06021448
vn 0.95876227 -0.05893469 -0.27803167
vn 0.96168084 0.02237970 -0.27325649
vn -0.11817355 -0.89172268 -0.43688177
vn 0.82670730 0.49349987 -0.27020904
vn 0.47058746 -0.88040938 0.05853859
vn 0.45804838 -0.10517602 -0.88268323
vn -0.00194040 -0.24204928 -0.97026202
vn -0.63517464 -0.73442072 -0.23912210
vn 0.23911208 0.18961233 -0.95229858
vn -0.14556277 0.56012657 -0.81551806
vn 0.12393287 0.75521466 -0.64365477
vn -0.08036030 0.78490556 -0.61438219
vn 0.28317311 -0.70368092 0.65164879
vn 0.46833710 0.75024321 -0.46668564
vn 0.79730344 0.57077812 0.19626404
vn 0.35355083 -0.00579780 -0.93539735
vn -0.36873264 0.46316023 -0.80592731
vn 0.04629884 0.65991410 -0.74991319
vn -0.10029011 0.62210742 -0.77648197
vn 0.39789263 0.42163310 -0.81480487
vn 0.72862063 0.62267499 -0.28528552
vn 0.78479371 0.58398051 -0.20752255
vn 0.86944380 0.44654921 -0.21133216
vn 0.63854010 -0.30685294 -0.70576753
vn 0.94338159 0.09503443 -0.31780441
vn -0.05185809 0.05869668 -0.99692800
vn -0.01720898 0.07849130 -0.99676625
vn -0.00966522 0.05034858 -0.99868494
vn 0.02789162 0.12873505 -0.99128671
vn -0.01777218 0.01183707 -0.99977199
vn 0.09191734 0.01436332 -0.99566304
vn 0.02077593 0.08240718 -0.99638216
vn 0.00675789 -0.05192283 -0.99862823
vn 0.08746425 0.09157982 -0.99194916
vn 0.52515876 0.10837166 -0.84407574
vn 0.03935860 -0.02647532 -0.99887435
vn -0.01020833 0.02627650 -0.99960259
vn -0.04530405 -0.09631191 -0.99431965
vn -0.01250830 -0.03381827 -0.99934972
vn 0.58455375 -0.30828996 -0.75050264
vn 0.26700664 -0.71947165 -0.64114585
vn 0.50231791 -0.83380134 -0.22902411
vn 0.82046790 0.07141409 -0.56721465
vn 0.84898510 0.05548171 0.52549603
vn -0.93091629 -0.34285684 -0.12587317
vn -0.48621592 -0.83210399 -0.26682773
vn -0.06839699 -0.98967606 0.12594902
vn 0.02520297 -0.99914275 0.03284171
vn -0.00000000 0.00000000 -0.00000000
vn 0.00000000 0.00000000 0.00000000
vn -0.94119904 -0.11020049 -0.31937473
vn -0.78811472 0.28828558 -0.54384428
vn -0.55641007 0.69878633 -0.44956146
vn -0.68725639 0.35866121 -0.63169676
vn -0.83037058 0.18351267 -0.52612527
vn -0.39249647 0.45473947 -0.79947391
vn -0.23839860 0.11334658 -0.96453028
vn -0.71814940 -0.03882744 -0.69480491
vn -0.82434788 0.17808094 -0.53734323
vn -0.84184975 -0.50157622 -0.19927441
vn -0.00000000 0.00000000 0.00000000
vn 0.00000000 0.00000000 0.00000000
vn -0.96506073 -0.21366278 0.15167733
vn -0.96524071 -0.21061628 0.15476159
vn -0.96577466 -0.21123006 0.15053628
vn -0.96560652 -0.21317612 0.14886231
vn -0.78278430 -0.43983159 -0.44022370
vn -0.66140244 -0.18279118 -0.72741611
vn -0.51045963 -0.51612692 -0.68778192
vn -0.84441067 -0.53381574 -0.04484849
vn -0.88774805 -0.42799005 0.16949309
vn -0.52060796 0.66966324 -0.52963998
vn -0.72994252 -0.15901500 -0.66475420
vn -0.93538914 -0.07836882 -0.34482674
vn -0.31243636 -0.84406393 -0.43582061
vn -0.06028575 -0.70822265 -0.70341049
vn 0.01871305 0.00720993 -0.99979890
vn 0.04900244 -0.75455756 -0.65440175
vn -0.01784376 -0.99971303 0.01598276
vn -0.84665779 -0.30707893 -0.43459535
vn 0.09462173 -0.10704585 -0.98974134
vn -0.97698037 -0.19876115 -0.07748130
vn 0.02195507 -0.68786508 -0.72550645
vn -0.64876465 0.04877791 -0.75942422
vn -0.84876777 -0.52859710 -0.01335619
vn -0.98726770 -0.15316543 0.04292840
vn -0.99960468 -0.01391562 -0.02443030
vn -0.99951829 -0.01002020 0.02937326
vn -0.77715458 -0.42987197 -0.45960945
vn -0.82012037 0.51257596 0.25429996
vn -0.99806810 0.01723274 -0.05969179
vn -0.81356954 -0.52681609 0.24610852
vn -0.89965205 -0.16435149 0.40449323
vn -0.82932001 -0.55372799 0.07492421
vn -0.03682657 -0.00965683 -0.99927501
vn -0.05453267 -0.02451612 -0.99821097
vn -0.01424226 -0.06109378 -0.99803041
vn -0.04243917 -0.06772302 -0.99680114
vn -0.82219668 0.32905166 -0.46445411
vn -0.77087839 0.08170191 -0.63172091
vn 0.00000000 -0.00000000 -0.00000000
vn 0.37257041 -0.26291318 -0.88998199
vn -0.46102801 -0.00230777 -0.88738258
vn -0.39511403 -0.49898506 -0.77129684
vn 0.52459157 0.01242043 -0.85126342
vn 0.57683043 -0.28280669 -0.76634655
vn 0.14577965 0.04859229 -0.98812301
vn -0.50672032 -0.29382763 -0.81049358
vn -0.31781044 -0.12240803 -0.94021955
vn -0.85261512 0.49906084 -0.15487327
vn -0.93620259 0.02596764 -0.35050021
vn -0.58260921 0.10446593 -0.80601078
vn -0.99265006 -0.11316633 -0.04288647
vn -0.99873468 0.04712493 0.01755817
vn -0.92693729 0.35044368 0.13407642
vn -0.38204285 -0.64328918 -0.66349250
vn 0.08093862 -0.98891381 -0.12449266
vn -0.82808078 -0.41894030 -0.37252012
vn -0.11012173 -0.99168922 0.06652592
vn -0.90627539 -0.42079305 0.03997656
vn 0.05302889 0.98739621 -0.14911960
vn 0.15378056 0.88240463 -0.44464998
vn -0.13016127 0.82765779 -0.54593097
vn -0.08419929 0.31842983 -0.94419962
vn -0.24397829 0.96896228 0.03983343
vn 0.54477307 0.72108250 -0.42809150
vn 0.46589047 0.50351204 -0.72761370
vn 0.63491088 0.65978109 -0.40196653
vn 0.25452011 0.49678871 -0.82971109
vn 0.41178383 0.87598139 -0.25117856
vn 0.45709137 -0.05762083 -0.88755130
vn -0.52431795 0.85140647 -0.01406065
vn -0.94665695 0.11243033 -0.30199344
vn -0.91427308 0.10212134 -0.39201527
vn -0.63195874 -0.16043390 -0.75821443
vn -0.02348729 -0.12037640 -0.99245044
vn -0.98974690 0.01327200 -0.14221434
vn -0.91903661 -0.21095526 -0.33297085
vn -0.86352433 -0.19567639 -0.46479724
vn 0.03542389 0.99196131 0.12148216
vn -0.25834478 0.18953179 -0.94727804
vn -0.58657624 0.71793430 -0.37483150
vn -0.19683275 0.67609594 -0.71003602
vn -0.59884266 0.19102234 -0.77775184
vn -0.03196322 0.96542099 -0.25872893
vn -0.82627083 0.45367639 -0.33384766
vn -0.15411820 0.98725463 -0.03969739
vn -0.06505015 0.99786708 0.00545569
vn 0.10409421 0.99353240 0.04536255
vn -0.06160449 0.99809155 0.00426044
vn -0.12126341 0.98739904 -0.10167757
vn 0.01662600 0.90543029 -0.42416926
vn -0.71881924 0.31154115 -0.62148291
vn 0.09241483 0.86310518 -0.49649668
vn 0.03318818 0.99852928 -0.04286987
vn -0.56339292 0.69936464 -0.43986080
vn 0.00431983 0.99944759 -0.03295226
vn 0.03383157 0.99940213 0.00712840
vn -0.97918065 0.16628241 -0.11642774
vn -0.26531873 0.94664311 -0.18295573
vn -0.23448417 0.96792602 -0.09020193
vn 0.05129001 0.99656001 -0.06509597
vn 0.54643361 0.12045683 -0.82879459
vn -0.99939257 0.03481907 -0.00145788
vn -0.63523485 0.52610089 -0.56541538
vn 0.01692105 0.94313397 -0.33198191
vn -0.06874401 -0.50479974 -0.86049491
vn 0.04957976 0.89783364 -0.43753468
vn 0.21262318 0.63344413 -0.74400263
vn 0.43529895 0.70162883 -0.56412039
vn 0.11720211 0.83784252 -0.53318249
vn -0.08063851 0.88206483 -0.46417569
vn 0.23748515 0.58333400 -0.77673821
vn 0.63288865 0.36676072 -0.68186401
vn 0.62497894 0.05127709 -0.77895570
vn 0.24522077 0.01060388 -0.96940927
vn 0.96644459 0.25104093 -0.05443625
vn 0.97958235 -0.13150330 0.15207007
vn 0.98781018 -0.15566295 -0.00029555
vn 0.98949880 -0.08530766 0.11668214
vn 0.88244986 0.17450228 -0.43684231
vn 0.87176011 0.19717073 -0.44850642
vn 0.86235186 0.19263759 -0.46823074
vn 0.13707288 0.96767644 0.21169158
vn 0.80507318 0.56505150 -0.18048262
vn 0.98116350 -0.01278561 -0.19275557
vn 0.96279379 -0.24623642 -0.11133613
vn 0.18937548 0.96168607 -0.19823427
vn 0.08156779 0.99042479 -0.11137966
vn 0.93149995 0.19947551 0.30416668
vn 0.87506723 0.43972921 -0.20222654
vn 0.95376933 0.26254346 -0.14627030
vn 0.71506864 0.66191585 -0.22482048
vn 0.20483223 0.56501989 0.79924732
vn 0.42988686 0.85463583 0.29119560
vn 0.88107769 -0.30471515 -0.36173304
vn 0.92461281 -0.26513558 -0.27348544
vn -0.58930034 0.42971400 -0.68415714
vn -0.30680620 0.33861185 -0.88950097
vn -0.20605520 -0.46640425 -0.86023737
vn 0.59329455 0.55385779 -0.58416018
vn 0.33758921 0.89035642 -0.30544882
vn 0.20418799 0.97878732 0.01681231
vn 0.88616352 0.30518472 -0.34867821
vn 0.99257789 0.02432284 -0.11915342
vn -0.03020902 0.92088855 -0.38865370
vn 0.63475102 0.34897178 -0.68942719
vn 0.39009388 0.76210859 -0.51673714
vn -0.14631018 0.98622621 0.07714403
vn 0.45399624 0.67684043 -0.57946048
vn 0.02619705 0.98242164 -0.18482811
vn 0.71670551 0.68691766 -0.12032182
vn 0.99334921 0.06413581 -0.09562397
vn 0.88345373 0.42220430 0.20310843
vn 0.99870915 0.04842502 0.01533150
vn 0.99861059 0.04443796 0.02832229
vn 0.99765738 0.05510311 0.04053897
vn 0.92012030 0.37953539 -0.09659975
vn 0.81870107 0.56739947 -0.08824054
vn 0.83509379 0.54668725 0.06124876
vn 0.97257865 -0.22173126 -0.07018556
vn 0.83313448 0.33823835 0.43758629
vn -0.00044798 0.99965889 0.02611317
vn 0.93130094 0.01978519 -0.36371294
vn 0.02733750 0.31528777 -0.94860228
vn 0.61454555 -0.32364603 -0.71943520
vn 0.78324503 -0.12271749 -0.60948145
vn 0.66806332 0.51500193 -0.53708884
vn 0.90123566 0.31941316 0.29283017
vn 0.47526523 0.87580608 -0.08418238
vn 0.54687808 0.82963317 -0.11239739
vn 0.98279488 -0.00045264 -0.18469981
vn 0.96537632 -0.01349086 -0.26051212
vn 0.94206372 0.25582586 -0.21695411
vn 0.66442138 0.73675679 -0.12543392
vn 0.76391614 0.60888045 -0.21376793
vn 0.54786349 0.75911839 0.35154639
vn 0.61382329 0.61271960 -0.49779078
vn 0.89617846 0.43139077 0.10376018
vn 0.13228998 0.98626537 0.09889378
vn 0.78369707 0.38131467 0.49032440
vn 0.76509762 0.55683897 0.32335119
vn 0.96813295 -0.20820891 -0.13916769
vn 0.99506655 -0.01150025 -0.09854093
vn 0.90608306 -0.14473762 -0.39757327
vn 0.00000000 0.00000000 0.00000000
vn 0.93359511 -0.00558775 -0.35828612
vn 0.68007652 0.49053923 0.54485520
vn 0.17676222 0.98290666 0.05147445
vn 0.21672857 -0.09074106 0.97200555
vn 0.57038020 0.13798013 0.80970854
vn 0.99901407 0.03807962 -0.02282176
vn 0.74597376 0.54669737 0.38032241
vn 0.45784935 0.68989272 0.56073346
vn 0.99349468 0.08931980 0.07064206
vn 0.74175471 0.28092804 0.60899867
vn 0.65233866 0.41728924 0.63271159
vn 0.06965942 0.36772164 0.92732322
vn 0.44697020 0.79257175 0.41478629
vn 0.83320986 0.55112950 0.04491773
vn 0.47462882 0.87859008 0.05298064
vn 0.63165220 0.73109930 0.25789399
vn 0.26369087 0.95514281 -0.13479370
vn 0.61501546 0.78436269 0.08081555
vn 0.72475117 0.64990969 -0.22880807
vn 0.93664195 0.29527748 -0.18844912
vn 0.65491532 0.75020549 -0.09098157
vn 0.90776135 0.41797674 -0.03556379
vn 0.99216895 0.10712978 -0.06421827
vn 0.93716338 0.34405037 -0.05791498
vn -0.50945954 0.80077037 0.31498857
vn 0.71639466 0.38567626 0.58140564
vn 0.80120726 -0.37446226 0.46673863
vn -0.18375161 0.48578395 -0.85454625
vn 0.97659168 0.21147126 0.03935227
vn 0.29915804 0.86654875 0.39949685
vn 0.60723195 0.41218702 0.67924312
vn 0.95692102 -0.04503128 0.28683506
vn 0.14406774 0.69498073 0.70444750
vn 0.68542282 0.46563298 0.55980487
vn -0.28605692 -0.18163535 0.94084007
vn -0.42354038 0.34674487 0.83688801
vn -0.07780736 -0.05144474 0.99564022
vn 0.00697855 -0.06711520 0.99772083
vn -0.04146320 -0.08462302 0.99554997
vn 0.12970853 -0.08620018 0.98779817
vn 0.01999936 -0.09513274 0.99526368
vn -0.90149984 0.34527837 0.26092313
vn 0.98681916 0.14542142 0.07099691
vn 0.64980879 0.41452488 0.63711668
vn 0.81554172 0.03469748 0.57765716
vn 0.96359482 -0.09938167 0.24821019
vn 0.92229160 0.21954332 0.31808636
vn 0.62863432 0.52348374 0.57513796
vn 0.35958323 0.65852014 0.66109843
vn -0.02920033 0.21407518 0.97638064
vn -0.07755292 0.57344533 0.81556483
vn 0.42737835 0.50415407 0.75045081
vn 0.27925615 0.95777824 0.06838750
vn -0.67278580 -0.55735785 0.48653006
vn -0.57448140 0.81377949 -0.08794355
vn 0.52460007 -0.02054607 0.85110083
vn 0.48452725 0.77106333 0.41315212
vn 0.15364603 0.71176830 0.68540411
vn -0.10634250 0.87402119 0.47410782
vn 0.06315757 0.96172100 0.26665303
vn 0.08334430 0.99555285 0.04391180
vn -0.07786132 0.57955388 0.81120584
vn 0.17504222 0.98112672 0.08216189
vn -0.45103211 0.82466907 0.34130772
vn -0.07616267 0.99676406 0.02570331
vn -0.14949131 0.95057600 0.27213530
vn 0.96768420 0.17689790 -0.17970649
vn 0.13723946 -0.11324231 0.98404345
vn 0.11008247 0.95339137 0.28093903
vn 0.10150297 0.95899495 0.26462393
vn -0.00870863 0.99897103 0.04450892
vn 0.10955101 0.98991096 0.08986026
vn 0.06321103 0.99772304 0.02351806
vn 0.03474931 0.42611623 0.90400080
vn 0.29523823 0.18296543 0.93774092
vn -0.24462534 -0.35283481 0.90314231
vn 0.73530041 -0.50059176 0.45688203
vn 0.07587160 0.37359040 0.92448565
vn -0.03168667 0.68020616 0.73233567
vn -0.99094908 0.13343256 -0.01468610
vn -0.88943446 0.43789696 -0.13096792
vn 0.07611403 -0.95396725 -0.29009160
vn -0.96318998 0.16822678 0.20967786
vn -0.06329217 0.99740794 0.03422729
vn -0.99563139 0.09081186 0.02171031
vn -0.99875591 0.02535135 0.04294114
vn -0.99991862 0.00805187 -0.00989522
vn -0.99939653 -0.00129735 0.03471143
vn -0.99983376 0.00878583 0.01597717
vn 0.52362053 0.72885108 0.44113223
vn -0.26634382 -0.07298496 0.96111090
vn -0.18780616 0.09371630 0.97772496
vn -0.06902971 0.99696720 0.03593456
vn -0.30450544 0.93073989 0.20248382
vn -0.57360920 0.81540730 0.07799632
vn 0.24142598 0.92535035 0.29230161
vn 0.40542008 0.89013354 0.20807893
vn -0.02791836 0.34559134 0.93796972
vn -0.19995189 0.04538501 0.97875403
vn 0.81568827 0.51189312 0.26947743
vn 0.99109523 -0.03608139 -0.12817325
vn 0.59097346 0.48949462 0.64120620
vn 0.23529112 0.48551274 0.84197118
vn -0.00000000 0.00000000 -0.00000000
vn -0.01466986 0.99971885 -0.01862833
vn -0.35091795 0.04713576 0.93521912
vn -0.24421754 0.08360334 0.96610987
vn 0.10564906 -0.13452314 0.98526230
vn 0.33114368 0.59938183 0.72875598
vn 0.42874464 0.86639842 0.25599183
vn -0.46088231 0.88451799 0.07221790
vn -0.25944981 0.95783987 0.12340415
vn 0.07393929 0.98004238 0.18452619
vn 0.44085613 -0.21279862 0.87198774
vn 0.05247543 -0.18969264 0.98044022
vn 0.80946001 0.39814247 0.43157510
vn 0.38311320 0.81969711 0.42581795
vn -0.33340186 0.90024313 -0.28000982
vn -0.14623996 0.98828322 -0.04370528
vn -0.01484125 0.99984584 0.00938278
vn -0.96794084 0.24249237 -0.06548261
vn 0.01873647 0.99977188 -0.01025379
vn 0.20868175 0.94386037 -0.25608502
vn 0.21570789 0.94708015 0.23771685
vn 0.25475082 0.94846432 0.18846074
vn -0.45768117 -0.49436541 0.73900662
vn -0.63638076 -0.52979918 0.56065352
vn -0.89512027 -0.19496535 0.40093418
vn -0.80956259 -0.53130994 0.24963605
vn 0.26664263 -0.96320648 -0.03368961
vn 0.64661168 0.35557993 0.67487498
vn 0.99517738 -0.00234093 0.09806380
vn 0.42529469 -0.75387164 0.50080134
vn 0.30093818 -0.86206620 0.40777210
vn 0.47855840 -0.81609731 0.32398618
vn 0.37791555 -0.88669332 0.26637340
vn -0.04470190 0.99887989 0.01551464
vn -0.23528538 0.40092077 0.88538316
vn -0.00000000 -0.00000000 0.00000000
vn -0.11019259 0.41170546 0.90463043
vn -0.04004562 0.46388285 0.88499099
vn -0.15508029 0.31193282 0.93736227
vn -0.03281442 0.39641342 0.91748549
vn -0.86549077 0.50091974 -0.00226804
vn -0.72512253 0.67958897 0.11115820
vn -0.80383525 0.56780530 -0.17733028
vn -0.97820237 0.02906510 0.20560968
vn -0.90378721 0.07657780 0.42107543
vn -0.79437749 -0.39348746 0.46274402
vn -0.83276325 -0.47593709 0.28282371
vn -0.58704457 -0.62871299 0.50999867
vn 0.75686856 0.02255113 0.65317794
vn 0.61426404 0.12366071 0.77935083
vn 0.62094593 0.75575831 0.20797962
vn -0.97894866 0.00524885 0.20403914
vn -0.99807792 -0.04442450 0.04320789
vn 0.77077453 -0.57926491 0.26525230
vn -0.94275148 0.13451058 0.30516642
vn 0.06350650 -0.20071314 0.97758946
vn 0.07434896 -0.20538868 0.97585231
vn 0.05262144 -0.23675225 0.97014399
vn 0.04988197 -0.07185423 0.99616703
vn 0.00000000 0.00000000 -0.00000000
vn -0.66731234 -0.53577791 0.51733575
vn -0.87726824 0.11056225 0.46709359
vn 0.98262693 -0.14951513 0.10995243
vn 0.32798080 0.93647003 0.12430798
vn 0.26272590 0.92764108 0.26543762
vn 0.28896252 0.94382231 -0.16031255
vn 0.61039428 0.25535398 0.74980875
vn 0.75894757 0.31096224 0.57210233
vn 0.35302526 -0.93054510 0.09725724
vn 0.72884469 -0.08224027 0.67972197
vn 0.62032628 0.77975983 0.08467534
vn 0.07274619 -0.30083961 0.95089617
vn -0.08673253 -0.17192298 0.98128485
vn 0.27994297 -0.25025239 0.92682559
vn 0.01446980 0.02166016 0.99966067
vn -0.01970696 -0.53990011 0.84149837
vn 0.01841034 -0.59336727 0.80472128
vn -0.00869108 -0.10483477 0.99445168
vn -0.11226309 -0.71653392 0.68845925
vn 0.01352030 -0.66805851 0.74398591
vn 0.00755855 -0.38016869 0.92488628
vn 0.04386850 0.02062046 0.99882448
vn 0.00933156 0.05883923 0.99822386
vn -0.01318745 0.00047762 0.99991293
vn 0.06902405 0.03218938 0.99709554
vn 0.15443179 0.26333343 0.95226379
vn 0.01691198 0.06142857 0.99796819
vn 0.59863996 0.70867547 0.37337552
vn -0.26753812 0.80385430 0.53126417
vn 0.87677776 0.47468507 -0.07703800
vn 0.34646781 0.79537176 0.49733673
vn -0.08029225 0.21193799 0.97397918
vn -0.68432143 0.05698425 0.72695047
vn -0.25069502 0.84164103 0.47832247
vn -0.23159605 0.94412231 0.23451298
vn 0.63174231 0.50488576 -0.58821086
vn 0.34242674 0.86493466 -0.36692228
vn 0.89831327 0.40531413 0.16956923
vn 0.75136603 0.07293938 0.65584216
vn 0.07445996 0.99719577 0.00750437
vn 0.84189716 0.25379133 0.47623432
vn -0.56413851 0.81280790 -0.14522763
vn 0.00095455 -0.47359929 0.88073992
vn 0.09036923 -0.42864565 0.89894177
vn 0.04413111 -0.42909937 0.90217857
vn -0.00878044 -0.08635646 0.99622561
vn 0.02109158 -0.10044168 0.99471936
vn 0.24777062 -0.35334661 0.90208419
vn 0.59367234 -0.36928742 0.71496850
vn 0.53948026 0.21815781 0.81324548
vn 0.49463487 0.00991781 0.86904429
vn 0.54463055 -0.44991720 0.70777968
vn 0.88378234 -0.34969622 0.31087188
vn 0.96041707 -0.08347181 0.26576590
vn 0.22686854 -0.22369081 0.94788875
vn 0.15835710 0.14685723 0.97639950
vn 0.23549044 0.16847452 0.95716278
vn 0.71279282 0.00051033 0.70137446
vn -0.79845599 0.52222288 0.29958521
vn -0.04417552 0.81175157 0.58232973
vn -0.04754261 0.98983421 0.13404450
vn 0.64970460 0.76018656 0.00056343
vn 0.30321626 0.74158020 0.59843020
vn 0.40959617 0.82469668 -0.39000816
vn 0.90688658 0.24492255 -0.34288435
vn 0.93434988 0.08561558 0.34591947
vn 0.99855162 0.00355920 -0.05368423
vn 0.28112307 0.76418825 -0.58050508
vn 0.81608382 0.50701851 0.27737955
vn 0.11589631 0.89313530 0.43460024
vn -0.05926209 -0.03445928 0.99764751
vn 0.07928798 0.07640523 0.99391934
vn 0.98195813 -0.16382413 -0.09444518
vn 0.27013803 -0.08402781 0.95914794
vn 0.86709664 0.04851718 0.49577163
vn 0.25064883 0.96319660 0.09709521
vn -0.06036562 0.76431850 0.64200718
vn -0.00288440 0.75275733 0.65829179
vn -0.10492942 0.64897662 0.75353777
vn 0.96041238 0.00776327 -0.27847406
vn 0.24469978 0.90470641 0.34875253
vn 0.91769141 0.09174573 0.38655555
vn 0.73799903 0.00690954 0.67476640
vn 0.87196116 0.04028546 0.48791477
vn 0.95144683 -0.04087680 0.30508691
vn 0.99809562 0.06168209 0.00067649
vn 0.99174932 0.12356636 0.03412674
vn 0.71234773 -0.15274516 0.68500337
vn 0.53548054 -0.34356249 0.77150853
vn 0.82338867 -0.22572642 0.52065217
vn 0.85019516 0.15531185 0.50303720
vn 0.99961776 0.02764270 0.00045900
vn 0.99961650 -0.02138322 0.01759558
vn 0.89621265 0.31658621 0.31076688
vn 0.99882668 0.03452354 -0.03396167
vn 0.89885688 0.42915202 -0.08879669
vn 0.96562073 0.19009399 -0.17731576
vn 0.95868431 0.28296893 0.02920568
vn 0.99116378 -0.00881697 0.13235034
vn 0.66664896 0.18295761 0.72256880
vn 0.36756835 0.52901380 0.76487770
vn 0.36441461 0.15391202 0.91842968
vn -0.07097750 0.29600049 0.95254706
vn -0.10147088 0.22001932 0.97020367
vn 0.23787954 0.50703087 0.82845219
vn -0.06944232 -0.16320563 0.98414515
vn 0.53090275 0.64470412 0.54999898
vn 0.52320513 0.68598846 0.50564437
vn 0.63820153 0.73744163 -0.22108517
vn 0.48125666 0.77307118 0.41322268
vn 0.45181290 0.86185729 -0.23036302
vn 0.59758486 0.78823481 -0.14689524
vn 0.84115868 0.36504821 0.39898858
vn 0.86351772 0.50213027 -0.04692914
vn 0.96557944 -0.15664882 0.20764753
vn 0.94970395 -0.16638629 0.26528855
vn 0.96088857 -0.18084301 0.20973545
vn 0.95472800 0.28429599 -0.08757992
vn 0.96383173 -0.17749511 0.19880613
vn -0.30200700 -0.26599268 0.91544507
vn 0.06182916 0.12734121 0.98992998
vn -0.21918787 0.64547539 0.73165442
vn 0.31398760 -0.36700860 0.87562348
vn -0.13504885 -0.08877374 0.98685411
vn -0.47494841 0.06025637 0.87794828
vn 0.09944842 -0.58870532 0.80220699
vn 0.01443964 -0.29639589 0.95495601
vn 0.49909814 0.23529260 0.83398947
vn 0.28445081 -0.02758870 0.95829359
vn 0.11687059 0.03428395 0.99255523
vn -0.10517047 -0.13870300 0.98473380
vn 0.03645853 0.01264466 0.99925517
vn 0.79580822 0.07472361 0.60092068
vn 0.67425458 -0.20916121 0.70826009
vn 0.54736283 0.17373967 0.81866260
vn 0.91101481 -0.03954203 0.41047345
vn 0.75050294 0.46169121 0.47284941
vn 0.51024288 0.75373820 0.41416292
vn -0.16552280 0.88527686 0.43461142
vn 0.41292984 0.90804815 0.07026735
vn 0.13262062 0.99071639 0.02988000
vn -0.11476956 0.79861147 0.59080256
vn 0.68504729 0.70150114 0.19648500
vn 0.47956047 0.87746745 -0.00852250
vn -0.07202560 0.94574753 -0.31681843
vn 0.37905860 0.91308629 0.15029304
vn 0.72287220 0.66030296 -0.20360694
vn 0.76201134 0.64060074 0.09470695
vn 0.96030416 0.10690264 -0.25765821
vn 0.98150215 -0.16876235 0.09040358
vn 0.82894158 0.55090475 0.09674612
vn 0.98340219 -0.17800566 0.03512988
vn 0.57163474 0.59144024 0.56871097
vn 0.99427595 0.01482718 -0.10580875
vn 0.99944931 0.02332055 -0.02360557
vn 0.98569082 0.11158611 -0.12634137
vn 0.99386029 0.06659497 -0.08835634
vn 0.76282154 0.01071231 0.64652034
vn 0.03529987 -0.13218457 0.99059636
vn 0.34724105 -0.27478555 0.89661394
vn 0.38431411 -0.42463765 0.81974724
vn -0.07089030 -0.24131473 0.96785421
vn -0.20906182 -0.71322276 0.66903397
vn 0.21939474 -0.28464182 0.93319075
vn 0.09956528 0.54873587 0.83004560
vn 0.18530954 0.14956375 0.97123172
vn 0.27025512 0.30757976 0.91233594
vn -0.02377746 0.99971151 0.00339428
vn -0.74072472 0.59709204 0.30790905
vn -0.20703520 0.94998299 0.23381347
vn -0.96797193 0.01744393 0.25045170
vn 0.74603288 0.66456457 0.04229514
vn 0.76963006 0.59998647 0.21837077
vn 0.81055756 0.55158398 0.19685415
vn 0.26260900 0.87130305 0.41456906
vn -0.06372888 0.94314698 0.32620914
vn 0.16325982 0.89193499 0.42166125
vn -0.03420346 0.86046605 0.50835844
vn 0.02075894 0.85430480 0.51935766
vn 0.31086217 0.81097602 0.49566380
vn 0.29788207 0.83654185 -0.45985216
vn -0.02524431 0.52472649 0.85089649
vn 0.46213070 0.29962960 0.83466000
vn 0.47234053 0.01943418 0.88120187
vn 0.53025553 0.34554347 0.77422786
vn -0.12726760 0.72144895 0.68067200
vn -0.57010834 0.05633807 0.81963559
vn -0.43371388 0.89366281 0.11514794
vn 0.36401193 -0.30237080 0.88094677
vn 0.25874716 -0.23903775 0.93590109
vn 0.25550474 -0.12096591 0.95921039
vn 0.18888038 -0.33919816 0.92155782
vn -0.12461874 -0.64909962 0.75042645
vn -0.12716651 0.67895738 0.72308060
vn -0.76274590 -0.15730770 0.62727424
vn 0.08417919 0.93653002 0.34033129
vn -0.01272539 0.99286301 0.11857950
vn 0.03974773 0.99871668 0.03138648
vn 0.64724854 0.71544928 -0.26306207
vn 0.00294170 0.98977587 0.14260110
vn 0.31524779 0.91498209 0.25184639
vn 0.43474240 0.90054992 0.00297930
vn 0.35164561 0.92718716 -0.12910979
vn -0.17303901 0.79474965 0.58174779
vn 0.78905334 0.24612272 -0.56286627
vn 0.94172171 -0.06806302 -0.32943533
vn -0.99689379 0.07296542 0.02964495
vn 0.20988142 0.18902953 0.95927974
vn 0.36633909 0.87320922 0.32140524
vn 0.55699139 -0.64526297 0.52287312
vn 0.29364741 -0.02685915 0.95553639
vn 0.89718718 0.24004250 0.37072194
vn -0.08477118 0.99026129 -0.11043742
vn 0.03983091 0.99873234 -0.03077672
vn 0.11586192 0.99326404 -0.00159865
vn -0.09347522 0.99556329 -0.01077568
vn -0.57299605 0.81483437 0.08786632
vn -0.67627974 0.52774850 0.51393311
vn 0.04371964 -0.19905666 0.97901228
vn -0.11078560 -0.06402394 0.99177996
vn -0.40575359 0.07572411 0.91084021
vn 0.08062487 0.81530683 0.57338852
vn -0.90960334 -0.28836964 0.29910654
vn -0.90960334 -0.28836964 0.29910654
vn -0.90960334 -0.28836964 0.29910654
vn 0.45691554 0.73843397 0.49592687
vn 0.66359373 0.52647501 -0.53147665
vn 0.04975687 0.71736821 0.69491518
vn -0.43131658 0.58983657 0.68268502
vn 0.78969545 0.55963131 0.25138393
vn 0.04675737 0.91904598 0.39136713
vn 0.38367292 0.73125773 0.56396563
vn -0.04019630 0.63607592 0.77057880
vn -0.45843136 0.88386001 0.09290952
vn 0.65850302 0.52789633 0.53637602
vn 0.27811832 0.90744059 0.31496314
vn 0.00347761 0.62960743 0.77690565
vn -0.05100663 0.99868718 -0.00471540
vn 0.06520033 0.99785731 -0.00545063
vn -0.04258061 0.39690902 0.91686974
vn -0.13778652 0.55732146 0.81878426
vn -0.46291154 0.83639324 0.29352897
vn 0.67702305 0.58995547 0.43999129
vn 0.41016546 0.57940213 0.70431347
vn 0.54920518 0.79442183 0.25936003
vn -0.37125965 0.51854173 0.77024719
vn -0.12250504 0.94988050 -0.28761008
vn -0.69835995 0.61525720 0.36572115
vn -0.12233046 0.99240506 -0.01294013
vn -0.30148663 0.94877660 0.09449221
vn 0.22259700 0.94909631 -0.22286042
vn -0.38841907 0.80989714 -0.43954209
vn -0.36493063 0.93079127 0.02128967
vn -0.29877416 0.95429948 0.00681897
vn -0.63368584 0.68303305 -0.36319155
vn -0.76900200 -0.53607410 -0.34822476
vn -0.45880801 -0.38020385 0.80308171
vn -0.30627259 0.02331106 0.95165839
vn -0.77098602 0.46904495 0.43078694
vn -0.14999508 0.96375284 0.22063982
vn -0.15330641 0.98784224 0.02578483
vn -0.90629592 0.41813320 -0.06158195
vn -0.77245747 0.62522661 -0.11136047
vn 0.39098497 0.91816648 0.06403961
vn -0.01673923 0.99985644 0.00262687
vn 0.00956975 -0.10243250 0.99469392
vn -0.57945600 0.47405487 0.66295002
vn 0.40066004 -0.31664631 0.85977128
vn 0.88748590 0.06161703 0.45669697
vn -0.62991603 0.72735762 -0.27231726
vn -0.76545215 0.54164210 -0.34742891
vn -0.77105339 0.57584325 -0.27181100
vn -0.58883628 0.80816207 0.01207931
vn -0.54476640 0.82359883 0.15784336
vn -0.64016221 0.61982940 0.45387648
vn -0.54626160 0.65016251 0.52809750
vn -0.61371214 0.73105136 0.29819678
vn -0.49263947 0.85979684 0.13437168
vn -0.48869432 0.85101659 0.19222024
vn 0.12580064 0.99118686 -0.04150670
vn -0.02467672 0.99312260 -0.11444896
vn -0.72915463 0.58033690 0.36268802
vn -0.40661610 0.63610611 0.65576853
vn -0.33591556 0.47966960 0.81060336
vn -0.43302562 0.84666615 0.30926564
vn -0.80796729 0.58636001 0.05805860
vn -0.97992273 -0.07589973 0.18436562
vn -0.93310361 0.32916958 0.14479307
vn -0.99946488 0.03204955 -0.00654108
vn -0.91369816 0.39824609 0.08096736
vn -0.56801150 0.81542590 0.11155062
vn -0.04710134 0.89307443 0.44743662
vn -0.82152716 0.56873885 -0.04036390
vn -0.05809876 0.99826279 0.00979440
vn -0.00799432 0.99951971 0.02994058
vn -0.00760354 0.99996545 0.00335869
vn -0.00261123 0.99995702 -0.00889567
vn -0.00727995 0.99996974 0.00274275
vn -0.52911679 0.84839146 -0.01635108
vn -0.04127356 0.99911228 -0.00843492
vn -0.50011927 0.79075320 0.35297323
vn 0.82026960 0.53522064 0.20173413
vn -0.31985808 -0.74084816 -0.59062240
vn 0.88182033 0.19036664 0.43145504
vn -0.75229129 -0.65765980 -0.03926068
vn -0.92635294 0.15208898 0.34458551
vn -0.08505581 0.44459873 0.89168238
vn 0.04888787 0.52097420 0.85217126
vn 0.24449947 0.03082748 0.96915926
vn -0.03118765 0.43920891 0.89784345
vn 0.75153652 0.42224912 0.50685159
vn 0.36416039 0.71529318 0.59644184
vn 0.00597091 0.19918550 0.97994361
vn -0.13022209 -0.13747570 0.98190765
vn -0.91580802 0.29163394 0.27612554
vn -0.92998839 -0.02576885 0.36668456
vn -0.89809210 0.20094069 0.39122043
vn -0.95818118 -0.23040439 0.16971340
vn -0.85458378 0.30614738 0.41947628
vn -0.83291361 0.36556474 0.41547244
vn -0.82867773 0.40758749 0.38362176
vn -0.60939547 0.74225614 0.27873462
vn -0.58703077 0.77592258 0.23095244
vn -0.73572121 0.53826004 0.41108445
vn -0.56321885 0.79370845 0.22980735
vn -0.94413318 -0.25712059 -0.20615903
vn -0.96423160 0.10384531 0.24387204
vn -0.60861351 -0.60382100 -0.51477160
vn -0.96329187 0.20430262 -0.17415283
vn -0.54362324 0.82916475 -0.13022899
vn -0.69442708 0.71713242 -0.05909417
vn -0.11450811 0.34379464 0.93203709
vn -0.38499170 0.91179081 0.14289476
vn -0.52103586 0.81455786 0.25498457
vn -0.12141507 0.99248907 0.01496064
vn 0.41109709 0.91064826 0.04145984
vn -0.94319748 0.29233116 0.15786386
vn -0.93981324 0.32738873 0.09781460
vn -0.95893451 0.18604125 0.21408705
vn -0.68339930 0.72467576 -0.08837671
vn 0.00000000 -0.00000000 0.00000000
vn -0.45476554 0.66322046 -0.59441310
vn -0.68950403 0.26216755 0.67516840
vn -0.08898984 0.99601841 0.00530371
vn -0.35138335 0.93516336 -0.04471284
vn -0.32112129 0.86442278 -0.38685188
vn -0.37763821 0.88868081 -0.26006883
vn -0.69046693 -0.46597648 -0.55328234
vn 0.54473583 0.79472351 -0.26772638
vn -0.56325695 0.80652347 -0.17961485
vn -0.01553242 0.99757250 0.06788109
vn -0.14492696 0.96779934 -0.20581696
vn -0.94504710 -0.32688128 0.00588229
vn -0.95657205 -0.28756652 0.04770117
vn -0.95045231 -0.29169920 0.10748020
vn -0.97886195 -0.20418297 0.01177323
vn -0.10456778 0.99451602 0.00185901
vn -0.83411670 0.55157682 0.00351207
vn -0.30662828 0.95106283 0.03819161
vn -0.84863861 0.43733629 0.29757263
vn -0.82257965 0.33297386 0.46096761
vn -0.82808901 0.54867434 -0.11500027
vn -0.98464341 -0.16392901 0.06003854
vn -0.95215557 -0.24319295 -0.18508634
vn -0.67269147 0.72966383 -0.12278793
vn -0.87816163 -0.43309392 -0.20313004
vn -0.30099300 0.79291135 0.52980639
vn -0.47160456 0.72174598 0.50662795
vn -0.54695824 0.81382383 0.19628412
vn -0.18033762 0.98190741 0.05775968
vn -0.56574178 0.15113751 0.81061315
vn -0.97275722 0.09087080 -0.21327420
vn -0.02280378 0.99931687 -0.02908238
vn 0.03748983 0.99778539 0.05494395
vn 0.64006854 0.73086233 0.23696522
vn -0.77775377 0.61688906 -0.12061078
vn -0.92626353 0.37009949 0.07114939
vn -0.95394277 0.28379025 -0.09724348
vn -0.82167764 0.54954984 0.15113183
vn -0.87527451 0.39735869 0.27568207
vn -0.75049923 0.65147908 0.11102213
vn -0.95763131 0.17071389 0.23194622
vn -0.80053522 0.58069570 0.14810762
vn -0.95574652 0.28930592 0.05339169
vn -0.40857730 0.75055358 0.51935913
vn -0.50668883 0.85100395 0.13805326
vn -0.42147142 0.90627455 -0.03206693
vn 0.00443883 0.99514080 0.09836206
vn 0.00736386 0.99974533 0.02133179
vn -0.04474860 0.99835877 0.03573972
vn 0.00012211 0.99999774 -0.00212292
vn 0.19455511 0.97897567 -0.06127759
vn 0.34926442 0.77438370 -0.52758341
vn -0.38673102 -0.64542358 0.65868621
vn -0.92913493 -0.12068009 0.34949190
vn -0.85400813 -0.08879525 0.51262610
vn 0.48735776 0.28312638 0.82602776
vn -0.17506371 0.37889741 0.90872958
vn -0.28630703 0.29159204 0.91268963
vn 0.05245177 -0.36470440 0.92964483
vn -0.40359500 0.30434627 0.86283511
vn 0.22675992 0.15335551 0.96180145
vn 0.28334029 0.28014827 0.91718876
vn 0.31582626 -0.15177720 0.93659888
vn 0.90308834 0.39568503 0.16692755
vn -0.70702416 0.08585815 0.70195813
vn -0.07102006 -0.21143895 0.97480753
vn -0.55676724 0.22407076 0.79987657
vn -0.66548704 0.72063634 -0.19444862
vn 0.00965682 0.99971647 -0.02176544
vn -0.51838550 0.85072962 -0.08680774
vn -0.62051084 0.78134214 0.06686376
vn -0.02736725 0.95435420 0.29742074
vn 0.26634735 0.94195061 0.20442146
vn -0.20283707 0.97074274 -0.12851329
vn 0.11697145 0.99287891 -0.02256430
vn -0.04586111 0.88488900 0.46353880
vn -0.23573087 0.94412996 0.23032492
vn -0.36880288 0.88196926 -0.29345298
vn -0.30221244 0.94014532 -0.15746242
vn -0.34209353 0.81361420 -0.47011057
vn -0.28060285 0.83820877 -0.46761961
vn -0.39777070 0.77908423 -0.48456809
vn -0.38484450 0.92012838 -0.07251537
vn -0.00000000 0.00000000 -0.00000000
vn 0.00000000 -0.00000000 0.00000000
vn 0.66469458 -0.21900416 0.71429566
vn 0.59937251 -0.44006494 0.66865196
vn 0.76556179 0.14376747 0.62709334
vn 0.21595811 0.24847269 0.94425813
vn 0.16268995 0.26858764 0.94941701
vn 0.15504710 -0.07567292 0.98500457
vn 0.18835807 -0.12665961 0.97389865
vn 0.13584673 -0.05571255 0.98916216
vn 0.15193723 -0.11612701 0.98154449
vn -0.12668775 0.52606954 0.84095247
vn 0.81230369 -0.36800246 0.45247862
vn 0.67775165 -0.63105025 0.37739670
vn 0.28042511 0.32147475 0.90444223
vn 0.37957742 0.38980222 0.83903230
vn 0.48616964 0.72446975 0.48865393
vn 0.25012737 0.95388354 -0.16595928
vn 0.85217683 0.51641824 -0.08430212
vn -0.28722048 -0.47768344 -0.83025474
vn -0.65650412 -0.10756057 -0.74661440
vn -0.35003111 0.64585766 0.67848810
vn -0.54783724 0.60446602 0.57835559
vn 0.83612286 -0.50901619 0.20445312
vn 0.29172037 0.95441804 -0.06313019
vn -0.22181893 0.97238240 -0.07258673
vn 0.78826631 -0.24439533 0.56471864
vn -0.70182535 0.44742435 0.55430374
vn -0.57151434 0.78578097 0.23647331
vn -0.29504695 0.95041394 0.09828859
vn -0.96994638 -0.21302365 0.11757955
vn 0.41943646 0.44188145 0.79297783
vn -0.89764110 -0.24726031 0.36483256
vn -0.84379979 -0.30320107 0.44279908
vn -0.01545705 0.20628343 0.97837019
vn 0.02749835 0.29734604 0.95437371
vn 0.54371429 0.14888676 0.82595853
vn -0.55917608 0.05561817 0.82718119
vn 0.14749940 -0.28772580 0.94628631
vn 0.16705366 -0.62893481 0.75929841
vn 0.04784773 0.99845720 0.02817465
vn 0.00938570 0.99934865 0.03484514
vn -0.12460313 0.99060582 -0.05633983
vn -0.11284369 0.98967225 -0.08840325
vn -0.09728105 0.99223528 -0.07749545
vn -0.11014214 0.99301229 -0.04237089
vn 0.98597899 0.16628187 -0.01399188
vn 0.52671284 0.77667860 0.34546193
vn -0.02395560 0.97570807 0.21776109
vn -0.06079071 0.88206130 0.46719628
vn -0.93915418 -0.28891763 0.18578488
vn -0.98969312 0.14200558 -0.01849159
vn -0.07837235 0.29484275 0.95232638
vn 0.76817234 0.18548068 0.61278721
vn 0.63128636 0.18015494 0.75433529
vn 0.27715550 0.41308543 0.86749366
vn 0.00182174 0.99969984 -0.02443171
vn -0.35389600 0.87477662 0.33094332
vn -0.66248550 0.74640735 0.06315876
vn -0.06167074 0.99355090 -0.09514903
vn -0.08497919 0.98658993 0.13935152
vn -0.09563371 0.96798006 0.23209653
vn -0.01048672 0.99753636 0.06936307
vn -0.11968539 0.99277497 -0.00855995
vn 0.04959452 0.99640889 -0.06862724
vn -0.06943666 0.99006097 -0.12230220
vn 0.01022343 0.99967308 -0.02343538
vn 0.15093406 0.98476416 0.08636239
vn 0.19206500 0.92962219 0.31450535
vn 0.62655594 0.77912642 -0.01974012
vn 0.15231514 0.95005730 0.27238066
vn 0.98821185 0.04878358 0.14511204
vn 0.05455910 0.99689440 0.05678784
vn -0.08801612 0.54602982 0.83312940
vn -0.60589762 0.52430761 0.59832233
vn 0.36378422 0.92647172 0.09649456
vn -0.43860161 0.85419746 0.27924061
vn 0.82373681 0.55172286 0.13061226
vn 0.21661665 0.17129573 0.96111134
vn -0.03073253 0.21187458 0.97681353
vn 0.27425160 -0.15807193 0.94857753
vn -0.18317879 0.24320629 0.95252099
vn 0.13049408 0.35456984 0.92587878
vn 0.00000000 0.00000000 0.00000000
vn -0.19745344 0.30486818 0.93170142
vn -0.13437957 0.84077616 0.52444026
vn -0.09146791 0.01431404 0.99570514
vn -0.21082950 0.33084932 0.91983132
vn -0.33470392 0.27620147 0.90093620
vn -0.32848439 0.38642137 0.86184484
vn 0.99945501 -0.00830327 -0.03194913
vn 0.73756002 0.60121149 0.30748976
vn 0.99947627 0.02785111 -0.01647727
vn 0.99960315 -0.00458387 -0.02779443
vn 0.99989223 -0.00111090 -0.01463875
vn -0.05896090 0.81121251 -0.58177132
vn -0.23941784 0.91523561 -0.32407232
vn -0.33145384 0.93764642 -0.10467829
vn 0.05099141 0.98167342 -0.18362237
vn -0.14583845 0.91119136 -0.38530696
vn 0.17852973 0.97417692 -0.13822611
vn -0.85164282 -0.47739289 0.21633434
vn -0.40639525 0.13607181 0.90350836
vn 0.10649456 -0.01310134 0.99422697
vn -0.77701839 -0.06827722 0.62576405
vn -0.61510133 0.18466212 0.76651827
vn -0.79288961 -0.47613191 0.38029525
vn 0.02339998 0.25142999 0.96759258
vn 0.08877088 0.01595029 0.99592435
vn 0.06481154 0.17181376 0.98299517
vn 0.35332381 0.07706057 0.93232181
vn -0.87109684 0.14308809 0.46980431
vn -0.98667725 -0.00020546 0.16268979
vn -0.97072131 -0.06880313 0.23014402
vn -0.01263637 0.02309500 0.99965341
vn 0.02891931 0.15004715 0.98825580
vn -0.00731242 -0.04211093 0.99908618
vn 0.35982466 -0.02913266 0.93256501
vn -0.03048645 0.20251978 0.97880351
vn 0.83753009 -0.10245369 0.53669972
vn 0.98564518 -0.08682169 -0.14479495
vn 0.82116236 0.26298369 0.50648983
vn 0.91997440 0.08005600 0.38371622
vn 0.16943644 0.02554859 0.98520991
vn 0.20949198 0.49558903 0.84291437
vn 0.96794534 0.12186427 -0.21961540
vn -0.76930028 0.63888009 -0.00305081
vn 0.35961986 0.93224495 0.03991124
vn 0.15543909 0.98736449 0.03082287
vn 0.30975282 0.95070594 -0.01454020
vn -0.98707838 0.11732888 0.10913391
vn -0.68838399 -0.15222852 0.70919247
vn 0.49029735 0.01374190 0.87144688
vn -0.76307501 0.64610024 -0.01646254
vn -0.89349543 0.44492490 -0.06089126
vn -0.94244858 0.29792055 0.15176960
vn -0.37278483 0.92534518 0.06904904
vn -0.97879806 0.14539808 0.14426970
vn -0.00793344 0.99754858 -0.06952624
vn 0.01338377 0.99856718 0.05181173
vn 0.01747056 0.99984425 0.00250144
vn 0.01347785 0.99861943 -0.05076979
vn 0.14291495 0.98465895 -0.10011025
vn 0.00768966 0.99530767 -0.09645472
vn 0.21003180 0.97722214 -0.03038956
vn 0.02534983 0.99912812 0.03317220
vn -0.26419799 0.94043588 -0.21396209
vn 0.77218152 0.20007236 0.60308105
vn 0.69818478 0.02627902 0.71543513
vn 0.41917743 0.61743177 0.66563375
vn 0.42936355 0.53434361 0.72809604
vn 0.06933034 0.85115778 0.52031119
vn 0.61350637 0.41989180 0.66880551
vn 0.10600025 0.45783933 0.88269309
vn 0.03135980 0.99931868 -0.01946115
vn 0.07118703 0.99744660 0.00571699
vn -0.14672829 0.97100737 0.18872066
vn -0.03500113 0.91388171 0.40446896
vn -0.07755716 0.91474467 0.39651869
vn -0.07640354 0.60095952 0.79561935
vn -0.64128056 0.75243461 -0.15033759
vn -0.47163987 0.31542335 0.82344638
vn 0.02830301 -0.03283662 0.99905991
vn 0.24924702 0.68546238 0.68411786
vn -0.71906858 0.68574945 -0.11264129
vn -0.22259302 0.96329184 -0.15007058
vn -0.28551009 0.56922542 0.77101648
vn 0.09561564 -0.03509570 0.99479945
vn 0.49656525 0.44764196 0.74366634
vn -0.93122459 0.35819364 0.06721669
vn 0.00000000 0.00000000 -0.00000000
vn 0.64801902 -0.64303476 0.40813925
vn 0.93368236 0.08417534 0.34806862
vn 0.96376722 -0.26218571 0.04910590
vn 0.87746240 0.39870209 0.26663903
vn -0.17484122 0.71292318 0.67909579
vn 0.88434499 0.43946516 -0.15749382
vn 0.01134969 0.99833987 0.05646852
vn -0.17424355 0.49235487 0.85277539
vn -0.16439486 0.48639367 0.85813491
vn -0.17587968 0.46855513 0.86574963
vn 0.23386704 0.14408489 0.96153302
vn 0.14285381 0.98480920 0.09870977
vn -0.01383303 0.16418482 0.98633260
vn 0.21640319 0.07036377 0.97376517
vn 0.04050047 0.82410118 0.56499289
vn 0.22261952 0.90135134 0.37149201
vn -0.19359967 -0.02842666 0.98066870
vn -0.00195925 -0.06483876 0.99789383
vn 0.08455591 0.19433615 0.97728387
vn -0.02162554 -0.04768448 0.99862832
vn 0.06467625 -0.04794905 0.99675367
vn -0.05977263 0.01567393 0.99808895
vn 0.38876543 0.06132717 0.91929343
vn 0.15551353 0.02100947 0.98761032
vn 0.03694845 0.00553243 0.99930186
vn -0.58561881 -0.24868995 0.77149460
vn -0.72912613 0.02103707 0.68405594
vn -0.35685526 0.12101754 0.92628779
vn 0.13097032 0.14044780 0.98138738
vn -0.24175497 0.09675861 0.96550107
vn -0.15697518 0.61533753 0.77247558
vn -0.36229103 0.91816555 0.16036591
vn -0.83855951 -0.33620668 0.42869922
vn -0.46918157 0.38055600 0.79689760
vn -0.42183908 0.34933503 0.83667008
vn -0.39036314 0.40555860 0.82652214
vn -0.40782370 0.44515524 0.79719298
vn -0.29726074 0.95477422 -0.00649878
vn -0.72179764 0.69198376 0.01290924
vn -0.33771896 -0.08547483 0.93735797
vn -0.38538081 -0.21283473 0.89787694
vn -0.45247046 -0.02626213 0.89139261
vn -0.72658711 -0.18301008 0.66225258
vn -0.46862016 -0.27001617 0.84112212
vn -0.78504545 -0.10912588 0.60975010
vn -0.98309643 -0.07062557 -0.16891842
vn -0.45738556 0.51360295 0.72595486
vn 0.14827043 0.67271672 0.72489179
vn -0.68569119 0.72785472 -0.00742238
vn -0.65056205 0.70630663 -0.27910564
vn -0.49411125 0.86196507 -0.11344732
vn -0.86439021 0.50281729 -0.00208247
vn -0.08777489 0.99000632 0.11037686
vn -0.79914053 0.45847086 -0.38881728
vn 0.14182403 0.98989142 -0.00095500
vn 0.03683126 0.99454418 -0.09759784
vn -0.04248960 0.98907792 -0.14113649
vn -0.03865070 0.89407378 -0.44624904
vn -0.01063499 0.99510620 -0.09823718
vn -0.03977879 0.99528500 -0.08846144
vn -0.42835460 0.90056790 0.07409310
vn -0.44243206 0.89649580 0.02343417
vn -0.80342027 0.55266736 -0.22152800
vn -0.54393967 0.73910171 -0.39731385
vn -0.77411957 0.49586308 -0.39352090
vn -0.99765969 0.04335606 -0.05287141
vn -0.55062702 0.81005647 0.20154007
vn -0.66228722 0.71238118 -0.23213937
vn -0.28614124 0.90589411 0.31221635
vn 0.09330173 -0.98874495 -0.11695386
vn -0.62663940 0.26924323 0.73132151
vn -0.86699058 0.14924085 -0.47545189
vn -0.95654145 0.11754826 -0.26685365
vn -0.71940695 0.69231496 -0.05615723
vn -0.54188384 0.76345233 0.35142914
vn -0.27162289 -0.06468443 0.96022754
vn -0.81956420 0.29501798 0.49120150
vn -0.80199961 0.16298772 0.57465784
vn -0.24258355 0.94261561 0.22941019
vn -0.37577085 0.80017095 0.46746413
vn -0.29122266 0.95643103 0.02071345
vn -0.24857715 0.96800869 -0.03418441
vn -0.31269553 0.92977430 -0.19427110
vn -0.70598017 0.68766482 0.16943761
vn -0.02755862 0.99837891 -0.04980035
vn -0.07710420 0.99414664 0.07567954
vn -0.01627456 0.99872545 -0.04777676
vn -0.72167883 0.68945895 0.06185488
vn -0.07653964 0.99574684 0.05128267
vn -0.94351678 0.32948782 -0.03484060
vn -0.59281955 0.43959484 -0.67477504
vn -0.71011882 -0.48178939 -0.51342988
vn -0.90566396 0.31836726 0.28002695
vn -0.69642406 -0.47663693 0.53647998
vn -0.77483398 0.62161759 -0.11499510
vn -0.35190937 -0.50736052 -0.78660352
vn -0.46791514 -0.88373926 -0.00776840
vn -0.53205905 0.82491940 -0.19084326
vn -0.99964423 -0.01577284 -0.02150893
vn -0.69590991 0.61074597 -0.37775489
vn -0.94090195 -0.33783893 -0.02384088
vn -0.97779370 0.20660907 0.03510238
vn -0.97944644 0.20158132 0.00704646
vn -0.31821661 0.93662594 0.14652657
vn -0.08850867 0.99596538 -0.01480449
vn 0.07995929 0.99677292 0.00708867
vn 0.11733590 0.96289442 0.24303624
vn 0.11113871 0.98322296 0.14464027
vn -0.35517770 0.92160854 0.15648162
vn 0.40957401 0.42733311 -0.80599972
vn -0.93625833 -0.28838742 0.20063157
vn -0.81611284 -0.42768535 -0.38864518
vn -0.83375561 0.55192982 0.01500203
vn -0.19238082 0.95992160 -0.20381400
vn -0.06405259 0.99770450 0.02197726
vn -0.19616413 0.98051940 -0.01006714
vn -0.26192995 0.96335789 0.05774325
vn -0.38759036 0.85778149 -0.33761610
vn -0.76516464 0.62172485 0.16727607
vn 0.27423258 0.96148349 0.01860092
vn -0.97400814 0.13983422 -0.17819804
vn -0.35332664 0.93313815 -0.06643405
vn -0.53028773 0.84729124 -0.02987444
vn -0.33713810 0.92674844 -0.16575655
vn -0.78118777 0.34980965 -0.51708692
vn -0.76367151 0.01210515 -0.64549151
vn -0.76308402 0.56782177 -0.30867655
vn -0.15250123 0.60098863 -0.78457380
vn -0.86427216 -0.03983144 -0.50144500
vn -0.69931771 0.70976156 -0.08481316
vn -0.81367058 -0.04991082 0.57917968
vn -0.24114284 0.95762552 0.15749125
vn -0.50252250 0.85120344 0.15140618
vn -0.85767487 0.35859126 -0.36851883
vn -0.90521178 0.00813674 0.42488284
vn -0.69469867 0.47243434 -0.54240165
vn -0.67690463 -0.02712587 -0.73557073
vn -0.88849582 0.39568872 -0.23239107
vn -0.99491799 0.05156859 0.08648052
vn -0.99319560 0.11444575 0.02155602
vn -0.42976246 0.69684039 -0.57421050
vn -0.53691223 0.41059516 -0.73697820
vn -0.97917458 0.17552274 -0.10202411
vn -0.66852328 0.73958614 -0.07803181
vn -0.63230708 -0.24390544 -0.73532163
vn -0.65660369 0.73605291 -0.16461381
vn -0.20917922 -0.16420505 -0.96399209
vn -0.14948588 0.25792582 -0.95453038
vn -0.91990590 -0.34594163 -0.18465513
vn -0.24440359 0.96963113 -0.00907520
vn -0.28508729 0.95673346 -0.05819220
vn -0.98245130 0.18229564 0.03946829
vn -0.98672283 -0.15077996 0.06036108
vn -0.88668348 0.39145754 -0.24607600
vn -0.95538330 0.12756071 -0.26640387
vn -0.97998349 0.19669966 0.03068562
vn -0.87237340 0.18889691 -0.45086872
vn -0.85961009 0.15125840 -0.48804855
vn -0.96557001 0.19414048 -0.17315900
vn -0.79976418 0.59824238 -0.04983280
vn -0.65614827 0.75317077 0.04693879
vn -0.68569075 0.72775887 0.01397186
vn -0.00210710 0.99999618 -0.00179118
vn -0.04630648 0.76674156 -0.64028360
vn -0.50397487 0.85499228 -0.12246440
vn -0.51291385 -0.76523902 -0.38900980
vn -0.90947185 -0.10636442 -0.40192979
vn -0.97442095 0.10435412 -0.19903274
vn -0.52549160 -0.55334527 -0.64627207
vn 0.14805794 0.94769810 -0.28274930
vn -0.12338671 0.99218625 -0.01849793
vn 0.60847256 0.77873337 -0.15275958
vn 0.94395968 0.31615629 -0.09479092
vn 0.70713323 0.66516681 0.23982433
vn -0.34252647 0.73307588 -0.58760137
vn -0.97626349 -0.11433787 0.18394687
vn -0.90341178 -0.05248899 0.42554913
vn -0.93047645 -0.36574651 -0.02104911
vn 0.03363946 0.99942640 -0.00390632
vn -0.02028039 0.99973168 0.01119250
vn 0.04821255 0.99843913 0.02819301
vn 0.00276875 0.99929225 -0.03751443
vn -0.99908432 0.02912328 0.03134241
vn -0.99479685 -0.10157958 0.00779893
vn -0.17072472 0.97064237 -0.16942978
vn -0.28751597 0.93925709 -0.18743181
vn -0.19414127 0.94562266 -0.26097311
vn -0.24075233 0.91860661 -0.31336912
vn -0.32219976 0.92758566 -0.18913530
vn -0.70381179 -0.70500958 -0.08723797
vn -0.50788040 0.50971666 -0.69443965
vn -0.65159221 -0.51509491 -0.55687057
vn -0.51075481 0.46483278 -0.72322888
vn -0.75681865 0.63756198 -0.14401475
vn -0.94959565 -0.28503944 -0.13046309
vn -0.95937511 -0.04320582 -0.27880575
vn -0.94578312 0.14191661 0.29215400
vn -0.62540543 0.60014479 -0.49869257
vn -0.21065019 -0.06818051 -0.97518096
vn 0.36303765 -0.30341530 -0.88098968
vn -0.12184554 -0.75154928 -0.64832657
vn 0.09569484 -0.54902570 -0.83030915
vn 0.12101717 -0.74699378 -0.65372405
vn -0.16661408 -0.55185414 -0.81712713
vn -0.03999331 -0.84711076 -0.52990933
vn -0.06356680 -0.89653435 -0.43838958
vn -0.03422450 -0.91048509 -0.41212327
vn -0.27953181 0.02466045 -0.95981969
vn 0.25908620 0.47070836 -0.84339076
vn 0.07119468 -0.05213110 -0.99609922
vn -0.06157056 0.56147973 -0.82519669
vn -0.24747054 0.88015767 -0.40506890
vn -0.32246943 0.80205785 -0.50270934
vn 0.24727126 0.13577390 -0.95938646
vn 0.49793680 0.23395462 -0.83505939
vn 0.61053911 0.49682650 -0.61677016
vn -0.77865460 -0.23381430 0.58226101
vn -0.96749035 0.06638476 -0.24403992
vn -0.98758531 0.09432597 -0.12560997
vn -0.99986217 -0.00142061 0.01654142
vn -0.98563837 0.10544099 -0.13190603
vn -0.98586689 -0.05261286 -0.15905460
vn -0.91346943 0.09396845 -0.39590850
vn -0.98296596 -0.17809078 0.04540484
vn -0.98992168 -0.13932782 -0.02535384
vn -0.77599639 0.15912119 0.61033601
vn -0.99716412 0.06616414 0.03586116
vn -0.98171844 0.12314479 -0.14513534
vn -0.98612722 -0.13257288 0.09988765
vn -0.96257302 -0.19449042 0.18875023
vn -0.99163504 -0.12847171 -0.01244894
vn -0.79728394 -0.55718814 -0.23212001
vn -0.79021153 -0.55072511 -0.26882632
vn -0.94201169 -0.21605318 -0.25677813
vn -0.17874146 -0.97998069 -0.08768890
vn -0.43672660 -0.79784278 0.41559208
vn -0.37557531 -0.86693866 0.32765920
vn -0.45335452 -0.81862272 0.35259966
vn -0.36808792 -0.83482065 0.40937240
vn 0.36220841 0.92439569 -0.11957285
vn 0.14011332 0.97811765 -0.15379898
vn -0.15951845 0.97145675 -0.17557235
vn 0.30988093 0.94165761 -0.13135737
vn 0.14782375 0.96812465 -0.20219494
vn 0.45768103 0.88774614 -0.04934445
vn 0.29530715 0.94457076 -0.14345648
vn -0.46710492 0.53020668 -0.70759725
vn 0.36080613 0.89505208 -0.26210821
vn -0.06157203 0.10724809 -0.99232391
vn 0.08342009 0.99574951 -0.03903840
vn 0.04253489 0.99781882 -0.05048155
vn 0.04508535 0.99374023 -0.10221378
vn -0.47421427 0.80065828 -0.36615181
vn 0.14902136 0.12602006 -0.98077091
vn 0.08247452 0.35736877 -0.93031474
vn 0.73951561 0.44739873 -0.50294239
vn -0.14422867 0.80456141 -0.57608943
vn -0.12766540 -0.16518823 -0.97796441
vn -0.41028250 0.13758139 -0.90152073
vn -0.40922192 -0.10140002 -0.90678302
vn -0.18541182 0.92033683 -0.34438725
vn 0.01574636 -0.46972466 -0.88267253
vn 0.61911403 0.15794136 -0.76925441
vn -0.66156955 -0.63935566 -0.39185464
vn -0.46264262 0.84349893 -0.27289442
vn -0.50441809 0.85366530 -0.12968404
vn -0.89503777 0.38828968 -0.21940490
vn -0.93749019 0.02275535 -0.34726695
vn -0.97360069 0.08244747 -0.21284764
vn -0.93117284 -0.02781374 -0.36351552
vn -0.87317409 -0.41891772 -0.24914844
vn -0.80755231 -0.12475261 -0.57645126
vn 0.06995612 0.43983813 -0.89534829
vn -0.99524332 0.09345196 -0.02752221
vn 0.63400453 0.76511256 -0.11243231
vn 0.48779869 0.86155890 -0.14060123
vn 0.48790624 0.81186534 -0.32065898
vn 0.74534568 0.55200446 -0.37383270
vn 0.20859550 0.96942052 -0.12927406
vn 0.91270955 0.21314203 -0.34861405
vn 0.88416889 0.44170157 -0.15213516
vn 0.99812961 0.04407822 0.04236033
vn 0.98912080 0.09839565 0.10935418
vn 0.96386275 0.24187665 0.11164360
vn 0.95678752 -0.11137062 -0.26861541
vn 0.01381905 -0.58123778 -0.81361642
vn 0.04300121 -0.55052968 -0.83370736
vn -0.24428098 -0.88935136 -0.38649833
vn 0.05845102 -0.58936820 -0.80574723
vn -0.03674387 0.99922077 0.01441334
vn 0.98793562 0.06460041 -0.14074799
vn 0.29481823 -0.41179572 -0.86226823
vn -0.10645059 0.19367354 -0.97527372
vn 0.12727565 -0.55647089 -0.82106093
vn -0.32035279 -0.20081490 -0.92576858
vn 0.41072245 0.14253410 -0.90055044
vn 0.08740386 0.99245385 -0.08599957
vn 0.02025949 0.99956488 -0.02143843
vn 0.62421971 0.22701765 -0.74753779
vn -0.62790682 0.33310272 -0.70340288
vn -0.70734659 -0.56084950 -0.43024252
vn -0.98126023 -0.12117784 -0.14981421
vn -0.00782741 0.95868508 -0.28436182
vn 0.98866164 0.13980427 0.05479892
vn 0.42074766 -0.10187319 -0.90143955
vn -0.15502429 0.44039248 -0.88432004
vn 0.41237731 -0.64203817 -0.64632185
vn -0.16368742 0.43386445 0.88598424
vn -0.01384426 0.99988193 -0.00666801
vn 0.18697789 0.93129438 -0.31261805
vn 0.30735940 0.95159069 -0.00231615
vn 0.06467672 0.99704610 -0.04142455
vn 0.00118541 0.91021581 -0.41413255
vn -0.19708277 0.54721569 -0.81345766
vn 0.26994413 0.75661943 -0.59553103
vn -0.20424911 0.85044168 -0.48480022
vn -0.16835105 0.48478190 -0.85827993
vn 0.11269924 0.72937078 -0.67477193
vn -0.09458419 0.96435128 -0.24714457
vn -0.25694300 0.87259257 -0.41540643
vn 0.15653930 0.85927834 -0.48696631
vn 0.27938550 0.91610671 -0.28756258
vn 0.10678678 0.44958484 -0.88683147
vn -0.96568886 -0.20201156 -0.16320646
vn 0.11624630 -0.85420740 -0.50677068
vn -0.90416773 0.30603282 -0.29803461
vn -0.18379296 0.07219811 -0.98030994
vn 0.22620939 0.47668221 -0.84947242
vn -0.31063371 0.70706759 -0.63526540
vn -0.60910703 -0.16700424 -0.77530524
vn -0.05098043 0.61105550 -0.78994441
vn 0.18966321 0.53942989 -0.82039214
vn 0.67697287 -0.35100287 -0.64691941
vn 0.14215817 -0.12173310 -0.98232994
vn -0.01961251 -0.51463266 -0.85718643
vn -0.10167714 -0.17331755 -0.97960338
vn 0.27968534 -0.05329341 -0.95861146
vn -0.25370108 0.89762024 -0.36043538
vn 0.64411944 0.37535257 -0.66649876
vn -0.66414285 0.65760290 -0.35563000
vn -0.32584092 0.42289145 -0.84557112
vn 0.10545727 0.99169132 -0.07366875
vn 0.19824555 0.97924297 -0.04221264
vn 0.30102312 0.94077777 -0.15595596
vn 0.50633467 0.79033575 -0.34495594
vn -0.17384020 0.92955920 -0.32511425
vn -0.17390678 -0.00382672 -0.98475468
vn 0.28396187 0.72440377 -0.62817580
vn 0.41894399 0.42863912 -0.80047138
vn 0.14014423 0.35759445 -0.92330158
vn 0.01826036 0.18995087 -0.98162377
vn -0.16270369 0.64562305 -0.74612223
vn 0.19400038 0.82695266 -0.52774346
vn -0.53081445 0.17983812 -0.82818734
vn -0.10095895 -0.39478216 -0.91321100
vn -0.35086478 0.33280693 -0.87529050
vn -0.28935294 0.65267978 -0.70020282
vn 0.29999210 0.91691742 -0.26318661
vn -0.46336366 0.72773368 -0.50566571
vn -0.46293161 0.71013862 -0.53046909
vn -0.46008702 0.70062547 -0.54538416
vn 0.75737710 -0.13432942 -0.63901138
vn 0.98946879 -0.07050248 0.12641567
vn 0.00037503 0.75539545 -0.65526908
vn -0.20095653 0.49250524 -0.84679104
vn 0.04604105 0.79531231 -0.60444897
vn -0.13612829 -0.02981149 -0.99024258
vn 0.11236653 0.67062962 -0.73323235
vn 0.04848638 0.73431532 -0.67707465
vn -0.92031660 -0.16289752 -0.35564273
vn 0.14417248 0.13482062 -0.98032530
vn 0.03405501 -0.40921223 -0.91180349
vn -0.06533468 -0.71776597 0.69321237
vn 0.14235775 0.66684946 -0.73146843
vn 0.16565686 0.39515241 -0.90355541
vn -0.29870674 0.83282163 -0.46602834
vn 0.81819279 -0.47231101 -0.32784582
vn 0.68448914 -0.29660838 -0.66595652
vn 0.50199547 -0.15601762 -0.85068152
vn -0.80383758 -0.33616197 0.49075480
vn -0.77892544 -0.39306573 0.48864558
vn -0.77717846 -0.38376089 0.49871959
vn 0.20905608 0.97657588 -0.05094228
vn -0.11751163 0.98592696 -0.11890773
vn 0.05233245 0.99315486 -0.10442573
vn -0.42118786 0.51741375 -0.74490523
vn -0.48299687 0.71363585 -0.50738338
vn 0.16877615 0.33430073 -0.92723116
vn 0.25902326 -0.45053824 -0.85435487
vn -0.00334338 0.98209841 -0.18833888
vn -0.52704389 -0.03022291 -0.84930048
vn -0.38370478 -0.19265834 -0.90313532
vn 0.85740984 0.50947432 -0.07269304
vn -0.07433921 0.81115242 -0.58009089
vn 0.05461791 0.31422264 -0.94777688
vn -0.04306589 -0.99624609 0.07509366
vn 0.50497551 -0.02716413 -0.86270612
vn 0.98321135 0.09731744 -0.15435273
vn 0.99911669 -0.01018570 0.04076866
vn 0.74799591 0.47855719 -0.45987513
vn 0.05934490 0.13998901 -0.98837304
vn 0.38337726 0.88835582 0.25267730
vn 0.30274317 0.44072926 -0.84504692
vn 0.56851979 -0.81946726 -0.07251658
vn 0.59777768 0.55506545 -0.57841524
vn 0.87190044 -0.24242644 -0.42546333
vn 0.30221534 0.79578369 -0.52478015
vn -0.29700231 0.89395581 -0.33560786
vn -0.05051643 0.88476766 -0.46328639
vn 0.14331681 0.98148340 0.12708514
vn 0.21838886 0.97517072 -0.03672029
vn 0.69939041 0.59547595 0.39529918
vn 0.21491246 0.12127124 -0.96907478
vn 0.47831995 0.06989157 -0.87540002
vn 0.10974476 0.97400230 -0.19818077
vn 0.47558943 -0.72335070 -0.50057812
vn 0.99916941 0.02194343 0.03433624
vn 0.86895670 0.25855335 -0.42197680
vn -0.67040039 -0.13456066 0.72969634
vn -0.64650547 -0.20937213 0.73361706
vn 0.32627328 0.00117847 0.94527475
vn 0.29713247 -0.01940007 0.95463916
vn -0.68917010 -0.55806440 -0.46217821
vn 0.06484811 -0.34304584 -0.93707752
vn 0.93112382 0.07477697 -0.35695496
vn -0.97876628 0.17165072 -0.11203835
vn -0.47393783 0.87045531 -0.13300560
vn -0.20594200 -0.67359771 0.70982675
vn -0.83505412 0.14767878 0.52997697
vn 0.06369709 -0.96917419 -0.23800016
vn -0.46421145 0.78474779 0.41070505
vn 0.99826085 0.03101012 0.05013636
vn 0.66664163 -0.69648254 -0.26552026
vn 0.94003552 -0.33494071 0.06440454
vn -0.08751390 0.99615128 -0.00489325
vn 0.02516374 0.98418560 0.17534394
vn 0.12271610 0.98473467 0.12344383
vn -0.07973185 0.98967527 0.11910371
vn 0.28971376 0.95161361 -0.10245714
vn 0.10556164 0.93225195 0.34606797
vn 0.07020105 0.95455300 0.28965562
vn -0.31624585 0.91803207 0.23917708
vn -0.16056113 0.95209036 -0.26027689
vn 0.22242897 0.39998315 -0.88912251
vn -0.24358323 0.77264063 -0.58625392
vn 0.43049568 0.88258359 -0.18899649
vn -0.05930502 0.99520070 -0.07783628
vn -0.06788361 0.87048139 0.48749766
vn 0.15761183 0.97719844 0.14227342
vn 0.19820613 0.97023204 0.13915504
vn -0.80264519 -0.02213267 0.59604601
vn -0.20865092 0.18846905 0.95965838
vn -0.70425523 0.55438525 0.44348796
vn 0.00000000 0.00000000 0.00000000
vn -0.86534795 0.39972484 0.30231271
vn -0.24855063 0.96853410 -0.01281702
vn -0.11948389 0.86913584 0.47992343
vn -0.06731006 0.83650111 0.54381546
vn -0.08690881 0.76622885 -0.63666334
vn -0.14987639 0.93586917 -0.31888237
vn 0.13427253 0.98484211 0.10980398
vn 0.49797397 0.86344695 -0.08050650
vn -0.81470610 0.51549963 0.26554491
vn -0.91654975 0.39922914 0.02350848
vn 0.26348198 0.92332331 -0.27937664
vn -0.01873307 0.98616831 0.16468496
vn -0.09843411 0.98217220 -0.16015145
vn 0.26769931 0.95981881 0.08417208
vn -0.86589554 -0.15887500 0.47432441
vn -0.83096018 0.12495093 0.54211848
vn -0.97208974 -0.10310888 0.21073705
vn -0.29545968 0.60464009 0.73967151
vn 0.21534760 -0.55315400 0.80476460
vn -0.21705322 -0.96961376 0.11285861
vn 0.10906188 -0.45381375 0.88439730
vn -0.75927257 -0.53079564 0.37651183
vn 0.50001395 -0.57991457 0.64318360
vn -0.03792438 0.99001081 0.13579518
vn 0.02029479 0.99834375 0.05383195
vn -0.12057107 0.99147761 -0.04934343
vn -0.42805600 0.89702133 0.11009452
vn -0.38721720 0.91186755 0.13623659
vn -0.89671187 0.36287444 -0.25343631
vn -0.99674149 0.06354576 -0.04968234
vn -0.84159152 0.53957055 0.02423514
vn -0.96982034 0.00737998 0.24370895
vn 0.00000000 0.00000000 -0.00000000
vn 0.00000000 0.00000000 -0.00000000
vn 0.00000000 0.00000000 -0.00000000
vn 0.94658375 0.32010083 0.03891861
vn 0.92735907 -0.37322969 0.02654715
vn 0.98916678 -0.04779477 -0.13879750
vn -0.80460932 -0.18659072 0.56372666
vn -0.41763797 -0.86334764 -0.28321261
vn -0.97726875 -0.20885100 -0.03642886
vn 0.81379616 -0.53624603 -0.22400002
vn 0.02823152 0.73897138 0.67314507
vn 0.14256237 -0.98101165 -0.13149950
vn 0.12501805 -0.98563015 -0.11359444
vn 0.04287679 -0.99004965 -0.13402709
vn 0.48674021 -0.64209321 -0.59228395
vn 0.70450059 -0.66574145 -0.24590086
vn 0.84187705 -0.08868040 -0.53233337
vn 0.99445491 0.04869438 0.09321103
vn 0.89605066 0.15671894 -0.41537017
vn 0.93240498 -0.24766299 -0.26321854
vn -0.39314268 0.21994895 0.89278289
vn 0.57905188 0.10419503 0.80860517
vn 0.89286572 0.12305677 -0.43318338
vn 0.58186628 0.73512173 0.34789032
vn 0.58724602 0.70006053 0.40627252
vn 0.62163449 0.73285995 0.27656257
vn 0.62191675 -0.24958939 0.74224302
vn 0.52881456 0.76844930 0.36033435
vn 0.74549782 0.10550833 0.65810409
vn -0.45489234 0.70518879 0.54385819
vn 0.67654532 -0.16103742 0.71857733
vn 0.83742228 -0.14476011 0.52703741
vn -0.02726146 0.94989513 -0.31137768
vn 0.20149751 0.69954332 -0.68559310
vn 0.49760941 0.48252343 -0.72080234
vn 0.25790028 0.81870138 -0.51304532
vn -0.70986964 0.58356713 -0.39437862
vn -0.26478948 0.96425960 -0.00948416
vn 0.97228870 -0.13605909 0.19011207
vn -0.12982464 0.85942903 0.49449702
vn -0.89714383 0.43855327 0.05295264
vn -0.53379653 0.69609043 0.48012434
vn -0.42493263 0.88906504 0.17028097
vn -0.07784766 0.75033637 0.65645645
vn 0.01694632 0.99063189 0.13550381
vn 0.10582581 0.97878867 0.17542418
vn 0.16680804 0.97411192 0.15258130
vn 0.19828121 0.92080708 -0.33585545
vn 0.19486347 0.98008049 0.03834649
vn -0.87808120 0.47619327 -0.04704653
vn -0.41857973 0.78788486 0.45169509
vn -0.78621868 0.61701354 -0.03397758
vn -0.71612416 0.66437082 -0.21395702
vn -0.95071749 -0.21818659 0.22029722
vn 0.00671479 -0.99469695 0.10262985
vn -0.98738247 0.05338205 0.14908460
vn 0.15108697 -0.75850630 -0.63390924
vn -0.96102998 -0.26619403 -0.07457960
vn -0.96462271 0.04712690 -0.25938788
vn -0.89480691 -0.25934394 -0.36340241
vn -0.99171834 0.00253447 0.12840684
vn -0.97324815 0.12711103 0.19139183
vn -0.90171575 -0.29407967 0.31690037
vn 0.56739265 -0.81214849 -0.13594270
vn -0.35667878 -0.85656624 -0.37292696
vn -0.92508640 0.36054609 0.11925467
vn 0.02274959 0.98963214 -0.14181211
vn -0.79412423 -0.37789737 0.47598350
vn -0.49988282 0.81096846 -0.30405151
vn 0.05497685 -0.99703037 -0.05392571
vn 0.05497685 -0.99703037 -0.05392571
vn 0.73502466 0.15405062 -0.66030838
vn 0.84212936 0.04201938 -0.53763604
vn -0.29683784 -0.95101478 0.08636075
vn -0.02465638 -0.98821701 -0.15106029
vn -0.03512345 -0.23646158 -0.97100580
vn -0.04288460 -0.99865197 -0.02924293
vn 0.11401322 -0.99027620 -0.07971225
vn 0.02741942 -0.98033814 -0.19541063
vn -0.31267587 -0.65210193 -0.69064961
vn -0.39861072 -0.48535830 -0.77816246
vn -0.08656217 -0.07548715 -0.99338244
vn -0.56001235 0.80513767 0.19529336
vn 0.05501105 0.98171243 0.18224842
vn 0.09916734 -0.97764351 0.18541579
vn 0.44619069 -0.89142518 0.07921499
vn 0.66407332 -0.74582900 0.05239962
vn -0.87127985 -0.46790743 -0.14810150
vn -0.70302223 -0.71077459 -0.02364801
vn -0.49493154 -0.86744037 0.05089184
vn -0.00559374 -0.99862810 0.05206366
vn -0.27011086 -0.96135963 0.05317695
vn -0.28152835 -0.95952844 -0.00685275
vn -0.24425301 -0.96406574 0.10448787
vn 0.99293777 0.00928687 0.11827231
vn -0.25444312 0.93164293 0.25942274
vn -0.71275671 0.68122376 0.16706904
vn 0.68367045 0.64354488 0.34415796
vn 0.31342787 0.93864086 0.14393162
vn 0.16062087 0.97250762 0.16861161
vn -0.48619212 0.86288775 0.13799257
vn -0.57492224 0.81256295 0.09594720
vn 0.99718305 -0.07453195 0.00842349
vn 0.96317675 -0.26807299 -0.02067417
vn 0.68193589 0.60738521 -0.40748822
vn 0.63235629 0.61665264 -0.46889768
vn 0.68443690 0.55200451 -0.47627424
vn 0.65581012 0.58483768 -0.47736566
vn -0.21075597 0.97720739 0.02544889
vn -0.21075597 0.97720739 0.02544889
vn -0.21075597 0.97720739 0.02544889
vn 0.42593175 -0.30429776 0.85204755
vn 0.17350764 0.98104836 -0.08625084
vn 0.27642693 0.96053774 -0.03090971
vn 0.00998020 0.99667585 0.08085577
vn 0.86013453 0.49217143 -0.13392490
vn 0.00444914 -0.87135887 0.49062606
vn -0.63196907 -0.59982457 0.49073983
vn -0.16635682 -0.84108009 0.51469378
vn -0.79678602 -0.42354475 0.43097782
vn 0.65935396 0.20161594 0.72429509
vn 0.37456611 0.88047907 -0.29061457
vn 0.99094054 -0.03227527 0.13036548
vn -0.01028863 0.85682059 0.51551199
vn -0.91335929 0.38782144 -0.12397313
vn -0.29657562 0.24227590 -0.92376690
vn -0.37788138 -0.78188402 -0.49584578
vn -0.85634756 -0.44978934 -0.25368957
vn -0.83925815 0.09558722 -0.53526520
vn -0.65853584 0.74150567 0.12845190
vn 0.33087491 0.83689875 -0.43603013
vn 0.65062477 0.75930577 0.01192266
vn 0.70774648 -0.37758802 0.59709480
vn 0.36688867 -0.43778677 0.82081390
vn 0.72179265 -0.15135446 -0.67535709
vn 0.69686412 0.14508813 -0.70237442
vn 0.76251777 0.15905716 -0.62711041
vn 0.90493141 0.35764243 0.23063181
vn 0.90557955 0.27583269 0.32224527
vn -0.89513233 -0.01704616 -0.44547452
vn 0.60210129 0.51451046 0.61053503
vn 0.71537617 -0.28899149 0.63617675
vn -0.35329116 0.69399274 0.62734316
vn -0.46095585 0.43827051 0.77164673
vn -0.30903493 0.55074110 0.77535905
vn 0.27186872 0.85220316 -0.44703152
vn 0.40632254 -0.43690694 -0.80250503
vn 0.34592887 -0.42422223 -0.83688035
vn -0.94780510 0.24207334 0.20752347
vn 0.24182849 0.30943240 -0.91965786
vn 0.21162533 -0.28965873 -0.93344123
vn -0.99650271 0.03140183 -0.07743561
vn -0.65747794 -0.74725816 -0.09658158
vn 0.98011993 0.05481960 0.19068228
vn -0.10432696 0.37817282 0.91983760
vn 0.21649702 0.76565187 0.60572787
vn 0.21649702 0.76565187 0.60572787
vn 0.21649702 0.76565187 0.60572787
vn -0.83596200 -0.14899233 -0.52817499
vn -0.79614614 0.55458918 0.24203753
vn 0.92607436 -0.29620288 -0.23377367
vn 0.75169672 0.25739163 -0.60720803
vn 0.82108700 0.54604795 -0.16627622
vn 0.56573265 -0.09850778 -0.81868357
vn 0.47757483 0.10883137 -0.87182453
vn 0.31664925 0.26349750 -0.91120926
vn 0.36428112 0.61711321 -0.69747440
vn -0.01598086 0.63619798 -0.77136032
vn 0.58715677 0.10645033 -0.80244330
vn -0.32811443 -0.44303735 -0.83430140
vn -0.83969432 0.07966203 -0.53718471
vn 0.54552469 0.83702930 -0.04224642
vn 0.38123604 0.87626214 0.29465870
vn 0.71441688 0.66438232 -0.21955560
vn -0.14402240 0.27763054 -0.94983095
vn -0.12081005 0.20107218 0.97209820
vn -0.22591832 0.17676736 0.95797401
vn -0.39258371 0.13233539 0.91014580
vn -0.52420588 0.09129306 0.84668399
vn 0.11096558 -0.98118342 0.15800550
vn 0.11893017 -0.06990524 0.99043873
vn 0.06907922 -0.97277885 0.22119984
vn 0.06907922 -0.97277885 0.22119984
vn 0.06907922 -0.97277885 0.22119984
vn -0.93154199 0.36346685 -0.01101651
vn -0.25274788 -0.13439900 0.95815209
vn -0.99086935 -0.00849439 -0.13455773
vn -0.49589974 0.02175864 0.86810714
vn 0.96061998 0.12245174 0.24942900
vn 0.12182395 0.98172108 -0.14622809
vn -0.07888971 0.99482722 0.06399386
vn 0.02543195 0.98482912 0.17165321
vn -0.29433000 0.93823669 -0.18188393
vn -0.60295851 0.78650495 -0.13360766
vn 0.98653199 0.07374145 0.14600285
vn 0.64506439 -0.46913721 0.60316018
vn -0.97583617 -0.17155279 -0.13532705
vn -0.69226359 -0.71831904 0.06920179
vn -0.53588018 0.56671129 0.62583604
vn -0.48863346 -0.80824453 -0.32860024
vn -0.96770443 -0.12658066 -0.21800337
vn 0.69063733 0.30088186 0.65763986
vn 0.40280186 0.79465655 0.45417136
vn -0.08495964 0.93156188 0.35351709
vn 0.45965371 0.79383714 -0.39817215
vn 0.82109735 -0.37519213 0.43015114
vn 0.55875079 0.58641955 -0.58643812
vn 0.14066743 0.32193506 -0.93625343
vn -0.32418599 -0.93561061 -0.13977209
vn -0.99563303 -0.09178865 0.01702067
vn 0.00000000 0.00000000 0.00000000
vn 0.00000000 0.00000000 0.00000000
vn -0.49590552 0.62031568 -0.60768921
vn -0.73639964 -0.58813938 -0.33437649
vn -0.38700275 0.39827136 0.83163020
vn -0.86090215 0.44435530 0.24778186
vn -0.33100007 0.27022379 0.90411175
vn -0.76351629 0.51705898 0.38690164
vn -0.92566960 -0.28887772 -0.24430607
vn 0.05347843 0.17801488 -0.98257354
vn -0.81585085 0.51766560 0.25770082
vn -0.81631578 -0.27340133 0.50880278
vn -0.85956518 -0.21343142 0.46432179
vn -0.80725181 -0.32377287 0.49347304
vn -0.17735236 0.67379215 -0.71732160
vn 0.89679339 -0.21429580 0.38709035
vn 0.82618231 -0.19547515 0.52840539
vn 0.92509493 0.04455766 0.37711270
vn 0.97043242 -0.05774310 0.23436438
vn -0.04586156 0.94307361 -0.32940687
vn 0.22317676 0.82580295 -0.51792048
vn 0.22172870 -0.86664201 -0.44695415
vn 0.83222331 -0.33966882 -0.43821165
vn 0.76022617 0.37785095 -0.52847406
vn 0.30928199 -0.27910046 -0.90909163
vn -0.67443133 -0.37882366 -0.63374681
vn -0.05573436 -0.17400760 -0.98316582
vn 0.00795710 -0.98827330 -0.15248796
vn 0.07258961 -0.56698684 -0.82052219
vn -0.59286402 0.04503656 -0.80404227
vn -0.88916104 0.12311589 0.44072114
vn -0.08317037 -0.72222695 0.68663740
vn -0.01273352 -0.99409999 0.10771751
vn 0.17881266 -0.98083554 -0.07738006
vn 0.21730132 -0.95983704 0.17746263
vn -0.07912873 -0.93214118 0.35334327
vn 0.10590797 -0.86126992 -0.49698856
vn 0.22157844 -0.96603947 -0.13293130
vn -0.00046474 -0.73096490 -0.68241490
vn -0.00000000 0.00000000 -0.00000000
vn -0.63877639 0.64436162 -0.42043171
vn 0.21865238 -0.80029178 -0.55832268
vn 0.15024589 -0.98546194 0.07931546
vn 0.13288874 -0.97701888 0.16665741
vn 0.21289059 -0.97070067 0.11143523
vn -0.18784170 -0.96489829 -0.18353960
vn 0.21445972 -0.97501249 0.05794544
vn 0.33844968 -0.94083689 -0.01666638
vn -0.18470660 -0.96489209 -0.18672634
vn -0.89765684 -0.12653153 -0.42213976
vn 0.16458696 -0.94855732 -0.27046284
vn 0.48087083 -0.53526619 -0.69444463
vn 0.10185332 -0.10804586 0.98891455
vn -0.61758766 -0.35695657 0.70083343
vn -0.37719205 -0.50961789 0.77331479
vn -0.96515503 -0.26116657 -0.01636453
vn -0.98184111 -0.17199519 -0.08003553
vn -0.97281879 -0.17542711 0.15115864
vn -0.67741963 -0.63675551 0.36830025
vn -0.82778974 0.41495052 -0.37759796
vn -0.23915885 0.33821530 0.91017221
vn -0.34894457 -0.01570773 0.93701171
vn 0.04201102 0.32584591 0.94448902
vn -0.68182071 0.21456548 0.69934410
vn -0.09378257 0.37248397 0.92328789
vn -0.52150248 0.11071814 0.84603585
vn -0.62813542 0.63200241 0.45389300
vn -0.45600880 0.63004011 0.62857413
vn -0.56734676 -0.15365737 0.80901611
vn 0.40233132 -0.57978704 -0.70850300
vn -0.62657617 -0.77666230 -0.06479182
vn 0.02400139 -0.99881074 -0.04243869
vn -0.02101891 -0.76363380 -0.64530739
vn -0.08566626 -0.08105492 0.99302135
vn 0.40358108 -0.91490982 -0.00789555
vn 0.28706229 -0.95725282 -0.03552867
vn 0.00414442 0.94976167 -0.31294663
vn -0.02414564 0.99968545 -0.00678110
vn -0.14631943 0.98899486 0.02190431
vn 0.16937689 0.98307770 0.06978330
vn 0.18468135 0.97744131 0.10247580
vn -0.33904562 0.93544061 0.09999469
vn -0.18663403 0.97371346 0.13057499
vn -0.05474544 0.89348178 -0.44575020
vn 0.13959372 0.98193182 0.12776340
vn 0.14698814 0.97533584 0.16466474
vn 0.07835768 0.99248191 0.09401987
vn -0.17949557 0.97675460 -0.11718273
vn 0.38209901 0.69443335 -0.60972344
vn 0.14156884 0.61355986 -0.77685427
vn -0.14143199 0.91211471 0.38476452
vn -0.42583338 0.52342338 0.73803380
vn 0.79916089 -0.23238112 -0.55438334
vn 0.17847015 0.13140137 -0.97513183
vn -0.03646277 0.10922383 -0.99334819
vn 0.44102569 0.79272969 -0.42080397
vn 0.22590658 0.96600119 0.12572952
vn 0.11900364 0.90890819 0.39965489
vn -0.01777463 0.99350729 -0.11237139
vn -0.70777240 -0.70135569 0.08460750
vn -0.03839917 -0.99300151 0.11168485
vn -0.14050411 -0.87632964 -0.46076563
vn -0.09918276 -0.99334482 -0.05855630
vn -0.25085058 -0.96780545 -0.02065447
vn -0.10784241 -0.99335146 -0.04028505
vn 0.00614540 -0.99579007 0.09145697
vn -0.20318149 -0.90159395 -0.38189740
vn 0.00964776 -0.99973444 -0.02092792
vn -0.56615407 -0.79164955 -0.22969668
vn -0.38901455 -0.92040162 0.03909643
vn 0.00423086 0.69677818 0.71727420
vn 0.00000000 0.00000000 0.00000000
vn -0.76902090 -0.53188536 -0.35454875
vn -0.03825138 -0.95249440 -0.30214442
vn -0.00103318 -0.93675823 -0.34997564
vn -0.45499280 -0.67132024 -0.58507324
vn -0.68385412 0.69250544 -0.22973847
vn -0.50977827 0.82391743 -0.24756045
vn -0.01002167 -0.89448590 -0.44698383
vn 0.12805684 0.96194505 -0.24137765
vn -0.81836466 -0.41435415 0.39823350
vn -0.02010414 -0.99905229 -0.03860507
vn 0.92628474 0.30396885 0.22270951
vn 0.38719137 0.23069036 0.89267284
vn 0.21804797 0.94348123 -0.24959617
vn 0.96470233 0.06470961 -0.25526865
vn -0.11859765 0.42773097 -0.89609197
vn -0.11847917 0.98071107 -0.15546216
vn -0.22615847 0.91290827 -0.33978056
vn 0.06530318 0.36880352 -0.92721058
vn -0.11113000 0.85059463 -0.51394446
vn 0.48501437 0.38329392 -0.78603234
vn 0.37416337 0.54425675 -0.75085708
vn 0.43049499 0.24845671 -0.86772307
vn 0.28176714 0.34098082 -0.89684969
vn -0.23998396 0.55138621 0.79898745
vn 0.00000000 0.00000000 -0.00000000
vn 0.60853447 0.48195817 -0.63039838
vn 0.68792461 0.41155128 0.59781710
vn 0.72138866 0.16407126 0.67281425
vn 0.26268223 0.51908575 -0.81335603
vn 0.02268748 0.72250969 -0.69098844
vn -0.00756926 0.63237439 -0.77462594
vn 0.14912317 0.74755008 -0.64724892
vn 0.49848825 0.44458095 0.74421586
vn 0.75447776 0.15242828 0.63837993
vn 0.68908082 -0.59046996 0.42013432
vn 0.98648878 0.07049082 0.14788823
vn -0.88929619 0.41687989 -0.18805168
vn -0.76379612 0.57617448 -0.29092690
vn -0.81535046 0.25618271 0.51920521
vn -0.98407681 0.06360063 0.16597528
vn -0.43219318 0.76141634 0.48317100
vn -0.62708436 -0.61222507 -0.48160737
vn -0.97092272 0.11276408 -0.21117135
vn -0.97527118 -0.04549688 0.21627797
vn -0.90813074 -0.40261954 -0.11487414
vn -0.75223369 -0.24000227 -0.61363131
vn 0.92428331 0.06489141 0.37615087
vn 0.40191463 -0.50791928 -0.76189411
vn 0.49704159 0.40299568 0.76846870
vn 0.48178645 0.42623920 0.76563827
vn 0.41254927 -0.49684048 0.76351335
vn 0.41482770 0.39872799 0.81788384
vn -0.92809510 -0.13036336 -0.34877625
vn -0.83270445 0.54598648 0.09220659
vn -0.95831122 0.27936683 -0.05994820
vn -0.97290813 0.21181295 0.09265549
vn -0.97467231 0.09489812 0.20250490
vn -0.94413501 -0.06687671 -0.32270202
vn 0.95292834 0.30315824 -0.00476001
vn 0.03385062 0.33667682 0.94101161
vn -0.65945855 0.72208863 0.20905129
vn -0.05154101 -0.99864769 -0.00680516
vn 0.64718726 -0.64241230 -0.41043281
vn 0.65891762 -0.19177521 -0.72735812
vn -0.48161155 -0.57467784 -0.66166132
vn -0.64752412 -0.08874040 -0.75686039
vn 0.02709901 -0.63048491 -0.77572832
vn -0.34855769 0.63826961 0.68638141
vn -0.49674803 0.48392298 0.72045815
vn 0.15399219 0.97665842 -0.14974894
vn 0.14895129 -0.86573030 -0.47783319
vn 0.08861456 -0.93138251 -0.35309218
vn -0.26756978 0.93701607 -0.22451569
vn -0.35482183 0.21635277 -0.90955645
vn -0.62075342 0.76569743 -0.16844179
vn -0.17723931 0.30586693 -0.93543126
vn 0.00000000 0.00000000 0.00000000
vn -0.24477870 0.94770047 -0.20481016
vn 0.20525253 0.78943935 0.57849538
vn -0.62134004 0.78354101 0.00022207
vn -0.99362441 0.08726372 -0.07138333
vn -0.68919909 0.68446292 -0.23772908
vn -0.27450596 -0.50647564 -0.81739152
vn -0.38856216 0.88419021 0.25928192
vn -0.48335036 0.87535466 -0.01125352
vn -0.16472611 0.91205594 -0.37552532
vn 0.19986625 0.95653411 -0.21235816
vn -0.32432802 0.90193367 -0.28517890
vn 0.02919342 0.99013236 0.13706080
vn 0.97168247 0.23579765 -0.01525258
vn 0.87699472 0.11217038 0.46722379
vn 0.96222303 0.24432061 -0.12014275
vn 0.07344902 0.94777503 -0.31036708
vn 0.23601271 -0.91237962 -0.33445692
vn -0.29218435 0.94614022 -0.13945249
vn 0.24254270 0.89704882 0.36942720
vn 0.39707912 0.85938220 -0.32216519
vn -0.21904955 0.15859491 -0.96273825
vn -0.33088755 -0.31276816 -0.89033112
vn -0.26350251 0.04972910 -0.96337607
vn -0.17867506 0.63473604 -0.75178813
vn -0.31313349 -0.05066189 0.94835689
vn 0.69923520 0.08848177 -0.70939489
vn 0.32273995 0.26040970 -0.90995918
vn 0.14408323 -0.96865813 0.20233996
vn -0.56293222 -0.76153792 0.32119667
vn 0.43028531 -0.72546447 -0.53717395
vn -0.29350912 0.90636338 -0.30390429
vn 0.64291802 0.52044417 -0.56195577
vn 0.10965177 -0.65184879 -0.75037967
vn 0.53821383 0.37890809 -0.75283101
vn -0.39613691 0.05943789 -0.91626562
vn -0.07502673 -0.95415991 0.28974101
vn 0.46738010 -0.81758245 -0.33632541
vn 0.17034788 -0.97309572 -0.15513323
vn -0.11290818 -0.94701916 0.30067665
vn -0.47983223 -0.34755611 0.80558413
vn 0.02305774 -0.97534371 -0.21948344
vn 0.52968104 -0.84383219 -0.08593739
vn 0.62329025 -0.76965017 0.13837586
vn 0.09613138 -0.94649744 0.30806064
vn 0.11828581 -0.98529069 -0.12333176
vn 0.32930969 -0.67894112 0.65619668
vn 0.84861947 -0.09312961 -0.52074165
vn -0.02642801 -0.89780426 -0.43960104
vn -0.04611814 -0.90863344 -0.41504024
vn 0.75638253 -0.62788034 -0.18344411
vn -0.55130435 0.57669272 -0.60290050
vn 0.40169719 0.91554972 -0.02020070
vn 0.08759470 0.91086842 0.40329381
vn 0.19986926 -0.67366858 0.71149345
vn 0.25733558 -0.82663473 0.50045322
vn 0.76066037 0.58409747 -0.28324186
vn 0.90951002 0.19199619 -0.36868550
vn -0.72633496 0.48097699 -0.49101798
vn -0.88940617 0.45611309 -0.03029053
vn -0.70936042 0.46153345 -0.53272382
vn -0.81819676 0.25858138 -0.51350728
vn -0.61224988 0.72173218 -0.32288193
vn 0.29594007 0.81940517 0.49091204
vn -0.25323187 0.80605022 0.53493613
vn 0.92650859 -0.23648125 -0.29267465
vn 0.93944686 -0.32101010 -0.11996711
vn 0.72060912 0.69316652 -0.01557834
vn 0.50441564 0.64533410 -0.57368002
vn 0.80262873 -0.42557428 -0.41793977
vn 0.99669560 -0.02479066 -0.07735187
vn -0.75827781 0.54895849 -0.35165230
vn -0.42977144 0.72255414 -0.54149055
vn -0.86038450 0.46755809 -0.20280024
vn -0.50743424 0.63690665 -0.58039677
vn 0.34699038 0.66190391 -0.66444028
vn 0.14418764 0.62961491 -0.76341011
vn -0.90211924 -0.40648055 -0.14475645
vn -0.62177743 -0.05599426 -0.78118978
vn -0.93431728 -0.17874311 -0.30838633
vn -0.57401209 0.18814411 -0.79693909
vn -0.98171011 -0.18264692 -0.05371559
vn 0.96958716 -0.24354840 0.02418500
vn 0.55652657 -0.81594417 -0.15656722
vn -0.21512185 0.49914924 0.83938825
vn -0.97417415 0.19970718 0.10536494
vn -0.79875536 0.41741382 0.43330771
vn -0.41656829 0.64581786 0.63983603
vn 0.31388659 0.35523417 0.88050207
vn 0.15922898 -0.30189087 0.93995108
vn 0.93260239 0.29159948 -0.21265590
vn -0.55365467 -0.44792031 0.70202130
vn -0.30421452 -0.17380946 0.93661294
vn -0.73018110 -0.42889581 0.53186836
vn -0.70382046 -0.62844856 0.33119355
vn -0.75387756 -0.62839671 0.19179727
vn -0.77555497 0.30144872 0.55465590
vn -0.78529986 0.20931927 0.58265734
vn -0.84664563 0.17660082 0.50199933
vn -0.74520433 0.24213018 0.62132397
vn -0.32709174 0.03705352 0.94426587
vn 0.81450733 -0.57719056 -0.05855646
vn 0.73983937 -0.00382314 -0.67277269
vn 0.63417863 -0.09756614 0.76700607
vn 0.99016222 -0.12786634 -0.05682410
vn -0.78128243 -0.23274221 -0.57916217
vn -0.88671450 0.45132767 -0.10020346
vn 0.00000000 0.00000000 0.00000000
vn 0.56846540 0.16869417 -0.80522628
vn 0.67922293 0.37418340 -0.63138182
vn 0.94310734 0.12114522 -0.30963264
vn -0.78210800 -0.15551965 -0.60342416
vn -0.00000000 -0.00000000 -0.00000000
vn -0.05314831 -0.98644521 -0.15524534
vn -0.12948119 -0.90442369 -0.40651249
vn 0.32868092 -0.29262132 -0.89796527
vn -0.14971548 -0.98116957 -0.12203097
vn 0.89976987 -0.42974521 0.07571820
vn 0.76653715 -0.49733481 -0.40629900
vn 0.91790618 0.37460478 0.13084154
vn 0.00000000 0.00000000 0.00000000
vn 0.35388689 0.41223172 0.83954099
vn 0.39060275 0.36611262 0.84462479
vn 0.90892856 0.27793245 0.31080931
vn -0.04297508 -0.98453706 0.16982321
vn 0.29735144 -0.94689225 -0.12238133
vn -0.08153288 -0.87249745 0.48176818
vn 0.11711385 0.95818793 -0.26107516
vn 0.52448044 -0.61230325 0.59161221
vn -0.46338948 -0.28801236 -0.83804479
vn -0.80357286 -0.56442550 0.18892991
vn -0.78267409 0.10689413 -0.61318424
vn -0.67744162 -0.16538744 0.71674252
vn 0.00000000 0.00000000 0.00000000
vn 0.78743684 0.21561010 -0.57745606
vn 0.67038635 0.20271551 -0.71378468
vn 0.71932993 -0.06708365 -0.69142190
vn 0.94064527 -0.22903683 -0.25045678
vn 0.00000000 0.00000000 0.00000000
vn 0.51313125 0.82472501 0.23774982
vn 0.99448942 0.08131487 0.06617162
vn 0.31282428 -0.43857198 0.84249367
vn -0.65820220 0.28974564 0.69485058
vn 0.17608155 0.35474316 -0.91823340
vn 0.97123403 -0.10807468 -0.21218937
vn 0.62808778 0.17253088 -0.75877456
vn 0.76028314 -0.64903114 0.02698390
vn 0.98048504 0.17214770 0.09494348
vn 0.93990082 0.13730697 -0.31262317
vn 0.96205468 0.11477301 0.24754383
vn 0.99409932 0.04287948 -0.09963885
vn 0.97342983 -0.15451176 0.16899847
vn 0.95981386 0.12409958 -0.25170745
vn 0.83687152 0.19788018 0.51038171
vn 0.87485115 0.37795284 -0.30296389
vn 0.98681238 0.01424504 -0.16124020
vn 0.99347312 0.01942152 -0.11240092
vn 0.90751142 -0.42001031 0.00378981
vn 0.97224346 -0.19811112 -0.12447745
vn 0.90241637 -0.43081955 -0.00626248
vn 0.89246572 -0.25082405 0.37495631
vn 0.55559723 -0.38728682 0.73574496
vn 0.78471144 -0.61651877 0.06428493
vn 0.78718819 -0.51892115 0.33325004
vn 0.99892894 -0.02728962 0.03736636
vn 0.82964946 -0.39657866 0.39294673
vn -0.91962769 -0.30983174 0.24143157
vn 0.54155526 -0.51069885 0.66776087
vn 0.77394365 -0.40052806 0.49049821
vn -0.46238573 0.33498738 0.82096461
vn -0.51792565 0.27868301 0.80875756
vn -0.38411172 0.19675636 0.90207822
vn -0.37208358 0.09149319 0.92367895
vn -0.27661779 0.24500985 0.92922160
vn 0.76371690 -0.54305525 -0.34903796
vn 0.74898468 0.60392442 0.27257521
vn 0.86334640 -0.06609044 -0.50026498
vn 0.97956381 -0.12699725 0.15596939
vn 0.96768404 -0.20651440 -0.14470453
vn 0.43971658 0.26286675 0.85880755
vn 0.96913898 -0.16615413 0.18210558
vn 0.36344841 -0.93042701 -0.04701941
vn 0.78110567 0.15405458 -0.60509596
vn 0.81903092 -0.28333924 -0.49890604
vn 0.41165964 -0.50719127 -0.75716138
vn 0.57982855 -0.18614311 -0.79318951
vn 0.69236400 -0.44516629 -0.56785479
vn -0.35033316 -0.02820754 0.93620030
vn -0.35033316 -0.02820754 0.93620030
vn 0.93740729 -0.13694111 0.32017919
vn 0.63356417 -0.76323156 0.12678338
vn 0.86988502 -0.21023810 0.44620622
vn 0.25570848 -0.20156745 0.94550713
vn 0.12656404 -0.67013566 0.73136840
vn 0.16377222 -0.37147693 0.91388377
vn 0.05983096 -0.34211216 0.93775238
vn 0.05536433 -0.14600983 0.98773272
vn 0.05004497 -0.03418392 0.99816179
vn 0.06521204 -0.32427164 0.94371357
vn 0.05240417 -0.07820264 0.99555921
vn 0.02420457 -0.15005530 0.98838128
vn 0.03226131 -0.06217938 0.99754345
vn 0.04994626 -0.12255178 0.99120454
vn 0.02828808 -0.15790710 0.98704870
vn 0.08716081 -0.06018031 0.99437484
vn 0.51612764 0.57700433 0.63299152
vn -0.27374913 -0.95706505 -0.09533049
vn -0.03984983 -0.87508618 -0.48232371
vn -0.88054561 -0.45771994 -0.12301175
vn -0.94133079 -0.05415424 -0.33311208
vn -0.96838863 -0.24783410 0.02831470
vn -0.82338377 0.52680943 0.21097625
vn 0.00604588 -0.99064596 -0.13632328
vn -0.09927715 -0.98474247 -0.14292069
vn 0.08921706 -0.84802777 -0.52238800
vn 0.19545516 -0.70815793 -0.67846122
vn 0.42419188 0.69767573 -0.57732991
vn -0.93190478 0.33664008 0.13500717
vn 0.17801306 0.96725956 0.18088750
vn 0.69313803 0.71377101 0.10045205
vn 0.53887643 -0.73779540 -0.40653431
vn 0.84241423 -0.53713093 0.04276254
vn -0.88709337 0.35333251 -0.29702102
vn 0.16848391 -0.98529612 0.02836779
vn 0.78047758 0.40885762 0.47295898
vn 0.96807342 -0.12371350 -0.21801108
vn 0.80141377 0.05520028 -0.59555763
vn 0.94813509 -0.21172207 -0.23709409
vn 0.79263946 0.33541267 -0.50913753
vn 0.96781546 0.21282925 -0.13430166
vn 0.89692577 0.17905556 0.40430590
vn 0.99593240 0.07459066 -0.05054591
vn 0.99962287 0.01106429 -0.02513382
vn 0.90811489 -0.22436738 0.35353447
vn 0.85275334 0.45220607 -0.26138366
vn 0.86694019 0.49820812 0.01426129
vn 0.91110122 0.34969615 0.21819066
vn 0.97877676 0.13601851 -0.15328088
vn 0.87416966 -0.32953007 -0.35670343
vn 0.75003402 -0.63996916 0.16699835
vn 0.98651477 0.13773967 0.08841040
vn 0.95960676 -0.13151677 0.24871310
vn 0.86988631 0.48253093 -0.10228248
vn 0.87076670 0.02730792 -0.49093750
vn 0.78747465 0.37062903 -0.49246096
vn 0.70281830 0.22023315 -0.67641984
vn 0.99144499 -0.12989621 0.01279833
vn 0.99314785 0.05126229 -0.10502153
vn 0.56778316 0.00898404 -0.82312913
vn 0.45320712 0.45543373 0.76627895
vn 0.29611325 0.42433494 -0.85572005
vn 0.84474420 0.14238153 -0.51588249
vn 0.97117721 0.10798760 0.21249354
vn 0.72170191 0.03554055 0.69129098
vn 0.79336333 0.44563074 0.41471421
vn 0.73161623 0.09003310 0.67574532
vn 0.83059409 0.05550341 0.55410544
vn 0.67261543 0.24014538 0.69994191
vn 0.59986941 0.24361056 0.76210930
vn 0.61403772 0.77038427 -0.17165595
vn 0.36024857 0.89632211 -0.25851045
vn 0.50832020 0.76672411 -0.39210295
vn 0.86093497 0.20303249 -0.46644269
vn 0.09965621 -0.82370529 0.55819194
vn 0.24714069 -0.92605923 -0.28519430
vn 0.12055919 0.72635126 0.67666782
vn -0.68765203 0.24534531 0.68333035
vn -0.24375059 0.96414185 0.10495783
vn -0.41140772 0.33210972 0.84879139
vn 0.95468748 0.02021383 -0.29692291
vn 0.21808470 0.96252781 0.16118090
vn -0.77314852 -0.21651463 -0.59612313
vn -0.94731947 -0.21146853 -0.24055535
vn -0.90254019 -0.13399066 -0.40922819
vn -0.80762215 0.15528377 -0.56888788
vn -0.92180893 -0.14195764 -0.36071641
vn -0.36673397 0.88948556 -0.27261994
vn 0.42931503 0.84999788 0.30527399
vn 0.20179764 0.84882288 0.48864858
vn -0.86447754 0.47542975 0.16323336
vn 0.04051567 0.80772125 0.58817078
vn -0.67413277 0.71692800 0.17764926
vn -0.98841365 -0.12308554 0.08881665
vn -0.93740559 -0.22736940 0.26376868
vn -0.98564697 -0.13648885 0.09935214
vn -0.98910190 -0.10307704 0.10513112
vn -0.94900851 -0.20937330 0.23568130
vn -0.98299516 -0.15971408 0.09061965
vn -0.12055070 -0.98828425 0.09360431
vn -0.32910048 -0.89631363 -0.29717798
vn -0.61384811 -0.72491256 -0.31255764
vn -0.00000000 -0.00000000 -0.00000000
vn -0.43899244 -0.88545374 0.15250350
vn -0.08788363 0.98548196 -0.14526450
vn 0.81977740 0.25413345 -0.51320679
vn 0.67231900 0.74022796 -0.00705180
vn 0.69510994 0.71715937 0.05004597
vn 0.16594071 0.98350993 -0.07191596
vn 0.47603192 -0.21747091 -0.85211502
vn 0.49011820 -0.59326019 -0.63861295
vn 0.49059921 -0.52708696 -0.69389607
vn 0.25443122 -0.19076011 -0.94809036
vn 0.83462744 -0.28364341 -0.47216888
vn 0.33060548 -0.67690818 -0.65764378
vn -0.96851793 0.23019483 0.09478062
vn -0.91295564 -0.24118198 -0.32915536
vn -0.83551754 -0.49550585 -0.23745396
vn -0.76195922 -0.15627387 -0.62848757
vn -0.17942518 0.83812554 0.51512346
vn 0.77316365 0.55684054 0.30355655
vn -0.86587673 -0.40897312 0.28809457
vn -0.97167051 -0.20687661 -0.11427374
vn -0.97796923 0.12611034 -0.16635015
vn -0.76341814 0.64377364 -0.05242382
vn 0.47101486 -0.53681248 -0.69998383
vn -0.43262794 -0.89496120 -0.10898401
vn -0.73670905 -0.17016242 0.65444978
vn -0.52602606 -0.75808019 -0.38550098
vn 0.35934991 -0.44248574 0.82162887
vn 0.70648214 0.08345234 0.70279349
vn 0.64758903 0.03076579 0.76136845
vn 0.82292224 -0.19462285 0.53377986
vn 0.98370125 -0.15665569 0.08826574
vn -0.01205288 0.98220938 0.18740186
vn 0.00000000 -0.00000000 -0.00000000
vn 0.63896865 -0.58292432 0.50191463
vn -0.06050631 -0.71673607 0.69471462
vn 0.68345628 -0.38891268 0.61776568
vn 0.53288853 -0.78107411 0.32550430
vn -0.32472128 -0.59951425 0.73153179
vn -0.49321074 -0.10093507 -0.86403431
vn 0.33781683 0.66951136 -0.66153937
vn 0.34388172 -0.13242186 -0.92962886
vn 0.03197995 -0.27365240 -0.96129686
vn 0.54329874 0.78661031 -0.29337810
vn 0.13297922 -0.18933235 -0.97286679
vn 0.13613547 0.94456711 -0.29876429
vn -0.13920451 0.85186376 -0.50492597
vn -0.52956838 -0.84118458 -0.10938845
vn 0.61828722 -0.22213234 -0.75390858
vn 0.72396569 -0.11583145 -0.68004173
vn 0.73612644 0.24297754 -0.63172761
vn 0.43150804 0.15852746 -0.88807086
vn -0.44272204 0.01547206 -0.89652541
vn 0.85222122 0.39761058 -0.34003648
vn -0.36605604 -0.59604826 -0.71465337
vn -0.59954525 -0.79565460 -0.08648260
vn -0.31647089 0.56566511 -0.76149140
vn -0.22363499 0.57226762 -0.78898490
vn -0.95500631 0.27824359 0.10268128
vn 0.05038022 -0.90760877 -0.41678311
vn 0.71563177 -0.04485834 0.69703579
vn -0.71349087 -0.30790618 -0.62938427
vn 0.77142419 0.23834305 0.58999773
vn 0.33716644 -0.03484799 0.94079988
vn -0.96746333 0.05762842 0.24636085
vn 0.02036350 0.99263181 -0.11944631
vn -0.21889960 -0.15393218 -0.96352885
vn -0.54308733 -0.79711149 -0.26394967
vn -0.52514345 -0.79899344 0.29297415
vn -0.29601505 -0.87471531 0.38372936
vn -0.00888148 -0.95404657 0.29952672
vn -0.01553871 -0.97210994 0.23401028
vn -0.02030284 -0.98490494 0.17190128
vn 0.01518613 -0.99978001 -0.01446795
vn -0.00262741 -0.99893326 -0.04610255
vn 0.04239718 -0.99907576 -0.00707850
vn 0.00714129 -0.99814499 -0.06046141
vn 0.07237998 -0.99734904 -0.00748520
vn 0.14949250 0.96362671 -0.22153003
vn -0.15357970 0.81668543 0.55627168
vn -0.25657223 0.49300310 0.83133545
vn 0.68887180 0.28173425 0.66789330
vn 0.55799715 0.43742666 0.70519295
vn -0.75305951 0.64700345 0.11953205
vn -0.00000000 -0.00000000 0.00000000
vn -0.00000000 -0.00000000 0.00000000
vn -0.31183192 -0.52751096 -0.79024872
vn -0.56376112 -0.57095859 -0.59680792
vn -0.49573775 0.32648831 -0.80476671
vn -0.95362548 0.24798608 -0.17059116
vn -0.64131967 -0.00009126 -0.76727379
vn 0.53291187 0.82864902 -0.17130599
vn -0.95600594 0.07844806 -0.28266332
vn -0.95600594 0.07844806 -0.28266332
vn -0.95600594 0.07844806 -0.28266332
vn -0.00000000 -0.00000000 0.00000000
vn -0.24083191 0.04235048 0.96964242
vn -0.71843638 -0.37847276 0.58361592
vn -0.64704818 -0.11170677 0.75422162
vn -0.08981066 -0.26167331 0.96096885
vn -0.88835562 0.44409600 0.11663208
vn -0.89621720 0.23632378 -0.37542748
vn -0.04796104 -0.50023766 0.86455886
vn -0.03307478 -0.49611908 0.86762429
vn -0.04322022 -0.50552395 0.86172939
vn -0.03981042 -0.49137549 0.87003751
vn -0.35869239 0.89643364 -0.26028158
vn -0.53704577 0.71324664 0.45040100
vn -0.50721674 -0.82752245 0.24070267
vn -0.76418761 0.33738585 0.54971637
vn -0.05195318 -0.44000862 0.89648942
vn 0.31376724 -0.68461013 0.65792028
vn 0.58034368 -0.09913051 0.80831576
vn 0.67218488 0.08882854 0.73503536
vn 0.43859206 0.05940612 0.89672065
vn 0.89874963 0.11654482 0.42268949
vn 0.63596498 0.72885394 -0.25361484
vn 0.05995635 0.80296768 0.59299928
vn 0.97610801 0.11870985 0.18199209
vn -0.95041246 0.30907290 -0.03449775
vn -0.85680684 0.22411672 0.46438534
vn -0.84929888 0.51880458 -0.09763823
vn -0.77626922 0.61449964 0.14069929
vn -0.90287244 0.34705222 0.25372448
vn -0.88381875 0.38413127 0.26703479
vn -0.82561817 -0.44431715 0.34775984
vn -0.66954829 -0.67760158 0.30423871
vn -0.40115641 0.00096081 -0.91600907
vn -0.79798199 -0.11389580 -0.59182133
vn -0.60550472 0.44177986 0.66196268
vn -0.08911216 -0.21321971 0.97293185
vn -0.63896820 0.56136952 -0.52591246
vn -0.54930233 0.73332686 -0.40062286
vn -0.40134954 0.71834438 -0.56824282
vn -0.35660046 0.78993902 -0.49883108
vn -0.85321145 -0.02782173 0.52082258
vn -0.50058530 -0.70374343 0.50414237
vn -0.14079989 0.95520162 0.26031760
vn 0.00540374 0.99997981 -0.00334344
vn 0.23742375 -0.92398572 -0.29980052
vn -0.12843266 0.90479702 -0.40601404
vn 0.25487738 -0.92002679 0.29763773
vn 0.35320163 -0.67296787 0.64989450
vn 0.30825197 0.88917803 0.33814665
vn 0.07795670 0.99628827 -0.03650259
vn 0.43355107 0.88198438 -0.18476209
vn 0.46601937 0.82922687 0.30855913
vn 0.21894378 0.97520498 -0.03223159
vn 0.08958796 0.99548412 0.03139055
vn -0.31878850 0.93818069 -0.13487357
vn 0.41967922 0.90747372 0.01899473
vn -0.87406455 -0.20361914 0.44107869
vn -0.12792209 -0.33774904 -0.93250283
vn 0.26232171 0.55280593 -0.79094432
vn -0.01017946 -0.83207712 -0.55456653
vn 0.04159819 -0.92075763 -0.38791105
vn 0.14522503 -0.85277142 -0.50168775
vn -0.16849633 -0.98492992 -0.03901346
vn 0.99991561 -0.01000263 0.00828929
vn 0.99986262 -0.00405938 0.01607072
vn 0.99988484 -0.01514513 0.00096305
vn 0.01780383 -0.88220791 -0.47052335
vn 0.99984181 -0.01579183 0.00818383
vn 0.99991440 -0.00146976 0.01300125
vn 0.99985898 -0.01653074 -0.00295884
vn 0.99988714 -0.00483387 0.01422456
vn 0.99988351 -0.00289097 0.01498719
vn 0.99985919 -0.00748649 0.01501860
vn 0.99998798 -0.00215936 0.00440229
vn -0.38211941 0.56232892 0.73332868
vn -0.33646520 0.85032803 0.40463984
vn -0.54108862 0.73354272 0.41126412
vn -0.00986535 0.96997307 0.24301217
vn -0.47723581 0.87578649 0.07241549
vn 0.20137849 0.41309348 -0.88814440
vn -0.52805236 -0.50060770 -0.68596839
vn -0.76933149 0.15629675 -0.61943554
vn -0.68026532 0.51257329 -0.52393485
vn 0.52476817 -0.18318912 0.83130025
vn 0.34651237 0.05418400 0.93647919
vn 0.12721358 -0.10482120 0.98632105
vn 0.01340581 -0.22851233 0.97344871
vn 0.82299605 -0.27205466 0.49866198
vn 0.66175510 -0.28590415 0.69306494
vn -0.18767373 -0.19137970 0.96340665
vn -0.22938242 0.33031477 0.91557406
vn -0.16679633 -0.05855444 0.98425117
vn -0.73375390 -0.41020500 0.54160601
vn -0.49197803 -0.49576054 0.71566690
vn -0.93039191 -0.04514915 0.36377527
vn -0.95879123 -0.14817821 0.24240997
vn -0.96698695 -0.11793507 -0.22589280
vn -0.53502155 -0.02183939 0.84455609
vn -0.82263894 0.33695452 0.45795942
vn -0.92823102 -0.27489725 0.25063655
vn -0.83698985 0.49882958 0.22498233
vn 0.04717269 -0.15731840 0.98642063
vn -0.46134984 -0.38408781 0.79977052
vn -0.80802683 0.47731177 -0.34534927
vn 0.42223143 0.00530993 0.90647252
vn -0.22656383 -0.23581683 0.94501812
vn 0.26558765 0.18866527 0.94544625
vn 0.18460331 0.87788420 0.44186078
vn -0.27019876 0.57137785 0.77493225
vn -0.67001621 0.12732212 0.73134627
vn -0.45867185 0.36913286 0.80830754
vn -0.91546279 0.34571270 0.20593835
vn -0.86293041 -0.07210711 -0.50015165
vn 0.92853325 0.04826101 0.36809901
vn -0.03868850 -0.84419015 0.53464586
vn -0.29466169 -0.92625300 0.23501038
vn 0.03091671 -0.75551570 0.65440063
vn -0.61731112 -0.77678842 -0.12460631
vn -0.07655397 -0.43608648 0.89664267
vn 0.06060958 -0.39833150 0.91523685
vn 0.77435520 0.61621333 -0.14371904
vn 0.34617206 0.11517443 -0.93107452
vn 0.88972123 0.31237257 0.33289565
vn 0.94889762 0.29562010 -0.11046295
vn -0.45544973 -0.83097836 -0.31943781
vn -0.38216500 -0.75983154 -0.52593341
vn -0.01339079 -0.83105900 -0.55602304
vn -0.08769223 -0.53850125 -0.83804921
vn -0.47759294 -0.76479813 -0.43242203
vn 0.19645921 -0.40690572 0.89209389
vn 0.06600709 0.49790425 0.86471639
vn -0.35089614 -0.09095521 0.93198662
vn 0.90041577 0.27758752 0.33495763
vn 0.41341885 0.42695735 0.80423397
vn 0.89858612 0.30997958 0.31057308
vn 0.82143256 0.40763332 0.39885288
vn -0.96589347 0.07512796 -0.24780154
vn -0.48030888 0.59797609 -0.64166033
vn -0.42032165 0.60827679 -0.67329716
vn -0.53050077 0.55551268 -0.64029258
vn -0.97974044 0.07681108 -0.18495599
vn 0.77217842 0.08940512 0.62908443
vn 0.25680697 -0.16935573 0.95150871
vn 0.24148977 -0.95554951 -0.16913845
vn 0.20023539 -0.97599146 -0.08571151
vn 0.07566260 -0.99711091 -0.00670807
vn 0.01697685 -0.99981557 0.00897828
vn 0.01398743 -0.86515803 -0.50130423
vn 0.01532152 -0.99983110 0.01015032
vn 0.01766802 -0.99976579 0.01249865
vn 0.01876903 -0.99976460 0.01088403
vn 0.51715090 -0.82474870 -0.22878926
vn 0.04362205 -0.95085666 -0.30654320
vn 0.05888501 -0.99409703 0.09112441
vn 0.04279450 -0.98242835 -0.18166771
vn -0.02095709 -0.98435245 0.17496016
vn -0.09632958 -0.97970280 -0.17579262
vn 0.01583351 -0.98496572 -0.17202275
vn -0.07088152 -0.95687926 -0.28170534
vn 0.22883209 0.83419601 -0.50174983
vn 0.50146210 0.64358003 -0.57822185
vn 0.46772841 0.79151048 -0.39337169
vn 0.13328313 0.81730752 -0.56057473
vn -0.92216868 -0.37853530 -0.07947293
vn -0.98097708 -0.02318887 -0.19273362
vn -0.96440079 -0.25544586 -0.06839982
vn -0.97778855 0.05446198 -0.20239426
vn -0.27006834 -0.30276668 -0.91399969
vn -0.04673599 -0.19955090 -0.97877228
vn -0.72969497 -0.48207922 -0.48491739
vn -0.44537455 0.15412432 -0.88197914
vn -0.93901893 -0.18796143 0.28794781
vn 0.01676758 -0.66822600 0.74376936
vn -0.11974175 -0.98148866 -0.14947217
vn 0.28614862 0.78741040 -0.54598885
vn 0.05227014 0.59356234 -0.80308877
vn 0.39857265 0.85127687 -0.34127340
vn -0.91100236 -0.01122332 0.41224840
vn -0.84018673 -0.07664142 0.53685412
vn -0.79076103 0.40708673 0.45714045
vn -0.96122373 0.18587149 0.20371727
vn -0.88347328 0.42764932 -0.19128781
vn 0.00624671 -0.99915805 0.04054843
vn -0.03865648 -0.99923997 0.00501491
vn -0.98499023 -0.12606881 0.11790207
vn -0.96378747 0.11782541 0.23922979
vn -0.98485073 -0.02026235 0.17221637
vn -0.93434167 0.21542694 0.28389588
vn -0.67588169 0.57341211 0.46301458
vn -0.48754427 0.45389109 0.74584413
vn -0.48620181 0.36630526 0.79336515
vn -0.68098029 0.54681086 0.48709724
vn -0.63196760 0.34167996 0.69560891
vn -0.82301891 0.51564777 0.23821681
vn -0.51253542 0.64804602 0.56333276
vn 0.94927200 -0.16856921 -0.26545640
vn 0.97172388 0.12074445 -0.20291247
vn 0.90561316 0.04167057 -0.42205257
vn -0.87592135 0.45024233 0.17333101
vn -0.93760746 0.33222191 0.10257118
vn -0.95345050 0.24096908 0.18128994
vn 0.00000000 -0.00000000 0.00000000
vn 0.00000000 -0.00000000 0.00000000
vn 0.44239756 0.78562865 -0.43251823
vn -0.20461709 0.82087579 -0.53319300
vn 0.00000000 -0.00000000 0.00000000
vn -0.87690720 0.35593705 0.32302102
vn 0.96530726 0.25860462 -0.03613239
vn -0.74905095 -0.18989044 0.63471591
vn -0.09598421 0.98866546 0.11544537
vn -0.30979497 0.95077142 0.00779677
vn -0.59735231 0.79044064 0.13555001
vn -0.86162229 0.50655324 0.03179372
vn 0.91568507 -0.12521650 0.38189225
vn 0.92182609 -0.13816637 0.36214185
vn 0.92200475 -0.12949674 0.36488057
vn -0.10406846 0.65240839 0.75068838
vn 0.25326144 0.74751544 0.61406784
vn 0.48969344 0.86975489 0.06104721
vn 0.83159889 0.31667046 0.45624896
vn -0.84705501 0.51824842 0.11796772
vn -0.95139513 0.30344510 -0.05261548
vn -0.66906494 0.69907724 0.25227590
vn -0.98982154 0.05158707 -0.13263519
vn -0.87989792 0.34173985 -0.33014167
vn -0.96015524 -0.18518671 -0.20930310
vn -0.93164737 0.25966259 -0.25418207
vn -0.84379567 0.07508698 0.53138574
vn -0.90185479 0.08998849 0.42256362
vn -0.46341030 0.88116281 -0.09382434
vn -0.88037405 0.46677530 -0.08403781
vn -0.31600603 0.92727699 0.20074255
vn -0.66202548 0.65450305 -0.36516848
vn -0.26534220 0.64404191 0.71749811
vn 0.53513129 0.81971586 0.20420680
vn -0.60486408 0.04825318 0.79486544
vn -0.37669704 0.34707777 -0.85885759
vn -0.61792959 0.27570388 -0.73630863
vn -0.36161130 0.44445772 -0.81956977
vn -0.66142989 0.45938183 -0.59285650
vn -0.98671749 -0.15975408 0.02944872
vn 0.71905266 -0.46700475 0.51465506
vn 0.29102922 -0.95647166 0.02153987
vn 0.83842852 -0.33067131 0.43323676
vn 0.69022206 -0.08042970 0.71911374
vn 0.77303014 -0.05986159 0.63153860
vn 0.76275289 0.01617608 0.64648771
vn -0.26747977 -0.42283083 0.86583409
vn -0.01064895 0.11734515 0.99303410
vn 0.13961485 0.01434188 0.99010202
vn 0.34668908 0.21392177 0.91326018
vn 0.11246920 -0.17047252 0.97892278
vn -0.21597264 0.04104287 0.97553642
vn 0.36877507 -0.09658370 0.92448717
vn 0.50482029 0.20300296 0.83901506
vn 0.31752030 -0.18449917 -0.93012952
vn 0.67878303 0.13092302 -0.72257371
vn 0.58907187 0.12408020 -0.79849761
vn 0.00226727 0.88263302 0.47005725
vn -0.27703155 0.85507051 -0.43830121
vn -0.56163625 -0.50645947 -0.65426564
vn -0.24509273 0.08552666 -0.96571981
vn -0.05885117 0.65616909 0.75231553
vn -0.07948131 0.87365076 0.48001778
vn 0.05059531 0.79518524 0.60425206
vn -0.37305811 -0.17522418 -0.91111148
vn -0.81201552 -0.38155186 -0.44164348
vn -0.35388215 0.89014405 0.28707315
vn 0.17179483 -0.11588321 -0.97829322
vn -0.57888265 0.12542333 0.80570706
vn -0.43507767 0.46578808 0.77055103
vn -0.73891054 0.32844643 0.58833167
vn -0.98833858 0.14637906 0.04195254
vn -0.99164737 0.11763073 -0.05290089
vn -0.98661085 0.14450805 -0.07560726
vn -0.95418888 -0.19723810 0.22499045
vn -0.87848930 -0.25855058 -0.40175632
vn -0.99789302 0.01642906 0.06276625
vn -0.99140285 0.12122051 0.04925430
vn -0.98592990 0.15961990 0.04963592
vn -0.93451909 -0.02968220 0.35467315
vn -0.57851955 0.26026081 0.77303263
vn -0.27467915 0.75174939 0.59951999
vn 0.13728756 0.84140305 -0.52267871
vn -0.71208918 0.53439620 -0.45535668
vn -0.81334434 0.58023607 0.04239220
vn -0.96592760 0.25881179 -0.00057377
vn -0.85639088 0.03236235 -0.51531285
vn -0.95906100 0.00330414 0.28318031
vn -0.98362349 -0.08550556 0.15866201
vn -0.96535037 -0.25887376 0.03290968
vn -0.99200010 -0.02864053 0.12294522
vn -0.64301126 0.75646908 -0.11954513
vn -0.57376556 0.81020158 -0.11986028
vn -0.99919277 0.03606392 -0.01769780
vn -0.99648471 -0.00243109 -0.08373954
vn -0.99780514 0.06605553 0.00464444
vn -0.99899292 0.00745036 0.04424523
vn -0.99907651 0.00933869 0.04193952
vn -0.99898651 0.00782218 0.04432565
vn -0.99901440 0.00754189 0.04374175
vn -0.36807826 0.84442806 0.38917817
vn -0.22306424 0.94135905 0.25315111
vn 0.00013687 0.99901816 -0.04430238
vn -0.88987866 0.03187280 0.45508252
vn -0.67154737 -0.23590386 0.70240551
vn -0.49035490 0.40633874 0.77099994
vn -0.61029929 0.43412390 0.66262449
vn -0.82711593 0.01499540 0.56183128
vn -0.85171513 0.14931471 0.50228124
vn -0.83761145 0.17228975 0.51838529
vn -0.74656519 0.26310830 0.61107647
vn -0.74307737 0.45398823 0.49166117
vn -0.88588801 0.27060849 0.37679367
vn -0.68786037 0.06391788 0.72302325
vn 0.72226610 0.04255226 0.69030499
vn 0.88615646 0.35772093 0.29455467
vn 0.87735943 0.31199523 0.36455371
vn 0.69919275 0.66867334 0.25299303
vn -0.01728979 0.44045753 0.89760694
vn 0.65564912 -0.18090164 0.73307491
vn -0.03831250 -0.13063117 0.99069049
vn 0.39271106 -0.31638721 0.86352600
vn 0.56375365 0.31400823 0.76392451
vn -0.15281966 0.14258235 -0.97791433
vn -0.41519752 0.51875820 -0.74732921
vn -0.56113675 0.80188437 0.20519992
vn -0.21876870 0.96827549 -0.12075936
vn -0.29005357 0.95576939 0.04872162
vn -0.86837864 0.49388387 -0.04469064
vn -0.25072999 0.95905090 -0.13174158
vn -0.45964496 0.84420631 -0.27575752
vn -0.21439554 0.91855006 -0.33211496
vn -0.68668194 0.70770622 0.16619213
vn -0.31123654 0.94081972 0.13412710
vn -0.78945443 -0.17950808 0.58697407
vn -0.96473832 -0.25637388 0.05960202
vn -0.83891543 -0.50837520 0.19435935
vn -0.79377894 -0.34247108 0.50262169
vn -0.81667974 -0.39074541 0.42467896
vn -0.44836697 -0.50102929 -0.74022747
vn 0.32107013 0.79727459 0.51114304
vn 0.57864150 0.59989112 0.55254381
vn 0.40243535 -0.84313660 -0.35660409
vn 0.77454277 -0.30131799 -0.55613934
vn 0.54021918 -0.41046917 -0.73462800
vn 0.98076397 -0.00607594 -0.19510286
vn 0.76793656 -0.63751923 -0.06198932
vn 0.52302058 0.11491147 -0.84453823
vn 0.15213315 0.97417403 0.16685464
vn -0.14510201 0.98712393 -0.06731829
vn 0.57762844 -0.54344658 0.60910688
vn 0.74586322 -0.66595773 -0.01372437
vn 0.40664052 -0.68599713 -0.60336674
vn 0.92875584 -0.37038823 -0.01500492
vn -0.99382852 -0.10894696 -0.02086694
vn -0.99866025 -0.04381645 -0.02752863
vn 0.84436610 0.51834336 0.13552144
vn 0.94433183 0.26695644 0.19228016
vn -0.04811406 0.98696618 -0.15356694
vn 0.13065598 0.67069392 -0.73013607
vn -0.07304302 -0.70508129 0.70535458
vn 0.83274515 0.18010223 -0.52354437
vn 0.06395213 -0.15711898 -0.98550685
vn 0.98333072 0.09298529 0.15625119
vn 0.03448167 -0.98744777 0.15413603
vn -0.29130438 -0.95486157 -0.05814761
vn -0.05239499 -0.98607693 -0.15781971
vn -0.04734540 -0.97777699 0.20423166
vn -0.04882495 -0.96684304 0.25066045
vn -0.09393021 -0.94649706 -0.30874008
vn 0.01228891 -0.95031608 0.31104393
vn -0.02536092 -0.97752857 0.20927189
vn -0.96282551 -0.02981009 0.26847420
vn -0.99739387 -0.05865972 0.04200590
vn -0.82933473 -0.35384820 0.43242960
vn -0.90862275 0.18229809 0.37572876
vn 0.15258209 0.29164957 0.94427709
vn 0.02592382 0.61030378 0.79174317
vn -0.22362266 0.44330008 0.86803107
vn 0.38856680 0.05707559 0.91965114
vn -0.30477412 0.87393781 -0.37860988
vn -0.95161545 0.24395520 0.18685259
vn -0.99341394 0.07363701 0.08778576
vn -0.98333357 -0.02833656 0.17958878
vn -0.11140649 -0.24200114 -0.96385893
vn 0.18563821 -0.32123644 -0.92862566
vn -0.48261723 -0.81964807 0.30863839
vn -0.88123463 -0.05963796 0.46890174
vn 0.24606884 0.30986649 0.91838602
vn 0.37141798 0.19720955 0.90728005
vn -0.55974801 0.37311389 -0.73991094
vn 0.11515083 -0.12871470 -0.98497351
vn -0.07522598 0.05380197 -0.99571402
vn -0.19310665 0.46192075 -0.86564372
vn -0.20392970 0.51667407 -0.83154109
vn 0.11944786 0.39719264 -0.90992869
vn -0.09485520 0.57546662 -0.81230577
vn 0.06144171 0.99794182 -0.01835879
vn -0.00000000 0.00000000 -0.00000000
vn 0.36916113 0.09550299 -0.92444537
vn -0.13319930 0.98549950 0.10511269
vn -0.21296490 0.97615007 0.04215439
vn -0.26017150 0.93653967 -0.23495580
vn -0.13702292 0.98687152 0.08549457
vn -0.41225463 0.89509616 0.16984989
vn 0.00020967 -0.15626448 -0.98771523
vn 0.09563668 0.99395776 -0.05386645
vn 0.11602823 0.99232186 -0.04283431
vn 0.41998200 0.90098549 -0.10881297
vn -0.12302076 0.92970841 -0.34714285
vn -0.29542366 0.80634062 -0.51238624
vn -0.06936120 -0.81553663 -0.57453375
vn -0.17051777 -0.90949672 -0.37912980
vn -0.16865083 -0.98549741 0.01875511
vn -0.32895801 -0.79414464 -0.51099992
vn -0.42527782 -0.54272897 -0.72428175
vn 0.08322718 0.24108631 -0.96692845
vn 0.10404294 0.25178227 0.96217501
vn -0.83069050 -0.52998703 0.17049060
vn -0.15961229 -0.65044620 0.74259253
vn -0.76549472 -0.64343013 0.00393686
vn 0.70160278 0.70057764 -0.13017109
vn 0.46856633 0.26352980 0.84320676
vn 0.45819081 -0.85455923 -0.24451935
vn 0.84735959 -0.15168703 -0.50889367
vn 0.35148210 -0.90336756 0.24573845
vn -0.60263704 -0.46192250 0.65073513
vn -0.28127298 -0.31058713 0.90797640
vn -0.90303589 -0.34901033 0.25043556
vn -0.81410078 -0.56839159 -0.11904167
vn -0.69261655 -0.72009201 -0.04183077
vn -0.86259326 -0.25081359 0.43934658
vn -0.86553769 -0.24331969 0.43776710
vn -0.60731080 -0.79228082 0.05886174
vn -0.78255203 -0.30411936 0.54325292
vn -0.82236409 -0.29085625 0.48899893
vn 0.03764098 -0.99919615 0.01379171
vn 0.04819471 -0.83419954 0.54935271
vn 0.02890539 -0.88681824 0.46121350
vn 0.07812465 -0.79154711 0.60609381
vn 0.36388176 -0.83154804 0.41966406
vn -0.01454776 -0.87049984 0.49195365
vn 0.26480585 -0.88817079 0.37554029
vn 0.01229402 -0.74122745 0.67114136
vn 0.09045198 -0.95086096 0.29611126
vn -0.04676073 -0.93261138 0.35783998
vn -0.05716552 -0.91771874 0.39309595
vn -0.44260703 -0.57467325 0.68836739
vn -0.86680837 0.00477844 0.49861850
vn -0.65561560 -0.22327975 0.72132818
vn -0.92538380 -0.30216811 0.22882144
vn -0.90438346 0.41331938 0.10610200
vn -0.95690041 -0.09708293 -0.27370882
vn -0.82789156 0.45329606 -0.33033051
vn -0.86908157 -0.09894474 -0.48467223
vn -0.59366950 0.29317866 -0.74940163
vn -0.07367195 -0.98452414 0.15901149
vn -0.07053576 -0.91799329 0.39027300
vn -0.15152634 -0.97858812 0.13930203
vn 0.07342777 -0.99132206 0.10903642
vn -0.46986258 -0.86192311 0.19057204
vn 0.00552412 -0.99800788 0.06284702
vn -0.57818984 -0.78244839 0.23123803
vn 0.34052478 -0.84719083 -0.40781193
vn 0.47693515 -0.80686090 -0.34858047
vn 0.50524320 -0.77036527 -0.38893014
vn 0.49099703 -0.83309517 -0.25470446
vn 0.26484340 -0.58977888 -0.76290160
vn -0.16564776 -0.79103000 -0.58892475
vn -0.58928688 -0.70345801 -0.39735098
vn 0.94731222 0.01470439 -0.31997397
vn -0.09250760 0.77629880 -0.62354031
vn 0.55090376 0.34535027 -0.75976196
vn -0.44004695 0.40893567 -0.79945625
vn 0.99807919 -0.05958821 -0.01694646
vn -0.84031176 0.54151581 -0.02523439
vn -0.50972448 0.62253064 -0.59383210
vn -0.48664474 0.62121040 -0.61422678
vn -0.48489808 0.66002922 -0.57379027
vn -0.46706148 -0.52486305 -0.71159845
vn 0.20928185 -0.78085563 -0.58861328
vn -0.75708897 0.31580719 -0.57191093
vn -0.43984243 0.66514438 -0.60342489
vn -0.50405030 0.68499138 -0.52604192
vn -0.95296681 0.28231404 -0.11024084
vn -0.91907791 0.37931333 -0.10685124
vn 0.64156971 0.33674744 -0.68919480
vn -0.19555419 0.27787507 -0.94050200
vn -0.06197599 0.06190247 -0.99615614
vn 0.04789431 0.85282116 -0.52000212
vn -0.68907688 0.02606101 -0.72421949
vn 0.81728061 0.40606286 -0.40885860
vn 0.97134216 0.20103994 0.12679652
vn 0.47497514 0.81136156 -0.34072135
vn 0.99258465 -0.04223468 -0.11398218
vn 0.83939745 -0.40150998 -0.36633545
vn 0.96287723 -0.21808477 -0.15908009
vn 0.91024464 0.33017972 -0.24987208
vn 0.93983506 0.29030318 -0.18009477
vn 0.89738309 0.05866016 -0.43733577
vn 0.94935385 0.11617770 -0.29194179
vn 0.04241277 -0.71017031 -0.70275123
vn 0.93052424 -0.02618963 -0.36529268
vn 0.95838643 0.04030740 -0.28261417
vn 0.99591122 0.01909434 -0.08829637
vn 0.95063488 0.14911104 -0.27213823
vn 0.60814221 -0.73264556 0.30560355
vn -0.10967746 0.80366437 0.58488839
vn 0.53302520 0.76463031 -0.36224939
vn 0.41294420 0.64627656 -0.64171933
vn 0.98115897 -0.10235205 0.16386315
vn 0.92243029 -0.10662236 0.37115232
vn 0.90460878 -0.21958533 0.36532895
vn 0.82118999 -0.10331919 0.56122379
vn 0.92861691 0.01000950 0.37090490
f 4//4 1//1 6//6
f 6//6 1//1 2//2
f 6//6 2//2 5//5
f 3//3 4//4 6//6
f 5//5 2//2 8//8
f 3//3 17//17 4//4
f 6//6 7//7 18//18
f 6//6 15//15 7//7
f 6//6 18//18 3//3
f 13//13 3//3 18//18
f 15//15 6//6 12//12
f 2//2 9//9 8//8
f 8//8 9//9 12//12
f 3//3 11//11 17//17
f 7//7 15//15 10//10
f 3//3 13//13 11//11
f 20//20 7//7 10//10
f 3371//3371 20//20 10//10
f 12//12 9//9 1710//1710
f 15//15 12//12 1710//1710
f 16//16 20//20 3371//3371
f 18//18 7//7 20//20
f 11//11 25//25 17//17
f 11//11 18//18 21//21
f 13//13 18//18 11//11
f 21//21 18//18 20//20
f 19//19 11//11 21//21
f 11//11 19//19 25//25
f 21//21 20//20 16//16
f 21//21 23//23 19//19
f 24//24 25//25 19//19
f 22//22 21//21 16//16
f 24//24 19//19 23//23
f 22//22 23//23 21//21
f 27//27 25//25 24//24
f 26//26 27//27 24//24
f 26//26 24//24 23//23
f 31//31 26//26 23//23
f 28//28 25//25 27//27
f 27//27 26//26 28//28
f 23//23 29//29 31//31
f 31//31 29//29 32//32
f 34//34 29//29 30//30
f 34//34 32//32 29//29
f 33//33 34//34 37//37
f 37//37 34//34 35//35
f 36//36 34//34 30//30
f 35//35 34//34 38//38
f 37//37 35//35 39//39
f 38//38 39//39 35//35
f 34//34 36//36 38//38
f 42//42 39//39 38//38
f 42//42 38//38 40//40
f 41//41 38//38 36//36
f 38//38 41//41 40//40
f 40//40 3372//3372 42//42
f 40//40 41//41 44//44
f 43//43 41//41 36//36
f 41//41 43//43 44//44
f 40//40 44//44 3372//3372
f 1846//1846 44//44 43//43
f 46//46 47//47 48//48
f 46//46 49//49 47//47
f 49//49 48//48 47//47
f 50//50 52//52 51//51
f 52//52 53//53 51//51
f 52//52 50//50 53//53
f 54//54 55//55 56//56
f 54//54 57//57 55//55
f 56//56 55//55 57//57
f 59//59 60//60 61//61
f 60//60 59//59 62//62
f 60//60 62//62 61//61
f 63//63 1735//1735 1734//1734
f 69//69 70//70 71//71
f 3004//3004 64//64 3003//3003
f 75//75 76//76 77//77
f 79//79 80//80 78//78
f 2666//2666 78//78 80//80
f 82//82 80//80 79//79
f 81//81 80//80 82//82
f 82//82 80//80 81//81
f 2079//2079 1851//1851 85//85
f 83//83 1851//1851 84//84
f 84//84 1851//1851 2080//2080
f 177//177 85//85 1851//1851
f 88//88 87//87 86//86
f 88//88 89//89 87//87
f 22//22 29//29 23//23
f 22//22 30//30 29//29
f 90//90 3376//3376 123//123
f 127//127 90//90 123//123
f 2234//2234 3284//3284 91//91
f 2235//2235 3284//3284 2234//2234
f 92//92 3284//3284 2235//2235
f 94//94 14//14 1774//1774
f 2830//2830 97//97 45//45
f 102//102 101//101 105//105
f 104//104 105//105 101//101
f 101//101 102//102 103//103
f 104//104 101//101 103//103
f 105//105 104//104 109//109
f 106//106 104//104 103//103
f 106//106 108//108 104//104
f 108//108 109//109 104//104
f 108//108 106//106 107//107
f 108//108 107//107 109//109
f 110//110 111//111 121//121
f 112//112 110//110 99//99
f 111//111 110//110 115//115
f 110//110 112//112 115//115
f 112//112 113//113 117//117
f 114//114 112//112 117//117
f 119//119 111//111 115//115
f 111//111 119//119 121//121
f 114//114 115//115 112//112
f 99//99 116//116 113//113
f 119//119 115//115 114//114
f 116//116 117//117 113//113
f 119//119 114//114 118//118
f 120//120 119//119 118//118
f 119//119 120//120 121//121
f 123//123 120//120 118//118
f 126//126 120//120 123//123
f 125//125 123//123 118//118
f 123//123 3376//3376 126//126
f 125//125 124//124 123//123
f 124//124 127//127 123//123
f 129//129 130//130 2249//2249
f 129//129 1874//1874 130//130
f 2249//2249 131//131 1009//1009
f 179//179 134//134 133//133
f 135//135 179//179 133//133
f 134//134 179//179 135//135
f 140//140 137//137 138//138
f 140//140 138//138 1977//1977
f 140//140 1977//1977 1960//1960
f 1977//1977 139//139 1960//1960
f 149//149 141//141 146//146
f 141//141 149//149 142//142
f 142//142 143//143 141//141
f 146//146 147//147 149//149
f 142//142 144//144 143//143
f 146//146 141//141 145//145
f 144//144 141//141 143//143
f 145//145 141//141 144//144
f 168//168 147//147 146//146
f 148//148 146//146 145//145
f 148//148 168//168 146//146
f 168//168 149//149 147//147
f 151//151 168//168 152//152
f 152//152 168//168 150//150
f 152//152 155//155 151//151
f 150//150 155//155 152//152
f 153//153 151//151 155//155
f 150//150 162//162 155//155
f 156//156 151//151 153//153
f 153//153 154//154 156//156
f 155//155 161//161 153//153
f 158//158 151//151 156//156
f 157//157 154//154 153//153
f 156//156 154//154 157//157
f 160//160 168//168 151//151
f 159//159 158//158 156//156
f 162//162 161//161 155//155
f 160//160 151//151 158//158
f 163//163 165//165 162//162
f 162//162 165//165 222//222
f 163//163 162//162 150//150
f 159//159 160//160 158//158
f 162//162 222//222 164//164
f 166//166 163//163 150//150
f 160//160 159//159 167//167
f 3275//3275 165//165 163//163
f 163//163 166//166 3232//3232
f 166//166 3231//3231 3232//3232
f 160//160 167//167 168//168
f 166//166 173//173 3231//3231
f 169//169 165//165 3275//3275
f 166//166 170//170 173//173
f 170//170 166//166 150//150
f 170//170 176//176 173//173
f 174//174 173//173 176//176
f 174//174 171//171 173//173
f 174//174 176//176 172//172
f 170//170 175//175 176//176
f 176//176 175//175 172//172
f 83//83 177//177 1851//1851
f 178//178 2246//2246 1937//1937
f 2200//2200 1975//1975 182//182
f 369//369 182//182 1975//1975
f 182//182 369//369 181//181
f 181//181 184//184 183//183
f 181//181 369//369 184//184
f 182//182 185//185 2200//2200
f 181//181 185//185 182//182
f 187//187 181//181 183//183
f 187//187 188//188 181//181
f 188//188 185//185 181//181
f 185//185 186//186 2200//2200
f 189//189 188//188 187//187
f 189//189 187//187 183//183
f 2759//2759 190//190 191//191
f 290//290 288//288 194//194
f 192//192 195//195 193//193
f 194//194 195//195 192//192
f 195//195 194//194 288//288
f 196//196 197//197 198//198
f 294//294 197//197 196//196
f 196//196 199//199 294//294
f 196//196 198//198 199//199
f 203//203 358//358 200//200
f 201//201 200//200 358//358
f 358//358 203//203 357//357
f 203//203 200//200 202//202
f 205//205 204//204 2169//2169
f 204//204 205//205 3282//3282
f 207//207 208//208 206//206
f 206//206 208//208 209//209
f 207//207 209//209 208//208
f 214//214 219//219 213//213
f 214//214 216//216 219//219
f 214//214 306//306 216//216
f 218//218 215//215 216//216
f 218//218 217//217 215//215
f 219//219 215//215 217//217
f 221//221 220//220 336//336
f 169//169 222//222 165//165
f 2169//2169 223//223 205//205
f 225//225 226//226 227//227
f 227//227 228//228 225//225
f 228//228 227//227 226//226
f 231//231 232//232 229//229
f 230//230 231//231 229//229
f 236//236 232//232 231//231
f 231//231 234//234 236//236
f 230//230 234//234 231//231
f 234//234 230//230 235//235
f 234//234 233//233 236//236
f 235//235 279//279 234//234
f 233//233 300//300 236//236
f 2243//2243 279//279 235//235
f 237//237 238//238 270//270
f 238//238 237//237 239//239
f 242//242 241//241 3209//3209
f 3209//3209 241//241 243//243
f 1989//1989 243//243 241//241
f 1989//1989 245//245 243//243
f 327//327 243//243 245//245
f 244//244 245//245 1989//1989
f 244//244 246//246 245//245
f 327//327 245//245 246//246
f 2156//2156 1973//1973 247//247
f 258//258 249//249 248//248
f 249//249 250//250 259//259
f 285//285 253//253 252//252
f 306//306 325//325 216//216
f 218//218 216//216 325//325
f 255//255 257//257 254//254
f 255//255 256//256 257//257
f 255//255 254//254 256//256
f 262//262 261//261 259//259
f 261//261 258//258 259//259
f 262//262 259//259 250//250
f 248//248 259//259 258//258
f 262//262 260//260 261//261
f 262//262 264//264 260//260
f 250//250 263//263 262//262
f 248//248 249//249 259//259
f 262//262 263//263 264//264
f 264//264 263//263 250//250
f 265//265 266//266 1928//1928
f 1928//1928 1930//1930 265//265
f 266//266 251//251 1928//1928
f 2160//2160 268//268 267//267
f 3231//3231 173//173 1889//1889
f 270//270 238//238 239//239
f 270//270 272//272 271//271
f 271//271 273//273 270//270
f 273//273 271//271 272//272
f 274//274 3077//3077 276//276
f 275//275 274//274 276//276
f 276//276 277//277 275//275
f 276//276 3077//3077 277//277
f 278//278 279//279 2243//2243
f 279//279 278//278 233//233
f 279//279 233//233 234//234
f 278//278 2243//2243 280//280
f 233//233 278//278 283//283
f 283//283 278//278 281//281
f 278//278 280//280 281//281
f 300//300 233//233 283//283
f 282//282 300//300 283//283
f 284//284 286//286 281//281
f 289//289 283//283 281//281
f 289//289 281//281 286//286
f 284//284 281//281 280//280
f 280//280 285//285 284//284
f 286//286 284//284 252//252
f 284//284 285//285 252//252
f 296//296 283//283 289//289
f 298//298 282//282 283//283
f 289//289 286//286 290//290
f 298//298 283//283 296//296
f 298//298 293//293 282//282
f 287//287 198//198 252//252
f 288//288 290//290 286//286
f 198//198 287//287 199//199
f 252//252 198//198 286//286
f 287//287 292//292 199//199
f 253//253 287//287 252//252
f 298//298 296//296 291//291
f 294//294 199//199 292//292
f 297//297 289//289 290//290
f 296//296 2264//2264 291//291
f 2264//2264 298//298 291//291
f 295//295 294//294 292//292
f 287//287 295//295 292//292
f 289//289 297//297 296//296
f 193//193 293//293 298//298
f 287//287 253//253 295//295
f 194//194 297//297 290//290
f 192//192 297//297 194//194
f 192//192 298//298 2264//2264
f 2264//2264 296//296 297//297
f 192//192 2264//2264 297//297
f 298//298 192//192 193//193
f 215//215 219//219 216//216
f 301//301 304//304 224//224
f 303//303 304//304 301//301
f 304//304 303//303 305//305
f 302//302 303//303 301//301
f 305//305 213//213 304//304
f 305//305 303//303 302//302
f 306//306 213//213 305//305
f 214//214 213//213 306//306
f 302//302 307//307 305//305
f 311//311 309//309 308//308
f 312//312 311//311 308//308
f 310//310 309//309 311//311
f 310//310 311//311 314//314
f 309//309 312//312 308//308
f 310//310 313//313 309//309
f 309//309 313//313 312//312
f 312//312 314//314 311//311
f 333//333 316//316 315//315
f 319//319 317//317 318//318
f 3278//3278 317//317 319//319
f 319//319 318//318 320//320
f 320//320 318//318 317//317
f 321//321 322//322 323//323
f 323//323 324//324 321//321
f 324//324 323//323 322//322
f 307//307 325//325 306//306
f 307//307 302//302 326//326
f 246//246 244//244 327//327
f 330//330 2862//2862 329//329
f 331//331 315//315 316//316
f 315//315 331//331 334//334
f 315//315 334//334 332//332
f 333//333 315//315 332//332
f 332//332 334//334 335//335
f 331//331 335//335 334//334
f 137//137 340//340 138//138
f 343//343 345//345 342//342
f 2221//2221 343//343 342//342
f 344//344 343//343 2221//2221
f 343//343 344//344 345//345
f 347//347 346//346 780//780
f 350//350 220//220 221//221
f 336//336 220//220 350//350
f 352//352 336//336 350//350
f 351//351 352//352 350//350
f 221//221 351//351 350//350
f 354//354 352//352 501//501
f 352//352 354//354 202//202
f 203//203 202//202 354//354
f 357//357 203//203 354//354
f 357//357 354//354 501//501
f 501//501 353//353 357//357
f 353//353 359//359 357//357
f 358//358 357//357 356//356
f 360//360 358//358 356//356
f 357//357 359//359 356//356
f 353//353 355//355 359//359
f 359//359 360//360 356//356
f 355//355 360//360 359//359
f 362//362 361//361 3314//3314
f 363//363 361//361 362//362
f 361//361 3315//3315 3314//3314
f 1069//1069 364//364 365//365
f 3362//3362 365//365 366//366
f 3362//3362 366//366 3361//3361
f 1975//1975 186//186 369//369
f 439//439 337//337 3334//3334
f 371//371 600//600 370//370
f 379//379 375//375 374//374
f 376//376 374//374 375//375
f 2107//2107 376//376 375//375
f 377//377 379//379 374//374
f 380//380 379//379 377//377
f 374//374 447//447 377//377
f 380//380 377//377 378//378
f 377//377 447//447 378//378
f 380//380 378//378 381//381
f 382//382 379//379 380//380
f 381//381 1011//1011 382//382
f 380//380 381//381 382//382
f 449//449 385//385 383//383
f 385//385 384//384 388//388
f 449//449 384//384 385//385
f 390//390 383//383 386//386
f 386//386 383//383 387//387
f 387//387 385//385 388//388
f 393//393 390//390 386//386
f 388//388 393//393 386//386
f 386//386 387//387 388//388
f 388//388 384//384 389//389
f 389//389 392//392 388//388
f 393//393 391//391 398//398
f 392//392 389//389 401//401
f 392//392 393//393 388//388
f 393//393 398//398 390//390
f 399//399 393//393 392//392
f 391//391 393//393 394//394
f 397//397 391//391 396//396
f 391//391 395//395 396//396
f 394//394 395//395 391//391
f 398//398 391//391 397//397
f 394//394 393//393 2238//2238
f 401//401 399//399 392//392
f 395//395 397//397 396//396
f 399//399 401//401 400//400
f 2238//2238 393//393 399//399
f 395//395 394//394 397//397
f 398//398 397//397 394//394
f 401//401 389//389 407//407
f 2238//2238 399//399 402//402
f 407//407 400//400 401//401
f 407//407 403//403 400//400
f 400//400 402//402 399//399
f 413//413 400//400 403//403
f 405//405 402//402 400//400
f 407//407 389//389 404//404
f 413//413 406//406 400//400
f 405//405 400//400 410//410
f 406//406 410//410 400//400
f 403//403 412//412 413//413
f 403//403 407//407 409//409
f 414//414 410//410 406//406
f 415//415 412//412 403//403
f 408//408 415//415 403//403
f 410//410 416//416 405//405
f 412//412 414//414 406//406
f 408//408 403//403 409//409
f 409//409 411//411 408//408
f 407//407 404//404 409//409
f 409//409 404//404 411//411
f 414//414 416//416 410//410
f 408//408 417//417 415//415
f 412//412 415//415 414//414
f 418//418 417//417 408//408
f 411//411 418//418 408//408
f 476//476 421//421 475//475
f 476//476 422//422 421//421
f 422//422 423//423 421//421
f 476//476 423//423 422//422
f 426//426 428//428 427//427
f 426//426 427//427 434//434
f 428//428 426//426 434//434
f 430//430 429//429 427//427
f 434//434 427//427 429//429
f 430//430 434//434 429//429
f 434//434 430//430 431//431
f 433//433 431//431 432//432
f 432//432 431//431 430//430
f 431//431 433//433 434//434
f 434//434 433//433 1076//1076
f 212//212 2232//2232 435//435
f 437//437 3316//3316 438//438
f 446//446 442//442 441//441
f 444//444 446//446 441//441
f 443//443 444//444 441//441
f 441//441 442//442 443//443
f 443//443 445//445 444//444
f 446//446 444//444 448//448
f 448//448 444//444 445//445
f 374//374 448//448 445//445
f 447//447 374//374 445//445
f 448//448 374//374 376//376
f 383//383 390//390 449//449
f 450//450 454//454 451//451
f 451//451 453//453 450//450
f 453//453 454//454 450//450
f 452//452 453//453 451//451
f 453//453 455//455 454//454
f 453//453 452//452 455//455
f 457//457 3217//3217 456//456
f 458//458 460//460 459//459
f 460//460 461//461 459//459
f 458//458 461//461 460//460
f 463//463 2626//2626 462//462
f 462//462 464//464 463//463
f 1961//1961 465//465 1997//1997
f 1961//1961 466//466 465//465
f 469//469 467//467 468//468
f 470//470 467//467 469//469
f 2010//2010 469//469 468//468
f 2010//2010 470//470 469//469
f 467//467 470//470 471//471
f 473//473 464//464 472//472
f 473//473 472//472 474//474
f 476//476 475//475 421//421
f 2600//2600 2602//2602 328//328
f 477//477 2584//2584 2608//2608
f 2015//2015 479//479 478//478
f 2016//2016 479//479 2015//2015
f 482//482 483//483 480//480
f 483//483 481//481 480//480
f 480//480 481//481 536//536
f 482//482 480//480 536//536
f 485//485 482//482 537//537
f 482//482 486//486 483//483
f 482//482 485//485 486//486
f 486//486 485//485 537//537
f 481//481 484//484 536//536
f 490//490 487//487 489//489
f 489//489 487//487 488//488
f 490//490 489//489 488//488
f 492//492 487//487 491//491
f 487//487 492//492 493//493
f 491//491 493//493 492//492
f 494//494 496//496 495//495
f 496//496 494//494 495//495
f 496//496 497//497 495//495
f 499//499 498//498 2199//2199
f 432//432 500//500 433//433
f 352//352 353//353 501//501
f 355//355 353//353 352//352
f 504//504 502//502 559//559
f 559//559 503//503 504//504
f 503//503 505//505 504//504
f 559//559 505//505 503//503
f 507//507 506//506 868//868
f 508//508 506//506 507//507
f 510//510 509//509 511//511
f 509//509 504//504 511//511
f 569//569 614//614 512//512
f 2587//2587 514//514 515//515
f 515//515 514//514 516//516
f 2587//2587 516//516 514//514
f 2651//2651 2587//2587 515//515
f 517//517 518//518 3356//3356
f 3356//3356 520//520 517//517
f 517//517 520//520 522//522
f 518//518 519//519 3356//3356
f 520//520 521//521 2219//2219
f 3356//3356 521//521 520//520
f 2188//2188 2219//2219 521//521
f 520//520 2219//2219 522//522
f 366//366 523//523 521//521
f 367//367 366//366 521//521
f 364//364 521//521 523//523
f 521//521 524//524 2187//2187
f 521//521 364//364 524//524
f 523//523 365//365 364//364
f 366//366 365//365 523//523
f 524//524 364//364 1070//1070
f 525//525 526//526 2174//2174
f 533//533 527//527 530//530
f 528//528 530//530 529//529
f 529//529 530//530 527//527
f 532//532 533//533 530//530
f 530//530 528//528 531//531
f 533//533 532//532 2013//2013
f 530//530 531//531 535//535
f 534//534 530//530 535//535
f 528//528 535//535 531//531
f 536//536 484//484 537//537
f 537//537 482//482 536//536
f 538//538 644//644 643//643
f 540//540 508//508 507//507
f 542//542 543//543 544//544
f 543//543 2230//2230 544//544
f 545//545 543//543 542//542
f 2230//2230 543//543 548//548
f 545//545 548//548 543//543
f 545//545 546//546 548//548
f 548//548 546//546 547//547
f 554//554 555//555 551//551
f 551//551 555//555 553//553
f 553//553 555//555 554//554
f 553//553 552//552 551//551
f 551//551 552//552 554//554
f 706//706 557//557 556//556
f 558//558 706//706 556//556
f 2659//2659 558//558 556//556
f 560//560 562//562 502//502
f 592//592 562//562 560//560
f 564//564 561//561 562//562
f 562//562 563//563 564//564
f 563//563 562//562 592//592
f 2092//2092 563//563 592//592
f 563//563 465//465 564//564
f 2094//2094 563//563 2092//2092
f 2092//2092 592//592 2094//2094
f 594//594 2094//2094 592//592
f 1997//1997 563//563 2094//2094
f 1997//1997 2094//2094 594//594
f 466//466 564//564 465//465
f 465//465 563//563 1997//1997
f 565//565 566//566 601//601
f 566//566 567//567 601//601
f 569//569 512//512 568//568
f 570//570 568//568 512//512
f 571//571 568//568 570//570
f 569//569 568//568 614//614
f 886//886 614//614 568//568
f 571//571 573//573 568//568
f 886//886 568//568 573//573
f 573//573 571//571 572//572
f 886//886 573//573 575//575
f 574//574 573//573 572//572
f 575//575 573//573 574//574
f 575//575 574//574 572//572
f 517//517 522//522 576//576
f 580//580 579//579 602//602
f 582//582 581//581 589//589
f 581//581 582//582 585//585
f 585//585 587//587 581//581
f 587//587 584//584 581//581
f 588//588 589//589 581//581
f 586//586 583//583 582//582
f 581//581 584//584 588//588
f 586//586 582//582 589//589
f 582//582 583//583 585//585
f 584//584 597//597 588//588
f 593//593 583//583 586//586
f 502//502 584//584 587//587
f 583//583 594//594 585//585
f 585//585 592//592 587//587
f 560//560 502//502 587//587
f 591//591 589//589 588//588
f 593//593 595//595 583//583
f 592//592 560//560 587//587
f 595//595 594//594 583//583
f 597//597 590//590 588//588
f 586//586 589//589 591//591
f 585//585 594//594 592//592
f 502//502 504//504 584//584
f 598//598 586//586 591//591
f 504//504 509//509 584//584
f 596//596 594//594 595//595
f 590//590 591//591 588//588
f 584//584 509//509 597//597
f 598//598 593//593 586//586
f 590//590 593//593 598//598
f 593//593 596//596 595//595
f 591//591 590//590 598//598
f 509//509 510//510 597//597
f 562//562 599//599 502//502
f 502//502 599//599 559//559
f 561//561 599//599 562//562
f 600//600 371//371 990//990
f 667//667 565//565 601//601
f 602//602 579//579 565//565
f 580//580 602//602 565//565
f 603//603 605//605 604//604
f 606//606 605//605 603//603
f 604//604 606//606 603//603
f 970//970 607//607 2526//2526
f 886//886 610//610 614//614
f 611//611 610//610 2220//2220
f 612//612 782//782 613//613
f 615//615 616//616 2619//2619
f 617//617 616//616 615//615
f 617//617 2619//2619 616//616
f 2618//2618 2619//2619 617//617
f 620//620 622//622 623//623
f 620//620 623//623 626//626
f 621//621 620//620 626//626
f 623//623 622//622 626//626
f 622//622 620//620 625//625
f 624//624 626//626 622//622
f 625//625 630//630 622//622
f 621//621 625//625 620//620
f 631//631 626//626 624//624
f 622//622 630//630 628//628
f 622//622 628//628 624//624
f 627//627 625//625 621//621
f 633//633 630//630 625//625
f 627//627 633//633 625//625
f 628//628 630//630 629//629
f 633//633 632//632 630//630
f 624//624 628//628 631//631
f 630//630 632//632 629//629
f 633//633 627//627 632//632
f 636//636 634//634 635//635
f 637//637 635//635 634//634
f 638//638 636//636 635//635
f 641//641 639//639 640//640
f 641//641 640//640 642//642
f 639//639 642//642 640//640
f 643//643 644//644 538//538
f 646//646 648//648 647//647
f 653//653 646//646 647//647
f 653//653 647//647 648//648
f 648//648 649//649 653//653
f 649//649 648//648 650//650
f 653//653 649//649 650//650
f 650//650 651//651 653//653
f 650//650 652//652 651//651
f 651//651 652//652 653//653
f 660//660 657//657 658//658
f 658//658 657//657 659//659
f 660//660 658//658 659//659
f 663//663 661//661 662//662
f 661//661 664//664 662//662
f 661//661 663//663 664//664
f 3302//3302 665//665 3298//3298
f 666//666 684//684 683//683
f 667//667 601//601 567//567
f 678//678 675//675 670//670
f 672//672 673//673 670//670
f 674//674 678//678 670//670
f 669//669 670//670 673//673
f 670//670 669//669 674//674
f 678//678 671//671 675//675
f 675//675 672//672 670//670
f 673//673 672//672 677//677
f 669//669 678//678 674//674
f 679//679 678//678 676//676
f 675//675 671//671 672//672
f 677//677 672//672 671//671
f 678//678 679//679 682//682
f 679//679 639//639 680//680
f 679//679 683//683 682//682
f 681//681 683//683 679//679
f 676//676 639//639 679//679
f 685//685 681//681 679//679
f 681//681 666//666 683//683
f 679//679 680//680 685//685
f 682//682 683//683 684//684
f 666//666 681//681 685//685
f 680//680 684//684 666//666
f 685//685 680//680 666//666
f 687//687 686//686 680//680
f 687//687 688//688 686//686
f 680//680 686//686 688//688
f 690//690 692//692 689//689
f 690//690 689//689 691//691
f 692//692 690//690 691//691
f 2309//2309 694//694 693//693
f 694//694 2309//2309 513//513
f 655//655 656//656 695//695
f 695//695 656//656 655//655
f 697//697 558//558 696//696
f 697//697 706//706 558//558
f 558//558 2659//2659 699//699
f 558//558 699//699 696//696
f 698//698 697//697 696//696
f 699//699 700//700 696//696
f 696//696 702//702 698//698
f 698//698 707//707 697//697
f 705//705 704//704 697//697
f 707//707 705//705 697//697
f 702//702 707//707 698//698
f 699//699 2659//2659 701//701
f 699//699 701//701 700//700
f 696//696 700//700 703//703
f 704//704 705//705 758//758
f 696//696 703//703 702//702
f 706//706 697//697 704//704
f 704//704 709//709 706//706
f 702//702 703//703 707//707
f 708//708 707//707 703//703
f 710//710 712//712 711//711
f 711//711 714//714 710//710
f 712//712 710//710 714//714
f 714//714 713//713 712//712
f 713//713 714//714 711//711
f 722//722 719//719 720//720
f 719//719 722//722 717//717
f 717//717 722//722 721//721
f 717//717 721//721 725//725
f 721//721 722//722 724//724
f 718//718 717//717 725//725
f 722//722 720//720 723//723
f 725//725 721//721 724//724
f 724//724 722//722 723//723
f 723//723 725//725 724//724
f 727//727 726//726 2224//2224
f 733//733 726//726 727//727
f 733//733 727//727 731//731
f 730//730 731//731 727//727
f 729//729 733//733 731//731
f 732//732 726//726 733//733
f 2224//2224 738//738 727//727
f 738//738 728//728 727//727
f 727//727 728//728 730//730
f 730//730 728//728 731//731
f 736//736 2224//2224 726//726
f 732//732 733//733 729//729
f 734//734 736//736 726//726
f 2224//2224 736//736 735//735
f 738//738 2224//2224 735//735
f 736//736 734//734 739//739
f 737//737 738//738 735//735
f 737//737 739//739 740//740
f 739//739 737//737 735//735
f 736//736 739//739 735//735
f 737//737 740//740 738//738
f 739//739 734//734 740//740
f 705//705 707//707 708//708
f 708//708 758//758 705//705
f 741//741 742//742 744//744
f 743//743 778//778 742//742
f 741//741 743//743 742//742
f 745//745 754//754 693//693
f 693//693 754//754 2335//2335
f 2335//2335 754//754 755//755
f 2335//2335 755//755 783//783
f 746//746 748//748 578//578
f 3162//3162 748//748 746//746
f 578//578 750//750 746//746
f 750//750 578//578 747//747
f 3162//3162 751//751 748//748
f 750//750 3162//3162 746//746
f 747//747 578//578 577//577
f 3171//3171 749//749 3162//3162
f 3162//3162 749//749 751//751
f 751//751 745//745 748//748
f 749//749 3171//3171 751//751
f 3171//3171 3172//3172 751//751
f 3162//3162 750//750 747//747
f 3172//3172 752//752 751//751
f 3162//3162 747//747 753//753
f 751//751 752//752 783//783
f 745//745 751//751 754//754
f 783//783 754//754 751//751
f 783//783 755//755 754//754
f 782//782 2309//2309 783//783
f 2335//2335 783//783 2309//2309
f 612//612 2309//2309 782//782
f 819//819 513//513 612//612
f 513//513 2309//2309 612//612
f 613//613 819//819 612//612
f 757//757 756//756 832//832
f 742//742 756//756 744//744
f 760//760 762//762 761//761
f 763//763 761//761 762//762
f 760//760 761//761 763//763
f 760//760 716//716 762//762
f 715//715 762//762 716//716
f 763//763 762//762 766//766
f 766//766 762//762 715//715
f 715//715 764//764 766//766
f 765//765 715//715 716//716
f 765//765 764//764 715//715
f 765//765 716//716 767//767
f 764//764 768//768 766//766
f 765//765 767//767 764//764
f 767//767 619//619 764//764
f 771//771 619//619 767//767
f 768//768 650//650 766//766
f 2657//2657 764//764 619//619
f 769//769 767//767 770//770
f 764//764 2657//2657 768//768
f 769//769 771//771 767//767
f 716//716 770//770 767//767
f 774//774 2657//2657 772//772
f 773//773 772//772 2657//2657
f 774//774 772//772 773//773
f 2657//2657 650//650 768//768
f 542//542 544//544 2230//2230
f 776//776 833//833 775//775
f 833//833 776//776 777//777
f 832//832 833//833 757//757
f 775//775 777//777 776//776
f 778//778 832//832 756//756
f 742//742 778//778 756//756
f 779//779 813//813 812//812
f 346//346 781//781 780//780
f 783//783 752//752 782//782
f 784//784 858//858 859//859
f 858//858 784//784 842//842
f 2855//2855 785//785 788//788
f 785//785 2855//2855 786//786
f 787//787 785//785 786//786
f 785//785 789//789 788//788
f 787//787 789//789 785//785
f 791//791 790//790 2620//2620
f 796//796 797//797 795//795
f 798//798 796//796 795//795
f 796//796 798//798 800//800
f 801//801 800//800 798//798
f 801//801 798//798 799//799
f 802//802 800//800 801//801
f 802//802 801//801 799//799
f 803//803 2076//2076 2078//2078
f 804//804 1956//1956 806//806
f 804//804 805//805 1956//1956
f 805//805 806//806 1956//1956
f 869//869 809//809 808//808
f 809//809 869//869 846//846
f 348//348 810//810 349//349
f 811//811 810//810 348//348
f 348//348 349//349 811//811
f 814//814 349//349 813//813
f 813//813 349//349 812//812
f 814//814 813//813 779//779
f 425//425 424//424 2223//2223
f 816//816 2223//2223 424//424
f 913//913 817//817 420//420
f 847//847 846//846 869//869
f 613//613 180//180 818//818
f 613//613 818//818 819//819
f 818//818 180//180 820//820
f 819//819 818//818 820//820
f 823//823 2586//2586 821//821
f 972//972 821//821 2586//2586
f 821//821 822//822 823//823
f 815//815 821//821 972//972
f 822//822 539//539 823//823
f 823//823 539//539 870//870
f 824//824 870//870 539//539
f 826//826 827//827 798//798
f 798//798 829//829 826//826
f 807//807 798//798 827//827
f 798//798 807//807 799//799
f 795//795 829//829 798//798
f 827//827 826//826 807//807
f 797//797 829//829 795//795
f 797//797 830//830 829//829
f 796//796 830//830 797//797
f 796//796 828//828 830//830
f 831//831 830//830 828//828
f 778//778 834//834 832//832
f 833//833 832//832 834//834
f 778//778 835//835 834//834
f 835//835 778//778 836//836
f 743//743 836//836 778//778
f 838//838 841//841 837//837
f 838//838 837//837 839//839
f 841//841 838//838 839//839
f 839//839 840//840 841//841
f 841//841 840//840 839//839
f 843//843 842//842 845//845
f 845//845 842//842 844//844
f 850//850 849//849 883//883
f 883//883 851//851 850//850
f 850//850 889//889 852//852
f 850//850 851//851 889//889
f 855//855 854//854 339//339
f 854//854 508//508 339//339
f 856//856 857//857 2853//2853
f 856//856 2856//2856 857//857
f 861//861 858//858 842//842
f 858//858 863//863 859//859
f 858//858 861//861 860//860
f 858//858 860//860 863//863
f 860//860 862//862 863//863
f 842//842 843//843 861//861
f 860//860 861//861 862//862
f 864//864 863//863 862//862
f 862//862 2539//2539 864//864
f 861//861 2539//2539 862//862
f 817//817 825//825 420//420
f 949//949 948//948 865//865
f 2216//2216 905//905 866//866
f 2216//2216 866//866 506//506
f 866//866 905//905 2208//2208
f 2216//2216 506//506 508//508
f 2216//2216 508//508 854//854
f 867//867 506//506 866//866
f 868//868 506//506 867//867
f 851//851 853//853 889//889
f 871//871 870//870 824//824
f 873//873 875//875 880//880
f 880//880 874//874 873//873
f 880//880 875//875 931//931
f 874//874 876//876 873//873
f 880//880 931//931 877//877
f 878//878 880//880 877//877
f 931//931 932//932 877//877
f 878//878 877//877 879//879
f 877//877 932//932 879//879
f 880//880 878//878 881//881
f 879//879 881//881 878//878
f 885//885 849//849 850//850
f 883//883 849//849 885//885
f 850//850 884//884 885//885
f 852//852 884//884 850//850
f 884//884 886//886 885//885
f 852//852 888//888 884//884
f 886//886 884//884 887//887
f 888//888 887//887 884//884
f 889//889 609//609 852//852
f 609//609 888//888 852//852
f 608//608 888//888 609//609
f 846//846 847//847 2606//2606
f 947//947 894//894 2583//2583
f 947//947 2583//2583 2609//2609
f 914//914 930//930 2205//2205
f 821//821 618//618 822//822
f 539//539 822//822 618//618
f 1041//1041 897//897 896//896
f 897//897 1041//1041 898//898
f 2214//2214 900//900 899//899
f 901//901 899//899 900//900
f 899//899 901//901 903//903
f 903//903 902//902 899//899
f 904//904 436//436 906//906
f 436//436 2216//2216 854//854
f 436//436 905//905 2216//2216
f 436//436 854//854 855//855
f 906//906 436//436 855//855
f 2222//2222 425//425 2223//2223
f 871//871 823//823 870//870
f 1185//1185 992//992 1141//1141
f 866//866 2208//2208 867//867
f 910//910 951//951 909//909
f 909//909 2536//2536 910//910
f 2536//2536 911//911 910//910
f 950//950 910//910 911//911
f 911//911 912//912 950//950
f 420//420 825//825 913//913
f 913//913 825//825 940//940
f 914//914 2205//2205 439//439
f 914//914 943//943 915//915
f 2196//2196 914//914 915//915
f 916//916 914//914 2196//2196
f 917//917 916//916 2196//2196
f 2196//2196 915//915 917//917
f 919//919 918//918 68//68
f 959//959 924//924 961//961
f 925//925 926//926 959//959
f 959//959 927//927 925//925
f 927//927 926//926 925//925
f 928//928 926//926 927//927
f 929//929 928//928 927//927
f 929//929 926//926 928//928
f 916//916 930//930 914//914
f 931//931 3104//3104 932//932
f 934//934 895//895 933//933
f 935//935 934//934 933//933
f 936//936 934//934 935//935
f 934//934 936//936 938//938
f 986//986 936//936 935//935
f 937//937 936//936 986//986
f 936//936 937//937 938//938
f 941//941 825//825 963//963
f 940//940 825//825 941//941
f 943//943 914//914 942//942
f 914//914 439//439 942//942
f 944//944 977//977 2033//2033
f 2033//2033 977//977 945//945
f 946//946 477//477 939//939
f 947//947 946//946 939//939
f 946//946 947//947 477//477
f 477//477 947//947 2609//2609
f 899//899 902//902 948//948
f 949//949 899//899 948//948
f 910//910 950//950 952//952
f 952//952 950//950 912//912
f 952//952 912//912 951//951
f 951//951 910//910 952//952
f 3219//3219 3218//3218 953//953
f 957//957 1233//1233 2123//2123
f 1171//1171 895//895 958//958
f 960//960 825//825 817//817
f 817//817 959//959 960//960
f 825//825 960//960 963//963
f 965//965 960//960 964//964
f 961//961 960//960 959//959
f 961//961 964//964 960//960
f 962//962 964//964 961//961
f 924//924 962//962 961//961
f 963//963 960//960 965//965
f 965//965 964//964 962//962
f 968//968 967//967 966//966
f 967//967 969//969 966//966
f 967//967 968//968 969//969
f 2572//2572 971//971 2571//2571
f 973//973 975//975 974//974
f 976//976 975//975 973//973
f 981//981 1003//1003 979//979
f 980//980 2239//2239 981//981
f 980//980 982//982 2239//2239
f 981//981 2239//2239 983//983
f 2239//2239 982//982 983//983
f 984//984 985//985 933//933
f 933//933 985//985 935//935
f 984//984 987//987 985//985
f 988//988 935//935 985//985
f 935//935 988//988 986//986
f 988//988 985//985 987//987
f 370//370 986//986 988//988
f 987//987 984//984 968//968
f 989//989 987//987 968//968
f 987//987 371//371 988//988
f 987//987 990//990 371//371
f 990//990 987//987 989//989
f 968//968 991//991 989//989
f 991//991 990//990 989//989
f 2121//2121 895//895 2153//2153
f 993//993 992//992 1185//1185
f 3219//3219 994//994 3218//3218
f 997//997 2529//2529 971//971
f 1000//1000 999//999 1002//1002
f 999//999 1000//1000 1001//1001
f 981//981 979//979 1003//1003
f 1004//1004 1006//1006 1906//1906
f 1004//1004 1906//1906 1005//1005
f 922//922 1006//1006 1004//1004
f 1009//1009 1010//1010 1883//1883
f 1011//1011 381//381 378//378
f 1074//1074 1015//1015 1016//1016
f 1015//1015 1074//1074 1017//1017
f 1016//1016 1015//1015 1017//1017
f 1018//1018 1074//1074 1019//1019
f 1019//1019 1074//1074 1016//1016
f 1020//1020 1023//1023 1019//1019
f 1019//1019 1023//1023 1018//1018
f 1020//1020 1019//1019 1021//1021
f 1021//1021 1019//1019 1016//1016
f 1021//1021 1022//1022 1020//1020
f 1023//1023 1020//1020 1048//1048
f 1075//1075 1029//1029 1026//1026
f 1020//1020 1024//1024 1048//1048
f 1024//1024 1020//1020 1022//1022
f 1027//1027 1026//1026 1029//1029
f 1027//1027 1029//1029 1025//1025
f 1028//1028 1026//1026 1027//1027
f 1028//1028 1030//1030 1026//1026
f 1030//1030 1028//1028 1027//1027
f 1033//1033 1031//1031 1032//1032
f 1031//1031 3150//3150 1032//1032
f 1032//1032 3150//3150 978//978
f 1037//1037 1034//1034 2105//2105
f 2124//2124 1039//1039 1038//1038
f 1199//1199 1071//1071 1200//1200
f 896//896 1042//1042 1041//1041
f 1042//1042 896//896 898//898
f 898//898 896//896 897//897
f 1068//1068 3362//3362 3344//3344
f 1047//1047 1018//1018 1023//1023
f 1018//1018 1047//1047 1075//1075
f 1047//1047 1023//1023 1048//1048
f 1075//1075 1025//1025 1029//1029
f 1046//1046 1047//1047 1048//1048
f 1075//1075 1047//1047 1046//1046
f 1050//1050 1025//1025 1075//1075
f 1075//1075 1046//1046 1053//1053
f 1049//1049 1050//1050 1075//1075
f 1075//1075 1053//1053 1049//1049
f 1053//1053 1046//1046 1051//1051
f 1053//1053 1050//1050 1049//1049
f 1048//1048 1052//1052 1046//1046
f 3192//3192 1050//1050 1053//1053
f 1048//1048 1055//1055 1052//1052
f 1052//1052 1051//1051 1046//1046
f 1055//1055 1048//1048 1024//1024
f 2280//2280 1054//1054 1051//1051
f 1022//1022 1055//1055 1024//1024
f 2280//2280 1051//1051 1052//1052
f 1056//1056 1055//1055 1022//1022
f 1057//1057 1052//1052 1055//1055
f 891//891 1060//1060 892//892
f 1060//1060 1058//1058 892//892
f 1058//1058 1060//1060 1059//1059
f 1061//1061 1060//1060 891//891
f 1061//1061 1059//1059 1060//1060
f 3188//3188 891//891 892//892
f 1062//1062 1064//1064 1063//1063
f 1065//1065 1064//1064 1062//1062
f 1063//1063 1065//1065 1062//1062
f 1064//1064 1065//1065 1067//1067
f 1065//1065 1063//1063 1066//1066
f 1066//1066 1067//1067 1065//1065
f 1068//1068 3344//3344 1069//1069
f 3362//3362 1068//1068 1069//1069
f 1069//1069 3344//3344 364//364
f 3344//3344 1070//1070 364//364
f 3362//3362 1069//1069 365//365
f 496//496 495//495 497//497
f 1043//1043 1072//1072 1084//1084
f 1075//1075 1026//1026 1074//1074
f 1018//1018 1075//1075 1074//1074
f 1076//1076 1077//1077 500//500
f 1076//1076 433//433 1077//1077
f 1078//1078 3211//3211 1037//1037
f 1034//1034 1037//1037 3211//3211
f 853//853 609//609 889//889
f 608//608 609//609 1079//1079
f 1079//1079 609//609 853//853
f 1079//1079 1082//1082 1080//1080
f 1080//1080 1081//1081 1079//1079
f 1082//1082 1081//1081 1080//1080
f 1085//1085 419//419 1087//1087
f 1087//1087 419//419 1088//1088
f 1085//1085 2106//2106 419//419
f 1089//1089 1087//1087 1088//1088
f 3186//3186 1085//1085 1087//1087
f 3186//3186 1086//1086 1085//1085
f 1087//1087 1089//1089 1098//1098
f 1098//1098 1094//1094 1087//1087
f 1094//1094 3186//3186 1087//1087
f 1088//1088 419//419 2106//2106
f 1088//1088 1090//1090 1089//1089
f 1099//1099 1094//1094 1098//1098
f 1097//1097 1096//1096 1089//1089
f 1091//1091 2106//2106 1092//1092
f 2106//2106 1091//1091 1093//1093
f 1098//1098 1089//1089 1096//1096
f 1093//1093 1091//1091 1092//1092
f 1096//1096 1095//1095 1098//1098
f 1097//1097 1089//1089 1090//1090
f 1095//1095 1096//1096 1102//1102
f 1102//1102 1096//1096 1097//1097
f 1100//1100 1098//1098 1095//1095
f 1100//1100 1099//1099 1098//1098
f 1097//1097 1090//1090 1102//1102
f 1105//1105 1106//1106 1103//1103
f 1104//1104 1105//1105 1103//1103
f 1108//1108 1105//1105 1104//1104
f 1108//1108 1109//1109 1105//1105
f 1107//1107 1105//1105 1109//1109
f 1104//1104 1109//1109 1108//1108
f 1113//1113 1111//1111 1110//1110
f 1014//1014 1113//1113 1110//1110
f 1110//1110 1111//1111 1014//1014
f 1112//1112 1113//1113 1014//1014
f 1112//1112 1014//1014 1114//1114
f 1113//1113 1112//1112 1115//1115
f 1115//1115 1112//1112 1114//1114
f 1115//1115 1114//1114 1014//1014
f 1116//1116 1117//1117 1014//1014
f 1117//1117 1121//1121 1014//1014
f 1122//1122 1118//1118 1119//1119
f 1120//1120 1122//1122 1119//1119
f 1118//1118 1120//1120 1119//1119
f 1117//1117 1116//1116 1121//1121
f 1124//1124 1126//1126 1123//1123
f 1124//1124 1123//1123 3138//3138
f 1126//1126 1124//1124 1125//1125
f 3138//3138 1123//1123 1128//1128
f 1126//1126 1129//1129 1123//1123
f 1127//1127 1123//1123 1058//1058
f 890//890 1126//1126 1125//1125
f 1123//1123 1129//1129 1058//1058
f 1130//1130 1126//1126 890//890
f 1128//1128 1123//1123 1127//1127
f 1138//1138 1058//1058 1129//1129
f 1126//1126 1130//1130 1129//1129
f 1130//1130 1138//1138 1129//1129
f 890//890 1131//1131 1130//1130
f 890//890 1133//1133 1131//1131
f 1132//1132 1131//1131 1133//1133
f 1138//1138 1130//1130 1131//1131
f 2095//2095 890//890 1125//1125
f 1133//1133 890//890 2095//2095
f 1131//1131 1132//1132 1136//1136
f 1131//1131 1136//1136 1138//1138
f 1135//1135 1133//1133 1134//1134
f 1134//1134 1133//1133 1025//1025
f 1135//1135 1134//1134 1025//1025
f 1132//1132 1137//1137 1136//1136
f 1136//1136 1137//1137 1139//1139
f 1136//1136 1139//1139 1138//1138
f 1137//1137 1132//1132 1139//1139
f 1140//1140 1141//1141 993//993
f 993//993 1141//1141 992//992
f 1035//1035 1141//1141 1140//1140
f 1034//1034 1141//1141 1035//1035
f 1141//1141 1034//1034 1143//1143
f 1142//1142 1141//1141 1144//1144
f 1144//1144 1141//1141 1143//1143
f 1034//1034 3211//3211 1143//1143
f 1043//1043 1142//1142 1144//1144
f 1145//1145 1143//1143 3211//3211
f 1144//1144 1143//1143 1145//1145
f 1145//1145 1073//1073 1144//1144
f 1073//1073 1145//1145 3210//3210
f 1148//1148 1147//1147 1040//1040
f 1150//1150 1151//1151 1152//1152
f 1156//1156 1151//1151 1150//1150
f 1152//1152 1151//1151 1154//1154
f 1152//1152 1155//1155 1153//1153
f 1156//1156 1154//1154 1151//1151
f 1153//1153 1159//1159 1152//1152
f 907//907 1159//1159 1153//1153
f 907//907 1153//1153 1157//1157
f 1157//1157 1153//1153 1155//1155
f 1160//1160 907//907 1157//1157
f 1159//1159 907//907 1160//1160
f 1157//1157 1158//1158 1160//1160
f 1157//1157 1155//1155 1158//1158
f 65//65 66//66 1161//1161
f 66//66 65//65 1161//1161
f 1161//1161 77//77 66//66
f 1163//1163 1164//1164 1162//1162
f 1161//1161 1162//1162 1165//1165
f 1163//1163 1167//1167 1164//1164
f 1165//1165 75//75 1161//1161
f 1167//1167 1163//1163 1162//1162
f 1162//1162 1166//1166 1165//1165
f 75//75 1165//1165 73//73
f 1165//1165 1166//1166 74//74
f 75//75 73//73 76//76
f 74//74 73//73 1165//1165
f 983//983 1168//1168 1170//1170
f 1169//1169 1168//1168 983//983
f 1168//1168 1169//1169 1170//1170
f 68//68 918//918 69//69
f 1172//1172 1173//1173 1171//1171
f 1172//1172 1171//1171 958//958
f 1172//1172 1174//1174 1173//1173
f 1175//1175 1177//1177 1176//1176
f 1175//1175 1178//1178 1177//1177
f 1176//1176 1178//1178 1175//1175
f 1180//1180 1179//1179 1178//1178
f 1181//1181 1178//1178 1179//1179
f 1181//1181 1179//1179 1180//1180
f 1180//1180 1183//1183 1181//1181
f 1182//1182 1181//1181 1183//1183
f 1183//1183 1180//1180 1182//1182
f 1142//1142 1185//1185 1141//1141
f 1185//1185 1142//1142 1189//1189
f 1142//1142 1187//1187 1189//1189
f 1189//1189 1190//1190 1185//1185
f 1043//1043 1186//1186 1142//1142
f 1142//1142 1186//1186 1187//1187
f 1187//1187 1188//1188 1189//1189
f 1187//1187 1186//1186 1188//1188
f 1188//1188 1190//1190 1189//1189
f 1269//1269 1192//1192 1193//1193
f 1195//1195 1269//1269 1193//1193
f 1193//1193 1192//1192 1194//1194
f 1194//1194 1195//1195 1193//1193
f 1195//1195 1194//1194 1196//1196
f 1197//1197 1195//1195 1196//1196
f 1198//1198 1195//1195 1197//1197
f 1197//1197 1196//1196 1198//1198
f 1173//1173 1199//1199 1171//1171
f 1200//1200 1171//1171 1199//1199
f 1171//1171 1200//1200 1201//1201
f 1200//1200 1202//1202 1201//1201
f 1071//1071 3229//3229 1200//1200
f 3229//3229 1202//1202 1200//1200
f 1149//1149 1201//1201 1202//1202
f 895//895 1171//1171 1201//1201
f 1071//1071 1199//1199 1146//1146
f 1203//1203 1149//1149 1202//1202
f 1205//1205 1149//1149 1203//1203
f 1201//1201 1149//1149 1204//1204
f 1201//1201 1204//1204 895//895
f 1204//1204 1149//1149 1205//1205
f 1204//1204 1205//1205 1203//1203
f 1207//1207 1146//1146 1199//1199
f 1199//1199 1206//1206 1207//1207
f 1208//1208 1146//1146 1207//1207
f 1208//1208 1207//1207 1206//1206
f 2354//2354 2359//2359 2362//2362
f 1209//1209 2989//2989 67//67
f 1211//1211 1221//1221 1220//1220
f 1213//1213 1215//1215 1214//1214
f 2433//2433 1214//1214 1215//1215
f 1216//1216 1452//1452 1219//1219
f 1219//1219 1452//1452 1217//1217
f 1218//1218 1217//1217 1452//1452
f 1218//1218 1219//1219 1217//1217
f 1223//1223 1221//1221 1222//1222
f 1211//1211 1222//1222 1221//1221
f 1223//1223 1222//1222 1224//1224
f 1224//1224 1222//1222 1225//1225
f 1225//1225 1222//1222 1211//1211
f 1211//1211 1224//1224 1225//1225
f 1226//1226 1227//1227 1228//1228
f 1231//1231 957//957 1229//1229
f 1229//1229 957//957 1230//1230
f 1229//1229 1230//1230 1184//1184
f 1233//1233 957//957 1231//1231
f 1184//1184 1232//1232 1229//1229
f 1232//1232 1231//1231 1229//1229
f 1231//1231 1236//1236 1234//1234
f 1233//1233 1231//1231 1235//1235
f 1231//1231 1232//1232 1236//1236
f 1235//1235 1231//1231 1234//1234
f 1184//1184 1237//1237 1232//1232
f 1232//1232 1237//1237 1236//1236
f 1184//1184 1230//1230 1237//1237
f 1235//1235 1239//1239 1238//1238
f 1234//1234 1239//1239 1235//1235
f 1244//1244 1238//1238 1239//1239
f 1244//1244 1239//1239 1240//1240
f 1245//1245 1239//1239 1242//1242
f 1245//1245 1240//1240 1239//1239
f 1249//1249 1240//1240 1247//1247
f 1245//1245 1242//1242 1241//1241
f 1242//1242 1239//1239 1234//1234
f 1240//1240 1243//1243 1247//1247
f 1244//1244 1240//1240 1249//1249
f 1240//1240 1245//1245 1243//1243
f 1241//1241 1246//1246 1245//1245
f 1249//1249 2114//2114 1244//1244
f 1245//1245 1247//1247 1243//1243
f 1246//1246 1247//1247 1245//1245
f 1249//1249 1247//1247 1248//1248
f 1246//1246 1248//1248 1247//1247
f 1253//1253 1252//1252 1251//1251
f 1253//1253 1254//1254 1252//1252
f 1253//1253 1251//1251 1255//1255
f 1255//1255 1254//1254 1253//1253
f 1261//1261 1280//1280 1260//1260
f 1279//1279 1280//1280 1261//1261
f 1260//1260 1279//1279 1261//1261
f 1258//1258 1257//1257 1360//1360
f 1262//1262 2897//2897 2896//2896
f 2911//2911 1264//1264 1263//1263
f 1264//1264 1256//1256 1263//1263
f 1266//1266 1265//1265 1292//1292
f 1290//1290 1292//1292 1265//1265
f 1304//1304 1302//1302 1268//1268
f 1269//1269 1195//1195 1198//1198
f 1273//1273 1275//1275 1274//1274
f 1220//1220 1221//1221 1223//1223
f 1276//1276 2411//2411 1277//1277
f 2776//2776 1284//1284 1216//1216
f 1286//1286 1285//1285 1287//1287
f 1288//1288 1285//1285 1286//1286
f 1288//1288 1286//1286 1287//1287
f 1291//1291 1290//1290 2925//2925
f 1293//1293 1290//1290 1291//1291
f 1292//1292 1290//1290 1293//1293
f 1294//1294 1292//1292 1293//1293
f 1294//1294 1293//1293 1291//1291
f 1295//1295 2909//2909 1270//1270
f 1297//1297 1300//1300 1298//1298
f 1300//1300 1297//1297 1301//1301
f 1301//1301 1297//1297 1299//1299
f 1298//1298 1299//1299 1297//1297
f 1304//1304 1268//1268 1301//1301
f 1268//1268 1300//1300 1301//1301
f 1301//1301 1761//1761 1304//1304
f 1302//1302 1304//1304 1761//1761
f 1303//1303 1301//1301 1299//1299
f 1305//1305 1873//1873 1307//1307
f 1311//1311 1312//1312 1310//1310
f 1311//1311 2453//2453 1312//1312
f 1311//1311 1451//1451 2453//2453
f 1311//1311 1313//1313 2508//2508
f 1310//1310 1313//1313 1311//1311
f 1310//1310 1314//1314 1313//1313
f 1314//1314 1315//1315 1313//1313
f 2508//2508 1313//1313 1315//1315
f 1315//1315 1316//1316 2508//2508
f 1314//1314 1316//1316 1315//1315
f 1317//1317 1316//1316 2405//2405
f 1594//1594 1588//1588 1589//1589
f 1319//1319 1320//1320 1318//1318
f 1321//1321 1318//1318 1320//1320
f 1321//1321 1320//1320 1319//1319
f 1323//1323 1324//1324 1322//1322
f 1324//1324 1323//1323 1327//1327
f 1328//1328 1326//1326 1325//1325
f 1326//1326 1327//1327 1325//1325
f 1328//1328 1325//1325 1327//1327
f 1259//1259 1329//1329 2838//2838
f 2838//2838 1329//1329 1331//1331
f 1329//1329 1330//1330 1331//1331
f 1329//1329 1259//1259 1330//1330
f 1388//1388 1333//1333 1334//1334
f 1334//1334 1333//1333 1337//1337
f 1336//1336 1335//1335 1337//1337
f 1337//1337 1338//1338 1336//1336
f 1338//1338 1337//1337 1333//1333
f 2902//2902 1862//1862 1340//1340
f 1341//1341 1340//1340 1862//1862
f 1343//1343 1342//1342 1872//1872
f 1342//1342 1344//1344 1872//1872
f 1344//1344 1342//1342 1872//1872
f 1345//1345 1872//1872 1342//1342
f 1342//1342 1346//1346 1345//1345
f 1350//1350 1347//1347 3195//3195
f 1350//1350 3195//3195 3208//3208
f 1347//1347 1350//1350 1349//1349
f 3195//3195 1347//1347 1348//1348
f 1350//1350 3208//3208 1349//1349
f 1352//1352 1353//1353 3044//3044
f 1356//1356 1357//1357 1359//1359
f 1357//1357 1356//1356 1358//1358
f 1357//1357 1358//1358 1359//1359
f 1258//1258 1360//1360 1493//1493
f 1384//1384 1364//1364 1361//1361
f 1364//1364 1384//1384 1363//1363
f 1387//1387 1363//1363 1384//1384
f 1362//1362 1361//1361 1363//1363
f 1363//1363 1361//1361 1364//1364
f 1389//1389 1365//1365 2882//2882
f 2237//2237 1367//1367 1366//1366
f 1342//1342 1343//1343 1368//1368
f 1346//1346 1342//1342 1369//1369
f 2244//2244 1346//1346 1369//1369
f 1726//1726 1370//1370 1667//1667
f 1372//1372 1415//1415 1414//1414
f 1398//1398 2909//2909 1390//1390
f 1390//1390 1374//1374 1398//1398
f 2909//2909 1296//1296 1390//1390
f 1376//1376 1377//1377 1378//1378
f 1377//1377 2495//2495 1378//1378
f 1376//1376 1378//1378 2495//2495
f 1380//1380 1381//1381 1379//1379
f 1380//1380 1379//1379 1382//1382
f 1385//1385 1381//1381 1380//1380
f 1379//1379 1415//1415 1382//1382
f 1382//1382 1383//1383 1380//1380
f 1415//1415 1372//1372 1382//1382
f 1361//1361 1383//1383 1382//1382
f 1385//1385 1380//1380 1383//1383
f 1386//1386 1361//1361 1382//1382
f 1386//1386 1384//1384 1361//1361
f 1382//1382 1372//1372 1386//1386
f 1362//1362 1385//1385 1383//1383
f 1362//1362 1383//1383 1361//1361
f 1387//1387 1384//1384 1386//1386
f 1386//1386 1372//1372 1387//1387
f 1388//1388 1334//1334 1337//1337
f 1337//1337 1335//1335 1388//1388
f 1295//1295 1390//1390 1296//1296
f 1390//1390 1295//1295 1394//1394
f 1392//1392 1394//1394 1295//1295
f 1394//1394 1392//1392 1391//1391
f 1391//1391 1392//1392 1393//1393
f 1392//1392 1295//1295 1270//1270
f 1394//1394 1391//1391 1393//1393
f 1279//1279 1260//1260 1278//1278
f 1397//1397 1398//1398 1374//1374
f 2361//2361 1399//1399 1558//1558
f 1482//1482 1552//1552 1481//1481
f 1400//1400 1481//1481 1552//1552
f 1551//1551 1552//1552 1482//1482
f 1508//1508 1401//1401 1402//1402
f 1405//1405 1401//1401 1403//1403
f 1410//1410 1404//1404 1401//1401
f 1404//1404 1403//1403 1401//1401
f 1405//1405 1403//1403 1406//1406
f 1512//1512 1408//1408 1409//1409
f 1406//1406 1407//1407 1405//1405
f 1408//1408 1405//1405 1407//1407
f 1408//1408 1407//1407 1409//1409
f 1411//1411 1597//1597 1410//1410
f 1444//1444 1597//1597 1411//1411
f 1412//1412 1371//1371 2054//2054
f 1413//1413 2780//2780 2779//2779
f 2778//2778 2779//2779 2780//2780
f 1379//1379 1414//1414 1415//1415
f 2836//2836 2803//2803 2802//2802
f 2837//2837 2803//2803 2836//2836
f 1423//1423 1416//1416 1418//1418
f 1416//1416 3377//3377 1417//1417
f 1418//1418 1416//1416 1840//1840
f 1416//1416 1839//1839 1840//1840
f 1420//1420 1419//1419 1417//1417
f 1418//1418 1421//1421 1423//1423
f 1421//1421 1418//1418 1840//1840
f 1417//1417 3377//3377 1420//1420
f 1423//1423 1421//1421 1422//1422
f 1422//1422 1424//1424 1423//1423
f 1422//1422 1425//1425 1424//1424
f 1424//1424 1426//1426 1423//1423
f 1426//1426 1424//1424 1425//1425
f 1256//1256 1264//1264 1749//1749
f 1427//1427 1256//1256 1749//1749
f 1430//1430 1431//1431 2466//2466
f 1432//1432 1430//1430 2466//2466
f 1431//1431 1430//1430 1432//1432
f 1437//1437 1434//1434 1435//1435
f 1437//1437 1435//1435 1436//1436
f 1436//1436 1435//1435 1438//1438
f 1437//1437 1436//1436 1438//1438
f 1434//1434 1442//1442 1443//1443
f 1434//1434 1433//1433 1442//1442
f 1442//1442 1433//1433 1443//1443
f 2780//2780 1413//1413 1445//1445
f 1521//1521 1522//1522 1446//1446
f 1446//1446 1474//1474 1521//1521
f 1475//1475 2792//2792 2279//2279
f 1447//1447 1791//1791 1448//1448
f 2061//2061 1449//1449 1450//1450
f 1332//1332 2061//2061 1450//1450
f 1416//1416 1417//1417 1419//1419
f 1419//1419 1839//1839 1416//1416
f 2508//2508 1451//1451 1311//1311
f 1452//1452 1216//1216 1284//1284
f 1219//1219 1453//1453 1216//1216
f 1454//1454 2836//2836 2802//2802
f 1455//1455 1456//1456 1457//1457
f 1455//1455 1459//1459 1456//1456
f 1459//1459 1457//1457 1456//1456
f 1461//1461 1455//1455 1458//1458
f 1455//1455 1460//1460 1458//1458
f 1458//1458 1460//1460 1461//1461
f 1461//1461 1460//1460 1462//1462
f 1460//1460 1463//1463 1462//1462
f 1461//1461 1462//1462 1464//1464
f 1463//1463 1464//1464 1462//1462
f 1468//1468 1484//1484 1469//1469
f 1491//1491 1496//1496 1395//1395
f 1470//1470 1471//1471 1472//1472
f 1472//1472 1471//1471 1473//1473
f 1470//1470 1473//1473 1471//1471
f 2279//2279 1521//1521 1474//1474
f 1474//1474 1475//1475 2279//2279
f 1446//1446 1475//1475 1474//1474
f 1476//1476 1496//1496 1491//1491
f 1477//1477 2046//2046 2045//2045
f 2466//2466 1213//1213 1214//1214
f 1214//1214 2433//2433 2466//2466
f 1479//1479 1478//1478 1529//1529
f 1282//1282 1281//1281 2495//2495
f 1400//1400 1480//1480 1481//1481
f 1400//1400 1546//1546 1480//1480
f 1483//1483 1486//1486 1485//1485
f 1486//1486 1483//1483 1484//1484
f 1485//1485 1486//1486 1257//1257
f 1486//1486 1484//1484 1487//1487
f 1488//1488 1486//1486 1487//1487
f 1487//1487 1484//1484 1488//1488
f 1488//1488 1360//1360 1486//1486
f 1257//1257 1486//1486 1360//1360
f 1488//1488 1489//1489 1360//1360
f 1360//1360 1489//1489 1395//1395
f 1484//1484 1468//1468 1488//1488
f 1490//1490 1488//1488 1468//1468
f 1360//1360 1395//1395 1493//1493
f 1488//1488 1490//1490 1476//1476
f 1489//1489 1491//1491 1395//1395
f 1476//1476 1490//1490 1468//1468
f 1488//1488 1476//1476 1489//1489
f 1395//1395 1492//1492 1493//1493
f 1468//1468 1469//1469 1476//1476
f 1492//1492 1500//1500 1493//1493
f 1492//1492 1498//1498 1500//1500
f 1476//1476 1494//1494 1495//1495
f 1496//1496 1476//1476 1495//1495
f 1492//1492 1395//1395 1495//1495
f 1492//1492 1495//1495 1498//1498
f 1494//1494 1476//1476 1469//1469
f 1498//1498 1495//1495 1497//1497
f 1496//1496 1495//1495 1395//1395
f 1494//1494 1497//1497 1495//1495
f 1499//1499 1498//1498 1497//1497
f 1501//1501 1498//1498 1499//1499
f 1502//1502 1498//1498 1501//1501
f 1500//1500 1498//1498 1502//1502
f 1499//1499 1503//1503 1501//1501
f 1501//1501 1503//1503 1502//1502
f 1502//1502 1503//1503 1504//1504
f 1503//1503 1499//1499 1504//1504
f 1506//1506 1505//1505 1444//1444
f 1410//1410 1506//1506 1444//1444
f 1411//1411 1410//1410 1444//1444
f 1507//1507 1505//1505 1506//1506
f 1410//1410 1401//1401 1506//1506
f 1401//1401 1507//1507 1506//1506
f 1508//1508 1507//1507 1401//1401
f 2270//2270 1507//1507 1508//1508
f 1508//1508 1509//1509 2270//2270
f 1508//1508 1408//1408 1510//1510
f 1402//1402 1408//1408 1508//1508
f 1508//1508 1510//1510 1509//1509
f 1513//1513 1509//1509 1510//1510
f 1511//1511 1513//1513 1510//1510
f 1512//1512 1510//1510 1408//1408
f 1513//1513 1510//1510 1512//1512
f 1513//1513 1511//1511 1510//1510
f 1514//1514 1513//1513 1512//1512
f 1512//1512 1409//1409 1514//1514
f 1516//1516 1517//1517 1515//1515
f 1519//1519 1520//1520 1518//1518
f 1519//1519 1518//1518 1521//1521
f 1519//1519 1521//1521 2279//2279
f 2792//2792 1520//1520 1519//1519
f 2279//2279 2792//2792 1519//1519
f 1521//1521 1518//1518 1522//1522
f 1525//1525 1527//1527 1526//1526
f 2048//2048 2047//2047 1528//1528
f 2044//2044 2048//2048 1528//1528
f 1664//1664 1697//1697 1529//1529
f 1537//1537 1530//1530 2348//2348
f 2348//2348 1530//1530 1532//1532
f 1537//1537 2348//2348 2347//2347
f 1531//1531 1530//1530 1537//1537
f 1532//1532 1530//1530 1534//1534
f 2019//2019 1530//1530 1531//1531
f 1537//1537 1535//1535 1531//1531
f 1530//1530 2356//2356 1533//1533
f 1530//1530 1539//1539 1534//1534
f 1539//1539 1530//1530 1533//1533
f 2019//2019 2356//2356 1530//1530
f 1533//1533 2356//2356 2017//2017
f 2020//2020 1531//1531 1535//1535
f 1544//1544 2020//2020 1535//1535
f 1544//1544 1536//1536 2020//2020
f 1533//1533 2017//2017 1539//1539
f 1534//1534 1539//1539 1541//1541
f 1538//1538 1537//1537 2347//2347
f 1542//1542 1544//1544 1535//1535
f 1539//1539 2017//2017 1540//1540
f 1543//1543 1535//1535 1537//1537
f 1541//1541 1539//1539 1540//1540
f 1542//1542 1535//1535 1543//1543
f 1538//1538 1543//1543 1537//1537
f 1546//1546 1542//1542 1543//1543
f 1544//1544 1542//1542 1400//1400
f 1400//1400 1542//1542 1546//1546
f 1546//1546 1543//1543 1545//1545
f 1545//1545 1543//1543 1538//1538
f 1480//1480 1546//1546 1545//1545
f 1545//1545 1538//1538 1547//1547
f 1547//1547 2672//2672 1545//1545
f 1481//1481 2672//2672 1550//1550
f 1550//1550 1482//1482 1481//1481
f 3364//3364 2672//2672 1548//1548
f 1550//1550 2672//2672 3364//3364
f 1549//1549 1551//1551 1482//1482
f 1550//1550 1549//1549 1482//1482
f 1549//1549 1550//1550 3364//3364
f 1552//1552 1551//1551 1549//1549
f 1549//1549 2273//2273 1552//1552
f 1604//1604 1549//1549 3364//3364
f 2273//2273 1549//1549 1604//1604
f 3364//3364 1548//1548 1553//1553
f 1602//1602 2273//2273 1604//1604
f 1604//1604 3364//3364 1553//1553
f 1557//1557 1556//1556 1555//1555
f 1558//1558 1399//1399 1559//1559
f 2356//2356 1558//1558 1559//1559
f 1467//1467 2752//2752 1560//1560
f 1561//1561 1562//1562 1404//1404
f 1563//1563 1564//1564 1637//1637
f 1563//1563 1637//1637 1565//1565
f 1567//1567 1637//1637 1564//1564
f 1566//1566 1567//1567 1564//1564
f 1568//1568 1571//1571 1569//1569
f 1573//1573 1571//1571 1568//1568
f 1570//1570 1571//1571 1573//1573
f 1573//1573 1572//1572 1570//1570
f 1568//1568 1569//1569 1573//1573
f 1572//1572 1571//1571 1570//1570
f 1576//1576 1577//1577 1580//1580
f 1575//1575 1576//1576 1580//1580
f 1578//1578 1576//1576 1575//1575
f 1580//1580 1577//1577 1583//1583
f 1577//1577 1576//1576 1578//1578
f 1581//1581 1577//1577 1578//1578
f 1579//1579 1577//1577 1581//1581
f 1580//1580 1583//1583 1582//1582
f 1578//1578 1575//1575 1581//1581
f 1583//1583 1577//1577 1579//1579
f 1582//1582 1583//1583 1579//1579
f 1593//1593 1584//1584 1588//1588
f 1584//1584 1593//1593 1586//1586
f 1585//1585 1584//1584 1586//1586
f 1584//1584 1585//1585 1588//1588
f 1587//1587 1588//1588 1585//1585
f 1588//1588 1587//1587 1591//1591
f 1589//1589 1588//1588 1596//1596
f 1588//1588 1591//1591 1596//1596
f 1588//1588 1594//1594 1593//1593
f 1590//1590 1587//1587 1585//1585
f 1590//1590 1595//1595 1587//1587
f 1591//1591 1587//1587 1595//1595
f 1591//1591 1595//1595 1596//1596
f 1596//1596 1595//1595 1590//1590
f 2672//2672 1481//1481 1480//1480
f 1480//1480 1545//1545 2672//2672
f 1505//1505 1597//1597 1444//1444
f 1600//1600 1599//1599 1598//1598
f 1598//1598 1599//1599 1600//1600
f 1599//1599 1601//1601 1600//1600
f 1445//1445 1603//1603 1602//1602
f 1602//1602 1604//1604 1445//1445
f 2777//2777 1604//1604 1553//1553
f 1606//1606 1608//1608 1607//1607
f 2749//2749 1610//1610 1609//1609
f 1611//1611 1612//1612 1617//1617
f 1614//1614 1611//1611 1617//1617
f 1611//1611 1614//1614 1613//1613
f 1617//1617 1612//1612 1627//1627
f 1613//1613 1614//1614 1615//1615
f 1620//1620 1614//1614 1617//1617
f 1620//1620 1617//1617 1618//1618
f 1627//1627 1616//1616 1617//1617
f 1620//1620 1615//1615 1614//1614
f 1617//1617 1616//1616 1618//1618
f 1622//1622 1618//1618 1616//1616
f 1622//1622 1620//1620 1618//1618
f 1619//1619 1622//1622 1616//1616
f 1623//1623 1620//1620 1622//1622
f 1619//1619 1621//1621 1622//1622
f 1621//1621 1623//1623 1622//1622
f 1625//1625 2392//2392 1624//1624
f 1645//1645 1625//1625 1624//1624
f 1626//1626 1645//1645 1624//1624
f 1646//1646 1625//1625 1645//1645
f 1624//1624 2392//2392 1626//1626
f 1627//1627 1612//1612 1628//1628
f 1611//1611 1628//1628 1612//1612
f 1629//1629 2386//2386 1611//1611
f 2386//2386 1628//1628 1611//1611
f 1613//1613 1629//1629 1611//1611
f 1630//1630 1629//1629 1613//1613
f 1630//1630 1613//1613 2383//2383
f 1641//1641 2485//2485 1631//1631
f 2488//2488 1641//1641 1631//1631
f 1635//1635 1632//1632 1634//1634
f 1632//1632 1633//1633 1634//1634
f 1633//1633 1635//1635 1634//1634
f 1650//1650 2467//2467 1636//1636
f 1567//1567 1566//1566 1637//1637
f 1593//1593 1594//1594 1592//1592
f 2018//2018 1639//1639 1638//1638
f 1638//1638 1639//1639 1640//1640
f 1643//1643 1642//1642 1641//1641
f 1643//1643 1641//1641 2488//2488
f 1643//1643 2488//2488 2351//2351
f 2352//2352 1642//1642 1643//1643
f 2352//2352 1643//1643 2351//2351
f 2487//2487 2351//2351 2488//2488
f 2351//2351 2487//2487 1644//1644
f 1645//1645 1626//1626 1646//1646
f 2393//2393 1626//1626 2392//2392
f 1647//1647 1283//1283 1281//1281
f 1282//1282 1647//1647 1281//1281
f 1606//1606 1649//1649 1608//1608
f 1607//1607 1649//1649 1606//1606
f 1649//1649 1648//1648 1650//1650
f 1636//1636 1649//1649 1650//1650
f 1652//1652 1656//1656 1651//1651
f 1652//1652 1651//1651 1653//1653
f 1654//1654 1656//1656 1652//1652
f 1652//1652 1653//1653 1654//1654
f 1654//1654 1653//1653 1655//1655
f 1656//1656 1654//1654 1655//1655
f 1657//1657 1656//1656 1655//1655
f 1658//1658 1656//1656 1657//1657
f 1657//1657 1655//1655 1658//1658
f 1686//1686 1697//1697 1664//1664
f 1662//1662 1663//1663 1661//1661
f 1670//1670 1671//1671 1675//1675
f 1675//1675 1671//1671 1669//1669
f 1669//1669 1671//1671 1673//1673
f 1674//1674 1669//1669 1673//1673
f 1671//1671 1670//1670 1672//1672
f 1671//1671 1672//1672 1673//1673
f 1673//1673 1676//1676 1674//1674
f 1669//1669 1674//1674 1676//1676
f 1675//1675 1669//1669 1676//1676
f 1678//1678 1675//1675 1676//1676
f 1673//1673 1678//1678 1676//1676
f 1673//1673 1672//1672 1677//1677
f 1678//1678 1673//1673 1659//1659
f 1659//1659 1673//1673 1677//1677
f 1659//1659 1677//1677 1682//1682
f 1678//1678 1659//1659 1525//1525
f 1679//1679 1677//1677 1672//1672
f 1682//1682 1677//1677 1660//1660
f 1677//1677 1679//1679 1681//1681
f 1682//1682 1525//1525 1659//1659
f 1660//1660 1677//1677 1681//1681
f 1672//1672 1680//1680 1679//1679
f 1680//1680 1681//1681 1679//1679
f 1684//1684 1660//1660 1681//1681
f 1684//1684 1682//1682 1660//1660
f 1683//1683 1682//1682 1684//1684
f 1685//1685 1683//1683 1684//1684
f 1682//1682 1683//1683 1685//1685
f 1478//1478 2694//2694 1664//1664
f 1686//1686 1664//1664 2694//2694
f 1687//1687 2694//2694 1711//1711
f 1666//1666 1688//1688 1689//1689
f 1692//1692 1689//1689 1688//1688
f 1692//1692 1688//1688 2762//2762
f 1665//1665 2762//2762 1688//1688
f 1692//1692 2762//2762 1690//1690
f 2764//2764 1690//1690 2762//2762
f 1688//1688 1666//1666 1665//1665
f 2349//2349 1689//1689 1692//1692
f 1689//1689 1693//1693 1666//1666
f 1693//1693 1691//1691 1666//1666
f 1695//1695 1692//1692 1690//1690
f 1694//1694 1690//1690 2764//2764
f 1666//1666 1691//1691 1665//1665
f 1695//1695 1690//1690 1694//1694
f 1696//1696 1686//1686 1687//1687
f 1697//1697 1686//1686 1701//1701
f 1686//1686 1696//1696 1701//1701
f 1701//1701 1782//1782 1697//1697
f 1699//1699 1697//1697 1782//1782
f 1698//1698 1701//1701 1696//1696
f 1698//1698 1696//1696 1687//1687
f 1699//1699 1782//1782 2693//2693
f 1700//1700 1701//1701 1698//1698
f 1701//1701 1700//1700 1782//1782
f 1703//1703 1412//1412 2054//2054
f 2054//2054 1702//1702 1703//1703
f 1702//1702 1704//1704 1703//1703
f 1706//1706 1705//1705 2056//2056
f 1708//1708 2821//2821 1707//1707
f 1709//1709 1710//1710 9//9
f 15//15 1710//1710 1774//1774
f 1709//1709 1774//1774 1710//1710
f 1711//1711 2694//2694 1479//1479
f 1714//1714 1713//1713 1712//1712
f 1713//1713 1714//1714 1716//1716
f 1715//1715 1716//1716 1714//1714
f 1715//1715 1714//1714 1720//1720
f 1720//1720 1714//1714 1712//1712
f 1716//1716 1715//1715 1717//1717
f 1720//1720 1730//1730 1715//1715
f 1728//1728 1717//1717 1715//1715
f 1723//1723 1726//1726 1716//1716
f 1723//1723 1716//1716 1724//1724
f 1717//1717 1724//1724 1716//1716
f 1722//1722 1718//1718 1720//1720
f 1720//1720 1719//1719 1729//1729
f 1720//1720 1718//1718 1721//1721
f 1721//1721 1719//1719 1720//1720
f 1720//1720 1729//1729 1730//1730
f 1722//1722 1720//1720 1712//1712
f 1724//1724 1727//1727 1723//1723
f 1725//1725 1732//1732 1733//1733
f 1723//1723 1727//1727 1726//1726
f 1727//1727 1724//1724 1740//1740
f 1739//1739 1728//1728 1738//1738
f 1728//1728 1715//1715 1731//1731
f 1733//1733 1732//1732 1734//1734
f 1736//1736 1724//1724 1717//1717
f 1739//1739 1725//1725 1728//1728
f 1733//1733 1717//1717 1725//1725
f 1736//1736 1740//1740 1724//1724
f 1735//1735 1733//1733 1734//1734
f 1737//1737 1733//1733 1735//1735
f 1732//1732 1725//1725 1739//1739
f 1739//1739 1734//1734 1732//1732
f 1736//1736 1717//1717 1733//1733
f 1728//1728 1289//1289 1738//1738
f 1742//1742 1734//1734 1739//1739
f 1731//1731 1289//1289 1728//1728
f 1736//1736 1733//1733 1737//1737
f 1735//1735 1743//1743 1737//1737
f 1736//1736 1737//1737 1740//1740
f 1289//1289 1731//1731 1379//1379
f 1289//1289 1741//1741 1738//1738
f 1738//1738 1741//1741 1739//1739
f 1742//1742 1739//1739 1741//1741
f 1743//1743 1735//1735 63//63
f 1742//1742 1289//1289 1379//1379
f 1741//1741 1289//1289 1742//1742
f 63//63 1812//1812 1743//1743
f 1744//1744 1662//1662 1661//1661
f 1744//1744 1661//1661 1663//1663
f 1526//1526 1527//1527 1682//1682
f 1448//1448 1745//1745 1746//1746
f 1447//1447 1746//1746 1791//1791
f 1447//1447 1448//1448 1746//1746
f 3032//3032 1367//1367 1747//1747
f 1366//1366 1367//1367 3032//3032
f 1264//1264 1748//1748 1749//1749
f 1427//1427 1749//1749 1748//1748
f 1750//1750 1757//1757 1753//1753
f 1751//1751 1757//1757 1750//1750
f 1753//1753 1757//1757 1752//1752
f 1754//1754 1751//1751 1750//1750
f 1757//1757 1751//1751 1754//1754
f 1753//1753 1752//1752 1750//1750
f 1754//1754 1755//1755 1757//1757
f 1755//1755 1754//1754 1756//1756
f 1755//1755 1756//1756 1757//1757
f 2278//2278 1759//1759 299//299
f 2278//2278 1758//1758 1759//1759
f 1759//1759 1758//1758 1760//1760
f 2278//2278 1760//1760 1758//1758
f 58//58 1761//1761 1303//1303
f 1762//1762 1761//1761 58//58
f 1764//1764 1763//1763 2700//2700
f 1763//1763 1767//1767 1765//1765
f 1766//1766 1763//1763 1765//1765
f 1766//1766 1768//1768 1763//1763
f 1763//1763 1764//1764 1767//1767
f 1765//1765 1767//1767 1766//1766
f 1770//1770 1772//1772 1769//1769
f 1771//1771 1770//1770 1769//1769
f 1771//1771 1772//1772 1770//1770
f 1773//1773 2056//2056 1705//1705
f 1773//1773 1705//1705 1396//1396
f 1709//1709 1775//1775 1774//1774
f 93//93 1774//1774 1775//1775
f 1775//1775 1776//1776 93//93
f 1778//1778 1777//1777 1780//1780
f 1780//1780 1777//1777 1779//1779
f 1779//1779 1777//1777 1778//1778
f 1781//1781 1782//1782 1700//1700
f 1784//1784 1783//1783 1785//1785
f 1783//1783 1784//1784 1769//1769
f 1783//1783 1786//1786 1785//1785
f 1784//1784 1785//1785 1786//1786
f 1787//1787 1784//1784 1786//1786
f 1784//1784 1787//1787 1769//1769
f 1746//1746 1745//1745 1790//1790
f 1790//1790 1745//1745 1788//1788
f 1789//1789 1746//1746 1790//1790
f 1789//1789 1790//1790 1791//1791
f 1791//1791 1790//1790 1788//1788
f 1746//1746 1789//1789 1791//1791
f 2832//2832 1793//1793 1794//1794
f 1794//1794 1793//1793 1795//1795
f 2832//2832 1794//1794 1795//1795
f 1821//1821 1816//1816 1796//1796
f 1819//1819 1821//1821 1796//1796
f 1798//1798 1797//1797 92//92
f 1800//1800 1799//1799 1801//1801
f 1800//1800 1801//1801 1802//1802
f 1802//1802 1801//1801 1799//1799
f 1804//1804 1799//1799 1803//1803
f 1803//1803 1799//1799 1805//1805
f 1805//1805 1804//1804 1803//1803
f 3271//3271 3274//3274 3272//3272
f 3274//3274 1809//1809 3272//3272
f 3260//3260 3272//3272 1809//1809
f 1811//1811 3260//3260 1809//1809
f 2835//2835 2833//2833 2841//2841
f 1812//1812 63//63 1734//1734
f 549//549 1813//1813 1814//1814
f 549//549 548//548 1813//1813
f 1813//1813 547//547 1814//1814
f 548//548 547//547 1813//1813
f 1796//1796 1816//1816 1817//1817
f 1817//1817 1818//1818 1796//1796
f 1819//1819 1796//1796 1818//1818
f 1818//1818 1820//1820 1819//1819
f 1822//1822 1819//1819 1820//1820
f 1821//1821 1819//1819 1822//1822
f 1827//1827 1820//1820 1823//1823
f 1823//1823 1820//1820 1818//1818
f 1825//1825 1822//1822 2074//2074
f 1827//1827 1822//1822 1820//1820
f 2074//2074 1822//1822 1827//1827
f 1825//1825 1824//1824 1822//1822
f 1826//1826 1824//1824 1825//1825
f 1826//1826 1825//1825 2074//2074
f 1831//1831 1823//1823 1818//1818
f 1829//1829 1827//1827 1823//1823
f 1828//1828 1827//1827 1829//1829
f 1828//1828 1829//1829 1832//1832
f 1818//1818 1830//1830 1831//1831
f 1831//1831 1832//1832 1829//1829
f 1831//1831 1833//1833 1832//1832
f 1830//1830 1833//1833 1831//1831
f 1834//1834 1835//1835 1837//1837
f 1834//1834 1836//1836 1835//1835
f 1835//1835 1836//1836 1837//1837
f 1838//1838 1839//1839 1419//1419
f 1840//1840 1839//1839 1842//1842
f 1841//1841 1839//1839 1838//1838
f 1839//1839 1841//1841 1842//1842
f 1842//1842 1841//1841 1843//1843
f 1842//1842 1843//1843 1844//1844
f 1844//1844 1843//1843 1841//1841
f 43//43 1845//1845 3378//3378
f 3379//3379 1845//1845 43//43
f 1847//1847 3379//3379 43//43
f 1847//1847 43//43 36//36
f 1850//1850 1849//1849 1848//1848
f 1895//1895 1850//1850 1848//1848
f 1853//1853 1859//1859 1852//1852
f 1855//1855 1859//1859 1853//1853
f 1853//1853 1969//1969 1854//1854
f 1894//1894 1853//1853 1854//1854
f 1855//1855 1856//1856 1857//1857
f 1857//1857 1858//1858 1855//1855
f 1892//1892 1857//1857 1856//1856
f 1858//1858 1859//1859 1855//1855
f 1857//1857 1859//1859 1858//1858
f 3284//3284 2167//2167 91//91
f 3284//3284 3285//3285 2167//2167
f 1009//1009 131//131 1010//1010
f 2899//2899 1862//1862 2900//2900
f 1341//1341 1862//1862 2899//2899
f 2904//2904 1272//1272 1271//1271
f 1863//1863 1867//1867 1864//1864
f 1864//1864 1866//1866 1863//1863
f 1863//1863 1865//1865 1867//1867
f 1865//1865 1863//1863 1866//1866
f 1865//1865 1868//1868 1867//1867
f 1868//1868 1865//1865 1866//1866
f 1867//1867 1868//1868 1870//1870
f 1868//1868 1866//1866 1869//1869
f 1868//1868 1869//1869 1870//1870
f 1872//1872 1345//1345 1871//1871
f 1871//1871 1345//1345 2244//2244
f 1346//1346 2244//2244 1345//1345
f 1307//1307 1873//1873 1877//1877
f 1873//1873 1874//1874 1876//1876
f 1876//1876 1877//1877 1873//1873
f 1873//1873 1875//1875 1874//1874
f 1875//1875 1873//1873 1305//1305
f 1307//1307 1877//1877 96//96
f 1876//1876 1874//1874 1878//1878
f 1876//1876 96//96 1877//1877
f 1874//1874 129//129 1878//1878
f 2247//2247 1878//1878 1879//1879
f 1878//1878 129//129 1879//1879
f 129//129 2248//2248 1880//1880
f 1880//1880 1879//1879 129//129
f 1881//1881 1879//1879 1880//1880
f 1882//1882 1881//1881 1880//1880
f 1879//1879 1881//1881 1882//1882
f 2248//2248 129//129 2249//2249
f 1883//1883 2248//2248 2249//2249
f 1009//1009 1883//1883 2249//2249
f 1884//1884 1885//1885 1886//1886
f 1885//1885 1884//1884 1887//1887
f 1886//1886 1885//1885 1887//1887
f 1905//1905 1886//1886 2343//2343
f 1761//1761 1888//1888 1302//1302
f 1761//1761 1301//1301 1303//1303
f 1888//1888 1761//1761 1762//1762
f 1888//1888 1762//1762 58//58
f 1889//1889 173//173 1890//1890
f 1890//1890 173//173 171//171
f 1891//1891 1893//1893 1854//1854
f 1894//1894 1893//1893 1892//1892
f 1894//1894 1854//1854 1893//1893
f 1893//1893 1891//1891 1892//1892
f 1894//1894 1892//1892 1856//1856
f 1855//1855 1853//1853 1894//1894
f 1856//1856 1855//1855 1894//1894
f 1849//1849 1895//1895 1848//1848
f 1907//1907 1917//1917 1896//1896
f 1039//1039 1861//1861 1897//1897
f 1898//1898 1999//1999 1899//1899
f 299//299 1759//1759 1901//1901
f 3375//3375 1902//1902 3374//3374
f 1905//1905 1904//1904 2345//2345
f 1907//1907 1896//1896 1910//1910
f 1910//1910 1896//1896 1908//1908
f 1907//1907 1910//1910 1911//1911
f 1912//1912 1910//1910 1909//1909
f 1911//1911 1910//1910 1915//1915
f 1912//1912 1915//1915 1910//1910
f 1917//1917 1907//1907 1911//1911
f 1909//1909 1914//1914 1912//1912
f 1909//1909 1910//1910 1908//1908
f 1912//1912 1911//1911 1915//1915
f 1914//1914 1909//1909 1908//1908
f 1912//1912 1914//1914 1916//1916
f 1916//1916 1913//1913 1911//1911
f 1911//1911 1912//1912 1916//1916
f 1917//1917 1911//1911 1913//1913
f 1917//1917 1913//1913 1918//1918
f 1919//1919 1918//1918 1913//1913
f 1916//1916 1919//1919 1913//1913
f 1932//1932 1917//1917 1918//1918
f 1916//1916 1808//1808 1919//1919
f 1808//1808 1806//1806 1919//1919
f 1918//1918 1919//1919 1806//1806
f 1918//1918 1807//1807 1932//1932
f 1806//1806 1807//1807 1918//1918
f 1808//1808 1916//1916 1921//1921
f 1808//1808 1921//1921 1923//1923
f 1932//1932 1807//1807 1806//1806
f 1916//1916 1920//1920 1921//1921
f 1923//1923 1921//1921 136//136
f 1922//1922 1921//1921 1920//1920
f 136//136 1925//1925 1923//1923
f 1924//1924 1925//1925 136//136
f 3286//3286 1925//1925 1924//1924
f 3286//3286 1924//1924 1903//1903
f 1860//1860 1903//1903 1924//1924
f 1928//1928 1926//1926 1929//1929
f 1933//1933 1926//1926 1931//1931
f 1929//1929 1926//1926 1927//1927
f 1928//1928 1931//1931 1926//1926
f 1930//1930 1929//1929 1927//1927
f 1931//1931 1928//1928 251//251
f 1927//1927 1926//1926 1933//1933
f 1929//1929 1930//1930 1928//1928
f 1806//1806 1933//1933 1931//1931
f 1806//1806 1931//1931 1932//1932
f 1932//1932 1931//1931 251//251
f 1934//1934 1933//1933 1923//1923
f 240//240 1936//1936 237//237
f 78//78 82//82 79//79
f 1988//1988 1940//1940 2251//2251
f 1941//1941 1940//1940 1988//1988
f 1940//1940 1941//1941 1942//1942
f 1943//1943 1940//1940 1942//1942
f 2251//2251 1940//1940 1943//1943
f 1944//1944 1946//1946 1945//1945
f 1947//1947 1945//1945 1946//1946
f 1945//1945 1935//1935 1944//1944
f 1951//1951 1944//1944 1935//1935
f 1951//1951 1949//1949 1944//1944
f 1950//1950 1946//1946 1944//1944
f 1949//1949 1950//1950 1944//1944
f 1948//1948 1949//1949 1951//1951
f 1946//1946 1950//1950 1947//1947
f 1954//1954 1951//1951 1935//1935
f 3255//3255 1950//1950 1949//1949
f 1945//1945 1954//1954 1935//1935
f 1945//1945 1952//1952 1954//1954
f 1953//1953 1949//1949 1948//1948
f 1955//1955 1951//1951 1954//1954
f 1955//1955 1954//1954 1952//1952
f 1930//1930 1927//1927 1934//1934
f 1927//1927 1933//1933 1934//1934
f 1958//1958 1985//1985 1957//1957
f 1959//1959 1958//1958 1957//1957
f 340//340 1976//1976 138//138
f 139//139 550//550 1960//1960
f 1905//1905 2343//2343 1904//1904
f 2345//2345 1904//1904 2343//2343
f 596//596 1961//1961 1996//1996
f 1965//1965 1962//1962 1967//1967
f 1963//1963 1962//1962 1965//1965
f 1963//1963 1965//1965 1966//1966
f 95//95 1967//1967 1962//1962
f 1964//1964 1965//1965 1967//1967
f 1965//1965 1964//1964 1966//1966
f 1963//1963 95//95 1962//1962
f 95//95 1963//1963 1967//1967
f 2864//2864 1968//1968 2860//2860
f 1970//1970 1969//1969 1853//1853
f 1970//1970 1853//1853 1852//1852
f 1899//1899 1971//1971 2259//2259
f 2156//2156 1972//1972 1973//1973
f 1972//1972 1981//1981 1973//1973
f 1972//1972 2156//2156 1974//1974
f 637//637 638//638 635//635
f 781//781 347//347 780//780
f 139//139 2221//2221 342//342
f 1976//1976 2221//2221 139//139
f 550//550 139//139 342//342
f 139//139 138//138 1976//1976
f 138//138 139//139 1977//1977
f 1978//1978 1979//1979 1980//1980
f 1974//1974 1982//1982 1981//1981
f 1982//1982 1983//1983 1981//1981
f 1981//1981 1972//1972 1974//1974
f 1984//1984 1982//1982 1974//1974
f 1982//1982 1984//1984 1983//1983
f 2157//2157 1974//1974 2156//2156
f 1984//1984 1974//1974 2157//2157
f 1985//1985 1958//1958 1959//1959
f 1986//1986 1987//1987 2245//2245
f 1988//1988 2251//2251 2252//2252
f 1989//1989 241//241 1990//1990
f 242//242 1990//1990 241//241
f 3239//3239 1993//1993 3236//3236
f 1993//1993 3239//3239 1992//1992
f 1993//1993 1994//1994 3236//3236
f 1993//1993 1992//1992 1994//1994
f 1995//1995 457//457 456//456
f 1939//1939 1938//1938 1984//1984
f 1996//1996 1961//1961 1997//1997
f 2000//2000 1999//1999 1998//1998
f 1898//1898 921//921 1998//1998
f 921//921 2000//2000 1998//1998
f 1898//1898 1998//1998 1999//1999
f 2002//2002 2001//2001 2549//2549
f 532//532 2012//2012 2003//2003
f 2004//2004 2346//2346 2304//2304
f 596//596 1996//1996 594//594
f 1996//1996 1997//1997 594//594
f 2008//2008 2005//2005 2007//2007
f 2007//2007 2005//2005 2006//2006
f 2007//2007 2006//2006 2008//2008
f 468//468 467//467 2009//2009
f 471//471 2009//2009 467//467
f 2010//2010 468//468 2009//2009
f 534//534 532//532 530//530
f 2206//2206 532//532 534//534
f 532//532 2206//2206 2011//2011
f 2012//2012 532//532 2011//2011
f 2206//2206 2012//2012 2011//2011
f 2003//2003 2013//2013 532//532
f 2014//2014 3337//3337 541//541
f 2015//2015 478//478 1991//1991
f 2016//2016 2015//2015 1991//1991
f 478//478 2016//2016 1991//1991
f 2017//2017 2356//2356 1559//1559
f 2017//2017 1559//1559 1399//1399
f 1638//1638 1640//1640 2018//2018
f 1536//1536 2019//2019 2020//2020
f 1531//1531 2020//2020 2019//2019
f 2024//2024 2021//2021 2025//2025
f 2026//2026 2027//2027 2021//2021
f 2021//2021 2027//2027 2025//2025
f 2023//2023 2022//2022 2031//2031
f 2024//2024 2025//2025 2029//2029
f 2027//2027 2026//2026 2028//2028
f 2028//2028 2026//2026 2021//2021
f 2024//2024 2028//2028 2021//2021
f 2025//2025 2027//2027 2029//2029
f 2031//2031 2030//2030 2032//2032
f 2023//2023 2030//2030 2022//2022
f 2022//2022 2030//2030 2031//2031
f 2023//2023 2032//2032 2030//2030
f 638//638 637//637 636//636
f 977//977 944//944 2033//2033
f 2033//2033 726//726 977//977
f 2033//2033 945//945 726//726
f 2514//2514 1574//1574 2378//2378
f 2034//2034 2039//2039 2035//2035
f 2036//2036 2034//2034 2035//2035
f 2034//2034 2036//2036 2039//2039
f 2038//2038 2041//2041 2040//2040
f 2041//2041 2038//2038 2037//2037
f 2040//2040 2037//2037 2038//2038
f 2042//2042 2043//2043 2041//2041
f 1689//1689 2043//2043 2042//2042
f 1689//1689 2041//2041 2043//2043
f 1686//1686 2694//2694 1687//1687
f 2048//2048 2044//2044 2045//2045
f 2045//2045 2046//2046 2048//2048
f 2048//2048 2046//2046 1477//1477
f 2048//2048 1477//1477 2047//2047
f 1528//1528 2045//2045 2044//2044
f 2049//2049 2051//2051 2050//2050
f 2053//2053 2051//2051 2052//2052
f 2053//2053 2049//2049 2050//2050
f 2050//2050 2051//2051 2053//2053
f 2051//2051 2053//2053 2052//2052
f 1667//1667 1713//1713 1716//1716
f 1726//1726 1667//1667 1716//1716
f 1667//1667 1370//1370 1713//1713
f 2055//2055 2054//2054 1371//1371
f 1704//1704 2054//2054 2055//2055
f 1704//1704 1702//1702 2054//2054
f 1371//1371 1412//1412 2055//2055
f 2058//2058 2059//2059 2060//2060
f 2057//2057 2059//2059 2058//2058
f 2058//2058 2060//2060 2057//2057
f 1449//1449 2061//2061 2062//2062
f 1332//1332 2062//2062 2061//2061
f 6//6 8//8 12//12
f 5//5 8//8 6//6
f 2064//2064 2063//2063 2065//2065
f 2065//2065 2063//2063 2066//2066
f 2063//2063 2064//2064 2066//2066
f 2067//2067 2073//2073 2068//2068
f 2067//2067 2068//2068 2069//2069
f 2073//2073 2067//2067 2069//2069
f 2073//2073 2071//2071 2070//2070
f 2073//2073 2072//2072 2075//2075
f 2072//2072 2070//2070 2071//2071
f 1828//1828 2074//2074 1827//1827
f 2073//2073 2070//2070 2072//2072
f 2072//2072 2071//2071 2075//2075
f 1817//1817 1816//1816 2875//2875
f 2076//2076 803//803 2077//2077
f 2076//2076 2077//2077 2078//2078
f 1851//1851 2079//2079 2080//2080
f 85//85 2080//2080 2079//2079
f 1161//1161 75//75 77//77
f 2974//2974 954//954 955//955
f 2083//2083 2081//2081 2082//2082
f 2084//2084 2082//2082 2081//2081
f 2082//2082 2084//2084 2083//2083
f 2087//2087 2085//2085 2086//2086
f 2085//2085 2087//2087 2086//2086
f 32//32 34//34 33//33
f 2089//2089 2091//2091 2090//2090
f 2089//2089 2090//2090 2088//2088
f 2088//2088 2091//2091 2089//2089
f 2093//2093 2092//2092 2094//2094
f 2093//2093 2091//2091 2092//2092
f 2092//2092 2091//2091 2094//2094
f 1124//1124 2095//2095 1125//1125
f 2097//2097 2099//2099 2096//2096
f 2097//2097 2096//2096 2098//2098
f 2100//2100 2099//2099 2097//2097
f 2100//2100 2097//2097 2098//2098
f 2098//2098 2099//2099 2100//2100
f 956//956 3218//3218 994//994
f 2102//2102 2104//2104 2101//2101
f 2103//2103 2102//2102 2101//2101
f 2103//2103 2104//2104 2102//2102
f 2105//2105 1034//1034 1036//1036
f 1037//1037 2105//2105 1036//1036
f 1085//1085 1086//1086 2106//2106
f 131//131 2249//2249 130//130
f 2107//2107 375//375 379//379
f 2112//2112 2109//2109 2108//2108
f 2109//2109 2110//2110 2108//2108
f 2111//2111 2115//2115 2113//2113
f 2110//2110 2112//2112 2108//2108
f 2116//2116 2113//2113 2115//2115
f 1906//1906 1006//1006 922//922
f 1249//1249 1248//1248 2114//2114
f 2116//2116 2115//2115 2111//2111
f 958//958 2117//2117 2122//2122
f 958//958 2122//2122 1172//1172
f 2121//2121 2153//2153 2118//2118
f 2119//2119 2118//2118 2120//2120
f 2118//2118 2119//2119 2117//2117
f 2120//2120 2118//2118 2153//2153
f 2118//2118 2117//2117 958//958
f 2121//2121 2118//2118 958//958
f 1172//1172 2122//2122 1174//1174
f 895//895 2121//2121 958//958
f 2117//2117 2119//2119 2122//2122
f 1238//1238 1233//1233 1235//1235
f 2123//2123 1233//1233 1238//1238
f 1038//1038 3153//3153 2124//2124
f 2125//2125 2136//2136 2134//2134
f 2136//2136 2126//2126 2134//2134
f 2129//2129 2127//2127 2128//2128
f 2127//2127 2135//2135 2128//2128
f 2129//2129 2128//2128 2135//2135
f 2129//2129 2131//2131 2130//2130
f 2129//2129 2130//2130 2132//2132
f 2133//2133 2132//2132 2130//2130
f 2132//2132 294//294 2129//2129
f 2130//2130 2131//2131 2133//2133
f 2134//2134 2126//2126 2135//2135
f 2132//2132 2133//2133 294//294
f 2135//2135 2136//2136 2137//2137
f 2136//2136 2125//2125 2137//2137
f 2136//2136 2135//2135 2126//2126
f 2141//2141 2139//2139 2148//2148
f 2144//2144 2142//2142 2143//2143
f 2146//2146 2138//2138 2140//2140
f 2143//2143 2142//2142 2147//2147
f 2146//2146 2140//2140 2150//2150
f 2147//2147 2142//2142 2144//2144
f 2148//2148 2139//2139 2149//2149
f 2141//2141 2148//2148 2149//2149
f 2138//2138 2145//2145 2140//2140
f 2150//2150 2140//2140 2145//2145
f 306//306 305//305 307//307
f 1148//1148 2151//2151 1147//1147
f 1147//1147 2151//2151 1040//1040
f 325//325 307//307 326//326
f 1978//1978 2152//2152 1979//1979
f 1978//1978 1980//1980 2152//2152
f 2154//2154 1255//1255 2155//2155
f 2156//2156 247//247 2157//2157
f 2165//2165 2158//2158 2164//2164
f 2159//2159 267//267 268//268
f 2161//2161 2160//2160 267//267
f 2161//2161 267//267 2159//2159
f 2162//2162 2161//2161 2159//2159
f 2163//2163 2161//2161 2162//2162
f 2162//2162 2159//2159 2163//2163
f 2164//2164 2158//2158 2163//2163
f 2165//2165 2164//2164 2166//2166
f 2166//2166 2164//2164 2163//2163
f 1808//1808 1923//1923 1933//1933
f 1933//1933 1806//1806 1808//1808
f 3285//3285 2168//2168 2167//2167
f 2234//2234 91//91 2167//2167
f 2168//2168 2234//2234 2167//2167
f 204//204 3282//3282 2169//2169
f 1922//1922 1860//1860 1924//1924
f 164//164 2170//2170 162//162
f 164//164 2171//2171 2170//2170
f 162//162 2170//2170 161//161
f 2170//2170 2171//2171 161//161
f 2172//2172 2173//2173 2174//2174
f 2173//2173 2172//2172 525//525
f 2172//2172 2174//2174 525//525
f 2176//2176 2174//2174 2175//2175
f 2174//2174 526//526 525//525
f 2176//2176 2177//2177 2174//2174
f 2176//2176 2178//2178 2177//2177
f 2175//2175 2178//2178 2176//2176
f 1070//1070 2179//2179 524//524
f 2181//2181 2186//2186 2180//2180
f 2180//2180 2183//2183 2182//2182
f 2184//2184 2182//2182 2183//2183
f 2180//2180 2182//2182 2184//2184
f 2185//2185 2181//2181 2180//2180
f 2186//2186 2181//2181 2185//2185
f 2188//2188 521//521 2187//2187
f 2187//2187 2179//2179 2188//2188
f 524//524 2179//2179 2187//2187
f 415//415 417//417 414//414
f 417//417 416//416 414//414
f 406//406 413//413 412//412
f 2190//2190 2189//2189 2192//2192
f 2190//2190 2192//2192 2191//2191
f 2191//2191 2192//2192 2189//2189
f 2193//2193 2194//2194 2195//2195
f 996//996 995//995 2233//2233
f 2198//2198 2199//2199 2197//2197
f 2197//2197 2199//2199 498//498
f 499//499 2197//2197 498//498
f 2198//2198 2197//2197 499//499
f 1975//1975 2200//2200 186//186
f 2201//2201 2202//2202 2203//2203
f 2202//2202 2204//2204 2203//2203
f 439//439 2205//2205 337//337
f 534//534 535//535 2206//2206
f 2205//2205 2207//2207 337//337
f 930//930 2207//2207 2205//2205
f 904//904 2208//2208 905//905
f 368//368 2210//2210 2213//2213
f 368//368 2215//2215 2210//2210
f 2213//2213 2210//2210 2211//2211
f 2212//2212 2211//2211 2210//2210
f 2213//2213 2211//2211 2212//2212
f 2213//2213 2209//2209 368//368
f 2209//2209 2213//2213 2212//2212
f 899//899 865//865 2214//2214
f 949//949 865//865 899//899
f 2215//2215 368//368 2209//2209
f 2217//2217 2188//2188 2218//2218
f 2219//2219 2217//2217 2218//2218
f 2188//2188 2217//2217 2219//2219
f 610//610 886//886 2220//2220
f 1976//1976 340//340 2221//2221
f 2223//2223 816//816 2222//2222
f 2228//2228 2225//2225 2227//2227
f 2226//2226 2225//2225 2228//2228
f 2227//2227 2229//2229 2228//2228
f 2229//2229 2227//2227 2226//2226
f 2226//2226 2227//2227 2225//2225
f 708//708 709//709 758//758
f 704//704 758//758 709//709
f 2230//2230 548//548 549//549
f 2231//2231 212//212 2232//2232
f 2232//2232 212//212 435//435
f 212//212 2231//2231 211//211
f 211//211 2232//2232 212//212
f 1594//1594 1589//1589 1592//1592
f 1491//1491 1489//1489 1476//1476
f 995//995 3257//3257 2233//2233
f 1728//1728 1725//1725 1717//1717
f 136//136 1921//1921 1922//1922
f 1922//1922 1924//1924 136//136
f 180//180 613//613 782//782
f 2168//2168 2235//2235 2234//2234
f 920//920 2236//2236 921//921
f 1900//1900 2236//2236 920//920
f 3032//3032 3034//3034 1351//1351
f 1366//1366 3032//3032 1351//1351
f 1351//1351 2237//2237 1366//1366
f 2237//2237 1351//1351 3034//3034
f 416//416 2238//2238 405//405
f 405//405 2238//2238 402//402
f 1823//1823 1831//1831 1829//1829
f 2240//2240 2241//2241 2242//2242
f 87//87 89//89 86//86
f 235//235 230//230 2243//2243
f 1368//1368 1369//1369 1342//1342
f 1369//1369 1368//1368 2244//2244
f 2245//2245 1987//1987 2246//2246
f 1987//1987 1986//1986 2246//2246
f 2246//2246 1986//1986 1937//1937
f 178//178 2245//2245 2246//2246
f 96//96 2247//2247 1879//1879
f 1307//1307 96//96 1879//1879
f 2247//2247 1876//1876 1878//1878
f 1876//1876 2247//2247 96//96
f 1010//1010 2248//2248 1883//1883
f 2250//2250 1897//1897 1861//1861
f 2251//2251 1943//1943 2253//2253
f 2252//2252 2251//2251 2253//2253
f 383//383 385//385 387//387
f 172//172 175//175 174//174
f 2254//2254 1999//1999 2255//2255
f 1999//1999 2254//2254 1899//1899
f 2254//2254 2255//2255 1899//1899
f 934//934 938//938 895//895
f 1898//1898 1900//1900 920//920
f 2257//2257 50//50 2256//2256
f 2257//2257 2256//2256 2258//2258
f 2258//2258 2256//2256 50//50
f 1898//1898 1899//1899 2259//2259
f 2259//2259 1900//1900 1898//1898
f 1971//1971 1900//1900 2259//2259
f 905//905 436//436 904//904
f 1898//1898 920//920 921//921
f 2260//2260 2261//2261 2262//2262
f 2261//2261 2263//2263 2262//2262
f 1013//1013 439//439 3334//3334
f 576//576 518//518 517//517
f 2265//2265 845//845 844//844
f 844//844 784//784 2265//2265
f 784//784 844//844 842//842
f 829//829 830//830 831//831
f 1004//1004 1005//1005 922//922
f 2266//2266 2267//2267 2268//2268
f 1191//1191 2269//2269 3154//3154
f 1478//1478 1479//1479 2694//2694
f 2431//2431 1429//1429 1428//1428
f 1513//1513 2270//2270 1509//1509
f 1401//1401 1405//1405 1408//1408
f 1408//1408 1402//1402 1401//1401
f 1406//1406 1403//1403 1407//1407
f 1562//1562 1561//1561 2271//2271
f 1602//1602 1603//1603 2272//2272
f 1602//1602 2272//2272 2273//2273
f 2272//2272 1603//1603 1445//1445
f 2272//2272 1445//1445 2273//2273
f 1527//1527 1525//1525 1682//1682
f 2274//2274 2275//2275 2276//2276
f 2277//2277 2276//2276 2275//2275
f 2277//2277 2275//2275 2274//2274
f 1901//1901 2278//2278 299//299
f 1327//1327 1323//1323 1322//1322
f 1035//1035 1036//1036 1034//1034
f 213//213 224//224 304//304
f 293//293 300//300 282//282
f 1212//1212 1031//1031 1033//1033
f 1144//1144 1073//1073 1072//1072
f 1144//1144 1072//1072 1043//1043
f 1154//1154 1156//1156 1150//1150
f 251//251 266//266 265//265
f 1013//1013 942//942 439//439
f 942//942 1013//1013 943//943
f 70//70 69//69 918//918
f 970//970 2530//2530 2531//2531
f 550//550 342//342 345//345
f 717//717 718//718 719//719
f 1057//1057 2280//2280 1052//1052
f 1484//1484 1483//1483 1485//1485
f 976//976 973//973 974//974
f 645//645 2285//2285 654//654
f 2283//2283 645//645 654//654
f 645//645 2300//2300 2303//2303
f 2283//2283 2300//2300 645//645
f 2281//2281 654//654 2285//2285
f 654//654 2281//2281 2282//2282
f 654//654 2284//2284 2283//2283
f 654//654 2282//2282 2284//2284
f 645//645 2303//2303 2285//2285
f 2287//2287 2288//2288 2286//2286
f 2288//2288 2287//2287 2289//2289
f 2325//2325 2324//2324 2290//2290
f 2324//2324 2318//2318 2290//2290
f 2292//2292 2294//2294 2291//2291
f 2292//2292 2293//2293 2294//2294
f 2334//2334 2295//2295 2296//2296
f 2304//2304 2298//2298 2297//2297
f 2346//2346 2298//2298 2304//2304
f 2297//2297 2298//2298 2344//2344
f 2283//2283 2299//2299 2300//2300
f 2283//2283 2301//2301 2299//2299
f 2300//2300 2299//2299 2302//2302
f 2302//2302 2303//2303 2300//2300
f 2299//2299 2301//2301 2302//2302
f 2305//2305 2314//2314 2297//2297
f 2297//2297 2314//2314 2315//2315
f 2304//2304 2297//2297 2315//2315
f 2305//2305 2297//2297 2344//2344
f 2291//2291 2294//2294 2293//2293
f 1815//1815 2306//2306 2308//2308
f 2306//2306 1815//1815 2307//2307
f 2307//2307 2308//2308 2306//2306
f 2312//2312 2311//2311 2310//2310
f 2312//2312 2310//2310 2313//2313
f 2313//2313 2310//2310 2311//2311
f 2305//2305 2315//2315 2314//2314
f 2316//2316 2292//2292 2317//2317
f 2316//2316 2293//2293 2292//2292
f 2290//2290 2318//2318 2325//2325
f 2292//2292 2291//2291 2317//2317
f 2319//2319 2320//2320 2284//2284
f 2284//2284 2320//2320 2323//2323
f 2322//2322 2321//2321 2332//2332
f 2323//2323 2320//2320 2319//2319
f 2329//2329 2327//2327 2326//2326
f 2328//2328 2326//2326 2327//2327
f 2328//2328 2329//2329 2326//2326
f 2296//2296 2295//2295 2334//2334
f 2333//2333 2332//2332 2331//2331
f 2331//2331 2332//2332 2321//2321
f 2331//2331 2321//2321 2322//2322
f 2331//2331 2322//2322 2333//2333
f 2286//2286 2289//2289 2287//2287
f 693//693 2335//2335 2309//2309
f 2337//2337 2338//2338 2339//2339
f 2341//2341 2339//2339 2338//2338
f 2318//2318 2324//2324 2325//2325
f 2340//2340 2336//2336 2330//2330
f 2341//2341 2338//2338 2337//2337
f 2336//2336 2342//2342 2330//2330
f 2293//2293 2316//2316 2317//2317
f 2340//2340 2342//2342 2336//2336
f 1886//1886 2344//2344 2343//2343
f 2343//2343 2298//2298 2346//2346
f 2343//2343 2346//2346 2345//2345
f 2345//2345 2346//2346 2004//2004
f 2298//2298 2343//2343 2344//2344
f 2353//2353 2347//2347 2348//2348
f 1692//1692 1695//1695 2349//2349
f 1532//1532 1534//1534 2353//2353
f 1532//1532 2353//2353 2348//2348
f 1540//1540 2350//2350 1541//1541
f 2350//2350 1534//1534 1541//1541
f 1644//1644 2352//2352 2351//2351
f 2353//2353 1534//1534 2350//2350
f 2362//2362 2355//2355 2354//2354
f 2356//2356 2359//2359 2355//2355
f 2359//2359 2356//2356 2357//2357
f 2357//2357 2356//2356 2019//2019
f 2355//2355 2358//2358 2356//2356
f 2360//2360 2359//2359 2357//2357
f 2355//2355 2361//2361 2358//2358
f 2360//2360 2357//2357 2363//2363
f 2362//2362 2359//2359 2360//2360
f 2360//2360 2363//2363 2362//2362
f 2354//2354 2355//2355 2359//2359
f 2370//2370 2366//2366 2364//2364
f 2367//2367 2364//2364 2366//2366
f 2365//2365 2366//2366 1441//1441
f 1441//1441 2366//2366 2369//2369
f 2366//2366 2416//2416 2367//2367
f 2368//2368 2365//2365 1441//1441
f 2366//2366 2370//2370 2369//2369
f 1440//1440 1441//1441 2369//2369
f 2370//2370 2364//2364 2367//2367
f 2480//2480 2479//2479 2372//2372
f 2373//2373 2372//2372 2479//2479
f 2374//2374 2381//2381 2375//2375
f 2372//2372 2373//2373 2377//2377
f 2372//2372 2376//2376 1373//1373
f 2373//2373 2379//2379 2377//2377
f 2381//2381 2374//2374 2379//2379
f 2379//2379 2374//2374 2375//2375
f 2378//2378 2376//2376 2377//2377
f 2378//2378 1373//1373 2376//2376
f 2381//2381 2379//2379 2373//2373
f 2372//2372 2377//2377 2376//2376
f 2372//2372 1373//1373 2380//2380
f 2381//2381 2373//2373 2382//2382
f 2479//2479 2382//2382 2373//2373
f 2372//2372 2380//2380 2371//2371
f 1630//1630 2386//2386 1629//1629
f 2385//2385 2386//2386 1630//1630
f 2385//2385 1630//1630 2383//2383
f 2384//2384 2383//2383 1613//1613
f 2385//2385 2422//2422 1605//1605
f 2383//2383 2422//2422 2385//2385
f 2422//2422 2383//2383 2384//2384
f 1524//1524 1605//1605 2422//2422
f 2385//2385 1605//1605 2386//2386
f 1523//1523 1524//1524 2422//2422
f 1523//1523 1605//1605 1524//1524
f 2387//2387 2469//2469 2388//2388
f 2389//2389 2388//2388 2469//2469
f 1555//1555 1556//1556 2391//2391
f 2391//2391 1556//1556 1557//1557
f 2393//2393 2392//2392 1625//1625
f 2404//2404 2400//2400 2468//2468
f 2394//2394 2404//2404 2468//2468
f 2468//2468 2399//2399 2394//2394
f 2404//2404 2395//2395 2400//2400
f 2400//2400 2401//2401 2397//2397
f 2399//2399 2468//2468 2402//2402
f 2401//2401 2400//2400 2395//2395
f 2397//2397 2402//2402 2400//2400
f 2468//2468 2400//2400 2402//2402
f 2399//2399 2403//2403 2394//2394
f 2394//2394 2403//2403 2404//2404
f 2401//2401 2395//2395 2396//2396
f 1314//1314 2405//2405 1316//1316
f 2483//2483 2405//2405 2406//2406
f 1668//1668 2408//2408 2410//2410
f 2410//2410 2408//2408 2407//2407
f 2409//2409 2408//2408 1668//1668
f 2413//2413 1668//1668 2410//2410
f 2411//2411 1276//1276 2412//2412
f 2412//2412 1276//1276 1277//1277
f 2356//2356 2358//2358 1558//1558
f 1558//1558 2358//2358 2361//2361
f 2365//2365 2368//2368 2415//2415
f 2415//2415 2366//2366 2365//2365
f 2366//2366 2415//2415 2416//2416
f 1440//1440 2417//2417 1441//1441
f 2497//2497 1441//1441 2417//2417
f 2418//2418 2368//2368 1441//1441
f 2418//2418 1441//1441 2497//2497
f 2418//2418 2415//2415 2368//2368
f 2414//2414 2420//2420 2419//2419
f 2414//2414 2419//2419 2510//2510
f 2510//2510 2419//2419 2509//2509
f 2421//2421 1523//1523 2422//2422
f 2423//2423 2424//2424 2371//2371
f 2425//2425 2423//2423 2371//2371
f 2423//2423 2425//2425 2424//2424
f 2428//2428 2426//2426 2427//2427
f 2429//2429 2427//2427 2426//2426
f 2428//2428 2429//2429 2426//2426
f 2431//2431 1428//1428 1429//1429
f 2432//2432 2390//2390 2465//2465
f 2388//2388 2390//2390 2432//2432
f 2432//2432 2387//2387 2388//2388
f 2432//2432 2465//2465 2387//2387
f 2433//2433 1215//1215 2434//2434
f 2436//2436 2437//2437 2438//2438
f 2435//2435 2436//2436 2438//2438
f 2437//2437 2436//2436 2435//2435
f 2440//2440 2442//2442 2439//2439
f 2442//2442 2440//2440 2441//2441
f 2441//2441 2440//2440 2439//2439
f 2444//2444 2443//2443 2481//2481
f 2443//2443 2444//2444 2445//2445
f 2481//2481 2443//2443 2430//2430
f 2430//2430 2443//2443 2446//2446
f 2443//2443 2445//2445 2446//2446
f 2472//2472 2449//2449 1554//1554
f 2471//2471 2472//2472 1554//1554
f 2449//2449 1375//1375 2447//2447
f 2447//2447 1554//1554 2449//2449
f 2447//2447 2448//2448 1554//1554
f 2449//2449 2451//2451 2450//2450
f 1375//1375 2449//2449 2450//2450
f 2451//2451 2449//2449 2472//2472
f 2472//2472 2452//2452 2451//2451
f 2451//2451 2452//2452 2450//2450
f 2508//2508 2453//2453 1451//1451
f 2506//2506 2482//2482 2505//2505
f 2516//2516 2506//2506 2454//2454
f 2455//2455 2456//2456 2457//2457
f 2456//2456 2458//2458 2457//2457
f 2457//2457 2458//2458 2455//2455
f 2464//2464 2459//2459 2460//2460
f 2464//2464 2461//2461 2459//2459
f 2462//2462 2461//2461 2464//2464
f 2463//2463 2460//2460 2459//2459
f 2463//2463 2464//2464 2460//2460
f 2459//2459 2461//2461 2462//2462
f 2390//2390 2499//2499 2465//2465
f 2466//2466 2433//2433 2434//2434
f 1278//1278 1280//1280 1279//1279
f 1650//1650 1648//1648 2467//2467
f 2465//2465 2469//2469 2387//2387
f 2422//2422 2490//2490 2421//2421
f 2480//2480 2372//2372 2424//2424
f 2424//2424 2372//2372 2371//2371
f 1554//1554 2448//2448 2471//2471
f 2473//2473 2472//2472 2471//2471
f 2448//2448 2473//2473 2471//2471
f 2445//2445 2474//2474 2475//2475
f 2475//2475 2474//2474 2512//2512
f 2445//2445 2475//2475 2512//2512
f 2478//2478 2477//2477 2513//2513
f 2480//2480 2424//2424 2479//2479
f 2446//2446 2481//2481 2430//2430
f 2483//2483 2406//2406 2405//2405
f 1355//1355 1574//1574 1354//1354
f 2484//2484 1354//1354 1574//1574
f 1354//1354 2484//2484 1355//1355
f 1574//1574 1355//1355 2378//2378
f 2378//2378 1355//1355 1373//1373
f 2488//2488 1631//1631 2485//2485
f 2486//2486 2488//2488 2485//2485
f 2487//2487 2488//2488 2486//2486
f 1564//1564 1563//1563 1565//1565
f 2408//2408 2409//2409 2407//2407
f 2396//2396 2489//2489 2401//2401
f 2384//2384 2490//2490 2422//2422
f 2501//2501 2492//2492 2491//2491
f 2492//2492 2493//2493 2491//2491
f 2491//2491 2494//2494 2501//2501
f 2494//2494 2491//2491 2493//2493
f 1283//1283 2495//2495 1281//1281
f 2497//2497 2496//2496 2498//2498
f 2498//2498 2496//2496 2417//2417
f 2417//2417 2496//2496 2497//2497
f 2499//2499 2390//2390 2388//2388
f 2388//2388 2389//2389 2499//2499
f 2410//2410 2407//2407 2413//2413
f 2493//2493 2501//2501 2494//2494
f 2502//2502 2503//2503 2517//2517
f 2502//2502 2476//2476 2503//2503
f 2504//2504 2505//2505 2482//2482
f 2506//2506 2507//2507 2482//2482
f 2506//2506 2516//2516 2507//2507
f 2504//2504 2482//2482 2507//2507
f 2402//2402 2397//2397 2398//2398
f 2486//2486 2485//2485 1641//1641
f 2508//2508 1316//1316 1317//1317
f 2419//2419 2420//2420 2509//2509
f 2509//2509 2420//2420 2511//2511
f 2512//2512 2510//2510 2511//2511
f 2512//2512 2511//2511 2420//2420
f 2511//2511 2510//2510 2509//2509
f 2500//2500 2478//2478 2513//2513
f 2477//2477 2500//2500 2513//2513
f 2377//2377 2514//2514 2378//2378
f 2515//2515 2476//2476 2470//2470
f 2516//2516 2454//2454 2515//2515
f 2515//2515 2470//2470 2516//2516
f 2515//2515 2454//2454 2518//2518
f 2518//2518 2503//2503 2515//2515
f 2518//2518 2454//2454 2506//2506
f 2518//2518 2506//2506 2505//2505
f 2503//2503 2476//2476 2515//2515
f 2503//2503 2518//2518 2517//2517
f 2517//2517 2518//2518 2505//2505
f 2489//2489 2397//2397 2401//2401
f 2398//2398 2397//2397 2489//2489
f 2521//2521 2520//2520 2519//2519
f 2519//2519 2520//2520 2601//2601
f 2523//2523 2519//2519 2600//2600
f 2522//2522 2519//2519 2625//2625
f 2519//2519 2601//2601 2600//2600
f 2522//2522 2521//2521 2519//2519
f 328//328 2523//2523 2600//2600
f 2527//2527 2525//2525 2528//2528
f 2529//2529 2525//2525 2527//2527
f 997//997 2525//2525 2529//2529
f 2524//2524 2526//2526 2527//2527
f 2526//2526 2524//2524 970//970
f 2527//2527 2528//2528 2524//2524
f 2524//2524 2530//2530 970//970
f 2524//2524 2532//2532 2530//2530
f 2531//2531 2530//2530 2532//2532
f 2533//2533 2528//2528 2525//2525
f 2532//2532 2524//2524 2528//2528
f 997//997 2533//2533 2525//2525
f 794//794 793//793 792//792
f 2534//2534 759//759 792//792
f 759//759 794//794 792//792
f 2534//2534 792//792 2598//2598
f 792//792 793//793 2597//2597
f 909//909 2535//2535 373//373
f 909//909 373//373 440//440
f 909//909 440//440 2536//2536
f 2535//2535 909//909 951//951
f 2538//2538 2611//2611 2537//2537
f 2598//2598 792//792 2597//2597
f 861//861 843//843 2539//2539
f 2540//2540 540//540 507//507
f 2544//2544 2541//2541 2542//2542
f 2543//2543 2544//2544 2542//2542
f 2541//2541 2545//2545 2542//2542
f 2541//2541 2544//2544 2543//2543
f 2543//2543 2545//2545 2541//2541
f 2546//2546 2647//2647 2547//2547
f 790//790 791//791 2548//2548
f 2565//2565 2550//2550 2623//2623
f 2550//2550 2565//2565 2551//2551
f 2553//2553 2551//2551 2565//2565
f 2566//2566 2553//2553 2552//2552
f 2549//2549 2001//2001 2623//2623
f 2554//2554 2559//2559 2557//2557
f 2555//2555 2559//2559 2554//2554
f 2556//2556 2554//2554 2557//2557
f 2558//2558 2559//2559 2555//2555
f 2562//2562 2560//2560 2564//2564
f 2612//2612 2562//2562 2561//2561
f 2562//2562 2563//2563 2561//2561
f 2623//2623 2001//2001 2002//2002
f 2552//2552 2565//2565 2566//2566
f 2552//2552 2553//2553 2565//2565
f 2623//2623 2002//2002 2565//2565
f 2519//2519 2523//2523 2625//2625
f 2568//2568 2569//2569 2570//2570
f 2569//2569 2615//2615 2570//2570
f 2568//2568 2567//2567 2569//2569
f 2529//2529 2527//2527 2571//2571
f 2571//2571 2527//2527 2572//2572
f 971//971 2529//2529 2571//2571
f 424//424 425//425 2573//2573
f 2637//2637 2573//2573 425//425
f 2575//2575 2574//2574 2577//2577
f 2574//2574 2578//2578 2577//2577
f 2574//2574 2576//2576 2578//2578
f 2582//2582 2579//2579 2580//2580
f 2580//2580 2579//2579 2581//2581
f 2581//2581 2582//2582 2580//2580
f 2609//2609 2584//2584 477//477
f 508//508 540//540 2540//2540
f 2585//2585 508//508 2540//2540
f 339//339 508//508 2585//2585
f 871//871 2586//2586 823//823
f 2586//2586 871//871 972//972
f 2651//2651 2650//2650 2587//2587
f 2589//2589 2616//2616 2603//2603
f 2555//2555 2554//2554 2556//2556
f 2631//2631 2591//2591 2592//2592
f 2591//2591 2593//2593 2592//2592
f 2594//2594 341//341 210//210
f 2590//2590 2621//2621 2595//2595
f 794//794 2597//2597 793//793
f 2597//2597 794//794 2596//2596
f 2598//2598 2597//2597 2599//2599
f 2599//2599 2597//2597 2596//2596
f 2614//2614 210//210 341//341
f 2602//2602 2600//2600 2601//2601
f 2557//2557 2559//2559 2558//2558
f 2616//2616 2589//2589 2603//2603
f 847//847 893//893 2604//2604
f 2604//2604 2606//2606 847//847
f 848//848 2605//2605 2604//2604
f 893//893 848//848 2604//2604
f 2605//2605 2606//2606 2604//2604
f 2609//2609 2608//2608 2607//2607
f 2607//2607 2584//2584 2609//2609
f 2608//2608 2609//2609 894//894
f 2608//2608 2584//2584 2607//2607
f 894//894 2609//2609 2583//2583
f 2610//2610 2551//2551 2553//2553
f 2561//2561 2563//2563 2612//2612
f 2614//2614 2613//2613 2569//2569
f 341//341 2588//2588 2614//2614
f 2588//2588 2613//2613 2614//2614
f 341//341 2594//2594 2588//2588
f 2615//2615 2613//2613 2588//2588
f 2594//2594 2615//2615 2588//2588
f 2614//2614 2569//2569 2589//2589
f 2613//2613 2615//2615 2569//2569
f 2569//2569 2567//2567 2589//2589
f 2614//2614 2589//2589 210//210
f 2520//2520 2617//2617 2601//2601
f 2617//2617 2618//2618 617//617
f 2617//2617 2520//2520 2618//2618
f 2520//2520 2619//2619 2618//2618
f 2520//2520 2521//2521 2619//2619
f 2572//2572 2527//2527 607//607
f 2527//2527 2526//2526 607//607
f 2590//2590 2595//2595 2621//2621
f 2610//2610 2622//2622 2550//2550
f 2550//2550 2551//2551 2610//2610
f 2622//2622 2623//2623 2550//2550
f 2624//2624 2538//2538 2537//2537
f 2611//2611 2624//2624 2537//2537
f 328//328 2625//2625 2523//2523
f 2617//2617 2602//2602 2601//2601
f 463//463 473//473 2626//2626
f 473//473 474//474 2626//2626
f 464//464 473//473 463//463
f 618//618 821//821 815//815
f 2620//2620 790//790 2548//2548
f 2568//2568 2570//2570 2567//2567
f 2635//2635 2627//2627 2628//2628
f 2630//2630 872//872 2629//2629
f 2641//2641 2630//2630 2629//2629
f 2641//2641 2629//2629 2638//2638
f 2634//2634 2629//2629 872//872
f 2628//2628 2627//2627 2638//2638
f 2632//2632 2634//2634 872//872
f 2629//2629 2634//2634 2638//2638
f 872//872 2630//2630 2631//2631
f 2592//2592 2633//2633 2632//2632
f 2593//2593 2633//2633 2592//2592
f 2632//2632 2631//2631 2592//2592
f 2634//2634 2632//2632 425//425
f 2634//2634 425//425 2222//2222
f 2635//2635 2628//2628 2638//2638
f 2635//2635 2638//2638 2634//2634
f 425//425 2632//2632 2636//2636
f 2631//2631 2632//2632 872//872
f 2632//2632 2633//2633 2636//2636
f 2633//2633 2639//2639 2636//2636
f 2636//2636 2637//2637 425//425
f 2633//2633 2593//2593 2639//2639
f 2641//2641 2638//2638 2627//2627
f 2627//2627 2640//2640 2641//2641
f 2641//2641 2640//2640 2642//2642
f 2627//2627 2642//2642 2640//2640
f 2549//2549 2623//2623 2622//2622
f 2647//2647 2546//2546 2643//2643
f 2643//2643 2546//2546 2644//2644
f 2644//2644 2546//2546 2547//2547
f 2644//2644 2645//2645 2643//2643
f 2645//2645 2646//2646 2643//2643
f 2646//2646 2647//2647 2643//2643
f 2648//2648 2647//2647 2646//2646
f 2645//2645 2648//2648 2646//2646
f 2564//2564 2649//2649 2562//2562
f 2560//2560 2649//2649 2564//2564
f 2650//2650 2651//2651 515//515
f 2575//2575 2576//2576 2574//2574
f 440//440 373//373 2535//2535
f 2654//2654 2653//2653 2652//2652
f 2656//2656 2654//2654 2652//2652
f 2654//2654 2656//2656 2655//2655
f 2654//2654 2655//2655 2653//2653
f 771//771 2657//2657 619//619
f 2662//2662 2658//2658 2660//2660
f 2659//2659 2660//2660 2658//2658
f 2660//2660 2661//2661 2662//2662
f 2663//2663 2662//2662 2661//2661
f 557//557 2663//2663 2661//2661
f 2660//2660 556//556 2661//2661
f 556//556 557//557 2661//2661
f 556//556 2660//2660 2659//2659
f 2665//2665 2666//2666 80//80
f 82//82 2665//2665 80//80
f 2666//2666 2665//2665 82//82
f 2667//2667 2668//2668 2664//2664
f 2664//2664 2668//2668 2669//2669
f 2667//2667 2669//2669 2668//2668
f 577//577 578//578 748//748
f 2670//2670 2664//2664 2671//2671
f 1548//1548 2672//2672 1547//1547
f 2675//2675 2674//2674 2688//2688
f 2674//2674 2675//2675 2673//2673
f 2673//2673 2675//2675 2676//2676
f 2678//2678 2676//2676 2675//2675
f 2675//2675 2677//2677 2678//2678
f 2675//2675 2679//2679 2677//2677
f 2677//2677 2679//2679 2678//2678
f 2680//2680 2681//2681 2687//2687
f 2681//2681 2680//2680 2682//2682
f 2682//2682 2680//2680 2683//2683
f 2680//2680 2684//2684 2683//2683
f 2682//2682 2683//2683 2684//2684
f 2684//2684 2685//2685 2686//2686
f 2685//2685 2684//2684 1002//1002
f 2686//2686 2685//2685 1002//1002
f 1002//1002 999//999 2686//2686
f 2686//2686 999//999 1001//1001
f 2687//2687 2681//2681 2682//2682
f 2673//2673 2676//2676 2678//2678
f 2673//2673 2688//2688 2674//2674
f 2722//2722 2706//2706 2689//2689
f 2689//2689 2706//2706 2690//2690
f 1792//1792 2691//2691 1781//1781
f 2691//2691 1792//1792 2705//2705
f 2692//2692 2691//2691 2705//2705
f 1781//1781 1700//1700 1792//1792
f 2691//2691 2693//2693 1781//1781
f 2693//2693 1782//1782 1781//1781
f 2695//2695 2698//2698 2696//2696
f 2696//2696 2697//2697 2695//2695
f 2697//2697 2698//2698 2695//2695
f 2708//2708 2698//2698 2697//2697
f 1763//1763 2712//2712 2700//2700
f 2699//2699 1763//1763 1768//1768
f 2701//2701 2702//2702 2718//2718
f 2702//2702 2701//2701 2719//2719
f 2690//2690 2703//2703 2689//2689
f 2689//2689 2703//2703 2704//2704
f 2722//2722 2689//2689 2704//2704
f 2705//2705 1792//1792 1700//1700
f 1529//1529 1478//1478 1664//1664
f 2712//2712 2708//2708 2709//2709
f 2710//2710 2709//2709 2697//2697
f 2697//2697 2709//2709 2708//2708
f 2708//2708 2699//2699 2698//2698
f 2699//2699 2708//2708 1763//1763
f 2708//2708 2712//2712 1763//1763
f 2709//2709 2710//2710 2711//2711
f 2711//2711 2712//2712 2709//2709
f 2713//2713 2719//2719 2701//2701
f 2725//2725 2706//2706 2707//2707
f 2693//2693 2691//2691 2692//2692
f 2715//2715 2724//2724 2714//2714
f 2714//2714 2716//2716 2715//2715
f 2720//2720 2718//2718 2702//2702
f 2717//2717 2720//2720 2721//2721
f 2718//2718 2720//2720 2717//2717
f 2722//2722 2704//2704 2720//2720
f 2722//2722 2720//2720 2702//2702
f 2719//2719 2723//2723 2702//2702
f 2702//2702 2723//2723 2722//2722
f 2707//2707 2722//2722 2723//2723
f 2723//2723 2719//2719 2724//2724
f 2716//2716 2723//2723 2724//2724
f 2715//2715 2716//2716 2724//2724
f 2723//2723 2716//2716 2725//2725
f 2720//2720 2704//2704 2703//2703
f 2713//2713 2724//2724 2719//2719
f 2723//2723 2725//2725 2707//2707
f 2721//2721 2720//2720 2703//2703
f 2707//2707 2706//2706 2722//2722
f 2703//2703 2690//2690 2721//2721
f 2727//2727 2734//2734 2726//2726
f 2726//2726 2734//2734 2731//2731
f 2727//2727 2730//2730 2729//2729
f 2730//2730 2727//2727 2726//2726
f 2729//2729 2728//2728 2727//2727
f 2730//2730 2733//2733 2745//2745
f 2730//2730 2726//2726 2731//2731
f 2730//2730 2731//2731 2733//2733
f 2743//2743 2745//2745 2733//2733
f 2733//2733 2731//2731 2732//2732
f 1599//1599 2745//2745 1601//1601
f 1601//1601 2745//2745 1600//1600
f 2740//2740 2739//2739 2736//2736
f 2739//2739 2735//2735 2736//2736
f 2735//2735 2737//2737 2736//2736
f 2736//2736 2738//2738 2740//2740
f 1596//1596 2738//2738 2736//2736
f 2736//2736 2737//2737 1596//1596
f 1596//1596 2737//2737 2735//2735
f 2739//2739 2740//2740 2741//2741
f 2740//2740 2738//2738 2741//2741
f 2752//2752 1467//1467 2747//2747
f 2744//2744 2733//2733 2742//2742
f 2742//2742 2733//2733 2732//2732
f 2743//2743 2733//2733 2744//2744
f 2747//2747 1467//1467 2746//2746
f 2728//2728 2734//2734 2727//2727
f 1609//1609 2750//2750 2748//2748
f 2753//2753 2749//2749 2748//2748
f 1609//1609 2748//2748 2749//2749
f 1610//1610 2750//2750 1609//1609
f 2751//2751 1515//1515 1517//1517
f 1515//1515 2751//2751 1516//1516
f 2745//2745 2729//2729 2730//2730
f 1560//1560 2752//2752 2747//2747
f 1560//1560 2746//2746 1467//1467
f 2750//2750 2753//2753 2748//2748
f 2744//2744 2745//2745 2743//2743
f 2755//2755 2756//2756 2754//2754
f 2757//2757 2754//2754 2756//2756
f 2755//2755 2757//2757 2756//2756
f 2744//2744 2742//2742 2732//2732
f 2758//2758 190//190 668//668
f 2759//2759 2758//2758 668//668
f 2758//2758 2759//2759 191//191
f 2758//2758 191//191 190//190
f 2762//2762 2761//2761 2764//2764
f 2760//2760 2761//2761 2763//2763
f 2763//2763 2761//2761 2762//2762
f 2762//2762 1665//1665 2763//2763
f 2764//2764 2761//2761 2760//2760
f 2765//2765 2768//2768 2766//2766
f 2767//2767 2765//2765 2766//2766
f 2765//2765 2767//2767 2768//2768
f 2766//2766 2768//2768 2769//2769
f 2770//2770 2769//2769 2768//2768
f 2770//2770 2766//2766 2769//2769
f 2771//2771 2773//2773 2772//2772
f 2775//2775 2771//2771 2772//2772
f 2774//2774 2775//2775 2772//2772
f 2775//2775 2773//2773 2771//2771
f 2772//2772 2775//2775 2774//2774
f 1257//1257 1258//1258 1493//1493
f 1453//1453 2776//2776 1216//1216
f 1718//1718 1722//1722 1721//1721
f 1553//1553 2778//2778 2777//2777
f 2778//2778 1604//1604 2777//2777
f 1604//1604 2780//2780 1445//1445
f 2778//2778 2780//2780 1604//1604
f 2778//2778 1553//1553 2779//2779
f 2786//2786 2781//2781 2782//2782
f 2786//2786 2784//2784 2781//2781
f 2782//2782 2781//2781 2785//2785
f 2783//2783 2786//2786 2782//2782
f 2785//2785 2781//2781 2784//2784
f 2783//2783 2782//2782 2785//2785
f 2789//2789 2787//2787 2788//2788
f 2789//2789 2788//2788 2790//2790
f 2790//2790 2788//2788 2787//2787
f 1446//1446 2791//2791 1475//1475
f 2791//2791 2792//2792 1475//1475
f 1729//1729 1719//1719 1730//1730
f 2793//2793 2794//2794 2795//2795
f 2793//2793 1318//1318 2794//2794
f 2794//2794 1318//1318 1321//1321
f 2795//2795 2794//2794 1321//1321
f 2793//2793 2796//2796 1318//1318
f 2806//2806 2839//2839 2797//2797
f 2806//2806 2797//2797 1706//1706
f 2797//2797 2839//2839 1706//1706
f 2806//2806 1706//1706 1773//1773
f 2056//2056 1773//1773 1706//1706
f 1705//1705 1706//1706 2839//2839
f 2800//2800 1306//1306 2799//2799
f 2798//2798 2799//2799 1306//1306
f 2798//2798 1306//1306 2829//2829
f 1707//1707 2801//2801 1708//1708
f 2803//2803 2805//2805 2802//2802
f 2804//2804 2803//2803 2834//2834
f 2803//2803 2804//2804 2805//2805
f 2803//2803 1459//1459 1439//1439
f 2834//2834 2803//2803 1439//1439
f 1459//1459 2803//2803 2837//2837
f 2805//2805 2804//2804 2834//2834
f 2813//2813 2806//2806 1773//1773
f 1773//1773 2807//2807 2813//2813
f 2796//2796 1319//1319 1318//1318
f 2810//2810 2808//2808 2809//2809
f 2808//2808 2810//2810 2811//2811
f 2808//2808 2811//2811 2812//2812
f 2807//2807 1773//1773 2813//2813
f 2814//2814 2818//2818 2815//2815
f 2840//2840 2825//2825 2835//2835
f 2833//2833 2835//2835 2826//2826
f 2825//2825 2826//2826 2835//2835
f 2822//2822 2825//2825 2840//2840
f 2809//2809 2812//2812 1465//1465
f 1466//1466 2809//2809 1465//1465
f 2800//2800 2799//2799 2798//2798
f 2801//2801 2821//2821 1708//1708
f 2815//2815 2818//2818 2816//2816
f 2817//2817 2819//2819 2814//2814
f 2817//2817 2820//2820 2819//2819
f 2819//2819 2820//2820 2814//2814
f 2814//2814 2816//2816 2818//2818
f 1707//1707 2821//2821 2801//2801
f 2840//2840 2823//2823 2822//2822
f 2824//2824 2822//2822 2823//2823
f 2825//2825 2822//2822 2824//2824
f 2827//2827 2826//2826 2825//2825
f 2827//2827 2825//2825 2824//2824
f 2812//2812 1466//1466 1465//1465
f 2800//2800 2828//2828 1306//1306
f 1306//1306 2828//2828 2829//2829
f 45//45 2831//2831 2830//2830
f 45//45 97//97 2831//2831
f 2809//2809 2808//2808 2812//2812
f 1396//1396 2813//2813 1773//1773
f 1459//1459 2834//2834 1439//1439
f 1454//1454 2837//2837 2836//2836
f 2838//2838 1331//1331 1330//1330
f 2840//2840 2835//2835 2841//2841
f 2809//2809 1466//1466 2810//2810
f 2833//2833 2826//2826 2841//2841
f 4//4 17//17 1//1
f 2842//2842 2843//2843 2844//2844
f 2846//2846 2847//2847 2845//2845
f 2849//2849 2848//2848 2850//2850
f 2850//2850 2851//2851 2849//2849
f 2851//2851 2848//2848 2849//2849
f 2845//2845 2844//2844 2846//2846
f 2847//2847 2846//2846 2844//2844
f 2844//2844 2843//2843 2847//2847
f 2843//2843 2842//2842 2847//2847
f 2865//2865 2852//2852 893//893
f 848//848 893//893 2852//2852
f 2865//2865 893//893 847//847
f 869//869 2865//2865 847//847
f 808//808 2852//2852 2865//2865
f 869//869 808//808 2865//2865
f 2853//2853 2855//2855 788//788
f 788//788 2854//2854 2853//2853
f 788//788 789//789 2854//2854
f 856//856 2853//2853 2856//2856
f 2854//2854 2856//2856 2853//2853
f 2855//2855 2853//2853 857//857
f 329//329 2857//2857 2863//2863
f 2859//2859 2858//2858 2869//2869
f 2860//2860 1968//1968 2861//2861
f 2863//2863 2860//2860 2861//2861
f 2861//2861 1968//1968 2862//2862
f 2863//2863 2864//2864 2860//2860
f 2863//2863 2857//2857 2864//2864
f 2866//2866 2867//2867 2868//2868
f 329//329 2861//2861 330//330
f 329//329 2863//2863 2861//2861
f 330//330 2861//2861 2862//2862
f 2858//2858 2859//2859 2869//2869
f 2870//2870 2872//2872 2873//2873
f 2872//2872 2870//2870 2871//2871
f 2871//2871 2873//2873 2872//2872
f 2874//2874 1824//1824 2875//2875
f 2878//2878 2877//2877 2876//2876
f 2876//2876 2879//2879 2878//2878
f 2879//2879 2876//2876 2877//2877
f 2881//2881 2880//2880 1389//1389
f 2883//2883 2881//2881 1389//1389
f 2880//2880 1365//1365 1389//1389
f 2883//2883 1389//1389 2882//2882
f 1365//1365 2883//2883 2882//2882
f 2887//2887 2885//2885 2886//2886
f 2885//2885 2884//2884 2886//2886
f 2886//2886 2884//2884 2888//2888
f 2885//2885 2887//2887 2884//2884
f 1821//1821 2874//2874 2875//2875
f 1821//1821 1824//1824 2874//2874
f 1821//1821 2875//2875 1816//1816
f 1822//1822 1824//1824 1821//1821
f 2886//2886 2888//2888 2887//2887
f 2889//2889 2892//2892 2890//2890
f 2889//2889 2890//2890 2891//2891
f 1271//1271 2889//2889 2891//2891
f 2892//2892 2889//2889 1272//1272
f 1271//1271 1272//1272 2889//2889
f 2890//2890 2892//2892 2926//2926
f 2897//2897 2894//2894 2893//2893
f 2893//2893 1265//1265 2897//2897
f 1290//1290 1265//1265 2893//2893
f 2898//2898 2893//2893 2894//2894
f 1266//1266 2897//2897 1265//1265
f 1290//1290 2893//2893 2895//2895
f 2897//2897 1266//1266 2896//2896
f 2895//2895 2893//2893 2898//2898
f 2894//2894 2897//2897 1262//1262
f 1262//1262 2898//2898 2894//2894
f 2900//2900 2915//2915 2899//2899
f 2899//2899 2915//2915 2916//2916
f 2915//2915 2900//2900 1862//1862
f 2902//2902 2901//2901 1862//1862
f 2915//2915 1862//1862 100//100
f 2901//2901 100//100 1862//1862
f 100//100 2913//2913 2915//2915
f 2909//2909 1295//1295 1296//1296
f 2903//2903 1271//1271 2891//2891
f 1271//1271 2903//2903 2904//2904
f 2907//2907 2906//2906 2905//2905
f 2907//2907 2905//2905 2908//2908
f 2905//2905 2906//2906 2908//2908
f 1340//1340 1341//1341 2902//2902
f 2910//2910 2909//2909 1398//1398
f 1398//1398 1397//1397 2910//2910
f 2910//2910 1270//1270 2909//2909
f 1263//1263 2912//2912 2911//2911
f 2901//2901 2913//2913 100//100
f 2915//2915 2913//2913 2916//2916
f 2891//2891 2914//2914 2903//2903
f 2924//2924 2917//2917 1267//1267
f 1339//1339 2919//2919 2918//2918
f 1339//1339 2918//2918 1267//1267
f 1267//1267 2917//2917 1339//1339
f 2924//2924 1267//1267 2918//2918
f 1339//1339 2920//2920 2919//2919
f 2920//2920 1339//1339 2917//2917
f 2917//2917 2921//2921 2920//2920
f 2921//2921 2917//2917 2922//2922
f 2922//2922 2920//2920 2921//2921
f 2923//2923 1421//1421 1840//1840
f 1421//1421 2923//2923 1422//1422
f 2890//2890 2927//2927 2914//2914
f 1427//1427 1263//1263 1256//1256
f 1263//1263 1427//1427 2912//2912
f 2914//2914 2891//2891 2890//2890
f 1290//1290 2895//2895 2925//2925
f 2890//2890 2926//2926 2927//2927
f 2927//2927 2926//2926 2892//2892
f 2928//2928 2929//2929 2931//2931
f 2928//2928 2930//2930 2929//2929
f 2931//2931 2929//2929 2930//2930
f 2932//2932 2935//2935 2934//2934
f 2933//2933 2935//2935 2932//2932
f 2935//2935 2933//2933 2936//2936
f 2937//2937 2938//2938 2942//2942
f 2937//2937 2939//2939 2938//2938
f 2941//2941 2939//2939 2940//2940
f 2939//2939 2933//2933 2940//2940
f 2940//2940 2933//2933 2941//2941
f 2933//2933 2932//2932 2941//2941
f 2934//2934 2941//2941 2932//2932
f 2942//2942 2938//2938 2939//2939
f 2935//2935 2936//2936 2934//2934
f 128//128 2949//2949 2948//2948
f 2947//2947 2945//2945 2944//2944
f 2947//2947 2944//2944 2946//2946
f 2945//2945 2946//2946 2944//2944
f 128//128 2948//2948 2943//2943
f 2943//2943 2948//2948 2949//2949
f 2943//2943 2949//2949 128//128
f 113//113 112//112 99//99
f 2954//2954 2952//2952 2955//2955
f 2957//2957 2952//2952 2954//2954
f 2952//2952 64//64 2955//2955
f 2956//2956 2952//2952 2957//2957
f 2954//2954 2953//2953 2957//2957
f 2963//2963 2962//2962 2959//2959
f 2959//2959 2962//2962 2958//2958
f 2962//2962 2963//2963 2960//2960
f 2960//2960 2961//2961 2962//2962
f 1021//1021 2963//2963 2959//2959
f 2965//2965 2964//2964 2969//2969
f 2967//2967 2969//2969 2964//2964
f 2967//2967 2964//2964 2966//2966
f 2966//2966 2964//2964 2968//2968
f 2965//2965 2968//2968 2964//2964
f 2980//2980 2978//2978 2970//2970
f 2978//2978 2971//2971 2970//2970
f 2980//2980 2972//2972 2978//2978
f 2999//2999 2980//2980 2970//2970
f 2972//2972 2980//2980 2999//2999
f 2979//2979 2971//2971 2978//2978
f 3011//3011 2974//2974 2973//2973
f 955//955 2973//2973 2974//2974
f 2975//2975 2973//2973 955//955
f 954//954 2975//2975 955//955
f 3002//3002 2976//2976 2967//2967
f 2967//2967 2976//2976 2977//2977
f 2976//2976 3001//3001 2977//2977
f 2967//2967 2977//2977 2969//2969
f 3002//3002 2967//2967 2966//2966
f 2981//2981 2979//2979 2978//2978
f 2978//2978 2972//2972 2981//2981
f 72//72 70//70 2982//2982
f 2985//2985 2987//2987 2983//2983
f 2983//2983 2986//2986 2984//2984
f 2988//2988 2987//2987 2985//2985
f 2988//2988 2983//2983 2987//2987
f 2990//2990 2989//2989 1209//1209
f 67//67 2989//2989 2990//2990
f 2958//2958 2992//2992 2991//2991
f 1008//1008 1007//1007 70//70
f 2982//2982 70//70 1007//1007
f 2993//2993 2984//2984 2986//2986
f 2994//2994 2984//2984 2993//2993
f 2995//2995 2984//2984 2994//2994
f 2996//2996 2993//2993 2986//2986
f 2997//2997 2996//2996 2986//2986
f 2994//2994 2993//2993 2997//2997
f 2997//2997 2993//2993 2996//2996
f 2991//2991 2992//2992 2959//2959
f 2992//2992 1021//1021 2959//2959
f 2961//2961 2960//2960 2963//2963
f 2958//2958 2962//2962 2998//2998
f 2962//2962 2961//2961 2998//2998
f 2959//2959 2958//2958 2991//2991
f 2970//2970 2971//2971 2999//2999
f 2953//2953 2954//2954 3000//3000
f 3000//3000 2954//2954 2955//2955
f 3002//3002 2966//2966 3001//3001
f 3002//3002 3001//3001 2976//2976
f 33//33 31//31 32//32
f 74//74 1166//1166 73//73
f 3004//3004 3003//3003 3010//3010
f 68//68 69//69 71//71
f 2951//2951 3005//3005 2950//2950
f 2950//2950 3009//3009 2951//2951
f 3007//3007 3006//3006 2951//2951
f 2951//2951 3006//3006 3008//3008
f 3008//3008 3006//3006 3007//3007
f 3009//3009 2950//2950 3005//3005
f 3003//3003 64//64 2952//2952
f 3010//3010 3003//3003 2952//2952
f 3010//3010 2952//2952 2956//2956
f 2975//2975 3011//3011 2973//2973
f 1056//1056 1057//1057 1055//1055
f 3020//3020 3025//3025 3012//3012
f 3012//3012 3016//3016 3020//3020
f 3016//3016 3012//3012 3013//3013
f 3014//3014 3013//3013 3012//3012
f 3013//3013 3014//3014 3016//3016
f 3015//3015 3018//3018 3017//3017
f 3018//3018 3015//3015 3019//3019
f 3017//3017 3019//3019 3015//3015
f 3022//3022 3026//3026 3027//3027
f 3027//3027 3021//3021 3022//3022
f 3022//3022 3021//3021 3023//3023
f 3026//3026 3022//3022 3024//3024
f 3022//3022 3025//3025 3024//3024
f 3023//3023 3021//3021 3027//3027
f 3027//3027 3026//3026 3016//3016
f 3024//3024 3016//3016 3026//3026
f 3020//3020 3024//3024 3025//3025
f 3024//3024 3020//3020 3016//3016
f 2983//2983 2984//2984 2995//2995
f 3030//3030 3029//3029 3028//3028
f 3031//3031 3030//3030 3028//3028
f 3031//3031 3028//3028 3029//3029
f 1274//1274 1275//1275 3033//3033
f 3033//3033 1275//1275 3034//3034
f 1747//1747 3035//3035 3033//3033
f 3033//3033 3032//3032 1747//1747
f 3034//3034 3032//3032 3033//3033
f 3033//3033 3035//3035 1274//1274
f 1273//1273 1274//1274 3035//3035
f 3036//3036 3039//3039 3037//3037
f 3037//3037 3038//3038 3036//3036
f 3036//3036 3038//3038 3039//3039
f 1308//1308 3042//3042 3041//3041
f 3041//3041 3042//3042 3040//3040
f 3042//3042 1308//1308 3046//3046
f 3043//3043 1353//1353 1352//1352
f 3045//3045 1353//1353 3043//3043
f 3045//3045 3044//3044 1353//1353
f 3045//3045 3043//3043 1352//1352
f 3046//3046 1308//1308 1309//1309
f 1309//1309 3050//3050 3046//3046
f 98//98 1309//1309 3041//3041
f 98//98 3040//3040 1309//1309
f 1309//1309 1308//1308 3041//3041
f 1309//1309 3040//3040 3047//3047
f 3041//3041 3040//3040 98//98
f 3047//3047 3048//3048 1309//1309
f 3048//3048 3049//3049 1309//1309
f 3048//3048 3047//3047 3049//3049
f 3050//3050 1309//1309 3049//3049
f 3051//3051 122//122 120//120
f 120//120 122//122 3052//3052
f 3052//3052 121//121 120//120
f 126//126 3051//3051 120//120
f 3051//3051 3052//3052 122//122
f 3053//3053 3054//3054 3055//3055
f 3055//3055 3054//3054 3056//3056
f 3060//3060 3057//3057 3058//3058
f 3058//3058 3080//3080 3060//3060
f 3063//3063 3058//3058 3057//3057
f 3058//3058 3061//3061 3080//3080
f 3059//3059 3058//3058 3063//3063
f 3060//3060 3062//3062 3057//3057
f 3081//3081 3062//3062 3060//3060
f 3060//3060 3080//3080 3081//3081
f 3059//3059 3061//3061 3058//3058
f 3062//3062 3063//3063 3057//3057
f 3064//3064 3072//3072 3076//3076
f 3065//3065 3064//3064 3076//3076
f 3066//3066 3072//3072 3064//3064
f 3064//3064 3065//3065 3066//3066
f 3069//3069 3068//3068 3067//3067
f 3071//3071 3074//3074 3070//3070
f 3073//3073 3072//3072 3066//3066
f 3074//3074 3071//3071 3070//3070
f 3069//3069 3075//3075 3068//3068
f 3073//3073 3076//3076 3072//3072
f 275//275 3077//3077 274//274
f 3078//3078 1936//1936 240//240
f 3078//3078 240//240 237//237
f 3080//3080 3061//3061 3079//3079
f 3081//3081 3080//3080 3079//3079
f 3068//3068 3075//3075 3067//3067
f 3083//3083 3084//3084 3082//3082
f 3086//3086 3087//3087 3085//3085
f 3088//3088 3086//3086 3085//3085
f 3088//3088 3087//3087 3086//3086
f 3082//3082 3088//3088 3083//3083
f 3084//3084 3083//3083 3088//3088
f 3089//3089 3090//3090 3093//3093
f 3099//3099 3090//3090 3091//3091
f 3089//3089 3097//3097 3091//3091
f 3099//3099 3095//3095 3094//3094
f 3094//3094 3095//3095 3092//3092
f 3101//3101 3090//3090 3099//3099
f 3096//3096 3089//3089 3093//3093
f 3094//3094 3092//3092 3101//3101
f 3101//3101 3099//3099 3094//3094
f 3096//3096 3097//3097 3089//3089
f 3090//3090 3098//3098 3093//3093
f 3092//3092 1250//1250 3101//3101
f 3093//3093 3098//3098 3096//3096
f 3095//3095 3099//3099 1045//1045
f 3099//3099 3091//3091 1045//1045
f 1250//1250 3100//3100 3098//3098
f 3098//3098 3100//3100 3096//3096
f 3101//3101 3098//3098 3090//3090
f 3098//3098 3101//3101 1250//1250
f 70//70 918//918 3102//3102
f 3102//3102 1008//1008 70//70
f 3102//3102 918//918 919//919
f 1008//1008 3102//3102 3103//3103
f 3102//3102 919//919 3103//3103
f 873//873 876//876 875//875
f 876//876 3104//3104 875//875
f 875//875 3104//3104 931//931
f 3107//3107 3105//3105 3106//3106
f 3108//3108 3107//3107 3109//3109
f 882//882 3108//3108 3109//3109
f 3109//3109 3107//3107 3106//3106
f 3091//3091 3090//3090 3089//3089
f 3109//3109 3106//3106 882//882
f 3108//3108 3105//3105 3107//3107
f 3103//3103 1007//1007 1008//1008
f 3112//3112 3111//3111 3110//3110
f 3114//3114 3110//3110 458//458
f 3114//3114 458//458 3113//3113
f 3110//3110 3114//3114 3115//3115
f 3115//3115 3114//3114 3113//3113
f 3115//3115 3112//3112 3110//3110
f 3110//3110 3111//3111 458//458
f 3117//3117 3116//3116 3120//3120
f 3121//3121 3120//3120 3116//3116
f 3121//3121 3116//3116 3117//3117
f 3118//3118 3119//3119 3123//3123
f 3119//3119 3118//3118 3122//3122
f 3122//3122 3123//3123 3119//3119
f 3137//3137 3126//3126 3124//3124
f 3124//3124 3126//3126 3125//3125
f 3137//3137 3128//3128 3136//3136
f 3137//3137 3124//3124 3125//3125
f 3129//3129 3135//3135 3130//3130
f 3128//3128 3130//3130 3136//3136
f 3127//3127 3132//3132 3131//3131
f 3127//3127 3131//3131 3133//3133
f 3129//3129 3130//3130 3134//3134
f 3128//3128 3134//3134 3130//3130
f 3134//3134 3128//3128 3137//3137
f 3134//3134 3135//3135 3129//3129
f 3130//3130 3135//3135 3136//3136
f 3133//3133 3131//3131 3132//3132
f 923//923 3138//3138 1128//1128
f 3139//3139 1128//1128 1127//1127
f 923//923 1128//1128 3140//3140
f 1128//1128 3139//3139 3140//3140
f 923//923 3140//3140 3139//3139
f 3142//3142 3143//3143 3141//3141
f 3145//3145 3144//3144 3148//3148
f 3144//3144 3145//3145 3147//3147
f 3147//3147 3145//3145 3146//3146
f 3148//3148 3146//3146 3145//3145
f 3146//3146 3148//3148 3149//3149
f 1031//1031 3151//3151 3150//3150
f 1212//1212 3151//3151 1031//1031
f 3150//3150 3151//3151 978//978
f 1038//1038 3152//3152 3153//3153
f 3153//3153 3152//3152 2250//2250
f 1038//1038 1039//1039 3152//3152
f 1039//1039 1897//1897 3152//3152
f 3154//3154 3155//3155 3141//3141
f 3155//3155 3154//3154 2269//2269
f 3142//3142 3155//3155 2269//2269
f 3142//3142 3141//3141 3155//3155
f 3142//3142 2269//2269 3225//3225
f 3225//3225 3143//3143 3142//3142
f 1897//1897 2250//2250 3152//3152
f 3157//3157 3159//3159 3156//3156
f 3158//3158 3148//3148 3144//3144
f 3157//3157 3147//3147 3146//3146
f 3156//3156 3147//3147 3157//3157
f 3144//3144 3147//3147 3156//3156
f 3157//3157 3146//3146 3159//3159
f 3159//3159 3146//3146 3160//3160
f 3158//3158 3144//3144 3156//3156
f 3160//3160 3146//3146 3149//3149
f 3161//3161 3162//3162 753//753
f 753//753 3163//3163 3165//3165
f 3163//3163 3164//3164 3165//3165
f 3164//3164 3163//3163 753//753
f 3167//3167 3166//3166 3168//3168
f 3166//3166 3167//3167 3169//3169
f 3168//3168 3169//3169 3167//3167
f 3161//3161 3170//3170 3171//3171
f 3161//3161 3171//3171 3162//3162
f 3170//3170 3172//3172 3171//3171
f 3175//3175 3183//3183 3176//3176
f 3175//3175 3174//3174 3183//3183
f 3175//3175 3176//3176 3174//3174
f 3174//3174 3177//3177 3173//3173
f 3183//3183 3174//3174 3173//3173
f 3178//3178 3179//3179 3173//3173
f 3173//3173 3177//3177 3178//3178
f 3177//3177 3181//3181 3178//3178
f 3177//3177 3180//3180 3181//3181
f 3179//3179 3178//3178 3181//3181
f 3181//3181 3182//3182 3179//3179
f 3180//3180 3182//3182 3181//3181
f 3179//3179 3183//3183 3173//3173
f 1101//1101 3185//3185 3186//3186
f 1094//1094 1101//1101 3186//3186
f 3187//3187 3185//3185 1101//1101
f 3185//3185 3187//3187 3186//3186
f 892//892 3189//3189 3188//3188
f 3189//3189 892//892 3184//3184
f 3184//3184 892//892 1058//1058
f 1058//1058 3189//3189 3184//3184
f 3189//3189 908//908 3190//3190
f 3190//3190 908//908 3191//3191
f 908//908 3189//3189 3191//3191
f 1054//1054 3192//3192 1053//1053
f 1054//1054 1053//1053 1051//1051
f 3193//3193 1939//1939 1984//1984
f 244//244 3194//3194 1939//1939
f 1939//1939 3193//3193 244//244
f 3196//3196 3195//3195 1348//1348
f 3202//3202 3195//3195 3196//3196
f 3199//3199 3202//3202 3196//3196
f 3196//3196 1348//1348 3197//3197
f 3203//3203 3196//3196 3197//3197
f 3198//3198 3202//3202 3199//3199
f 3203//3203 3199//3199 3196//3196
f 3197//3197 1348//1348 3200//3200
f 3201//3201 3200//3200 1348//1348
f 3200//3200 3203//3203 3197//3197
f 3200//3200 3201//3201 3203//3203
f 244//244 132//132 1938//1938
f 1938//1938 3194//3194 244//244
f 3194//3194 1938//1938 1939//1939
f 1984//1984 1938//1938 132//132
f 3204//3204 3195//3195 3202//3202
f 3204//3204 3208//3208 3195//3195
f 3205//3205 3198//3198 3206//3206
f 3202//3202 3198//3198 3205//3205
f 3205//3205 3208//3208 3207//3207
f 3205//3205 3206//3206 3208//3208
f 3208//3208 3204//3204 3207//3207
f 3202//3202 3207//3207 3204//3204
f 3205//3205 3207//3207 3202//3202
f 243//243 327//327 269//269
f 269//269 3209//3209 243//243
f 3210//3210 1145//1145 3211//3211
f 3210//3210 3211//3211 1078//1078
f 3212//3212 3215//3215 3214//3214
f 3216//3216 3215//3215 3213//3213
f 3215//3215 3216//3216 3214//3214
f 3212//3212 3213//3213 3215//3215
f 3212//3212 3216//3216 3213//3213
f 3217//3217 457//457 1995//1995
f 3219//3219 953//953 3228//3228
f 1012//1012 3220//3220 3221//3221
f 3221//3221 3223//3223 3222//3222
f 3220//3220 3223//3223 3221//3221
f 3224//3224 2269//2269 1191//1191
f 3225//3225 2269//2269 3224//3224
f 3224//3224 1191//1191 1210//1210
f 3224//3224 1210//1210 3225//3225
f 3226//3226 953//953 3227//3227
f 3227//3227 953//953 956//956
f 3218//3218 956//956 953//953
f 3222//3222 1012//1012 3221//3221
f 3228//3228 3226//3226 3227//3227
f 3226//3226 3228//3228 953//953
f 1072//1072 1044//1044 1084//1084
f 1208//1208 1071//1071 1146//1146
f 1071//1071 1208//1208 3229//3229
f 1100//1100 1101//1101 1099//1099
f 3232//3232 3231//3231 3233//3233
f 3233//3233 3231//3231 1889//1889
f 3234//3234 3230//3230 3235//3235
f 3230//3230 3256//3256 3235//3235
f 1994//1994 3237//3237 3236//3236
f 1994//1994 3238//3238 3237//3237
f 3236//3236 3237//3237 3241//3241
f 3239//3239 3236//3236 3240//3240
f 3236//3236 3241//3241 3240//3240
f 3241//3241 3237//3237 3238//3238
f 3244//3244 3242//3242 3243//3243
f 3243//3243 3242//3242 3245//3245
f 3245//3245 3242//3242 3244//3244
f 3247//3247 3259//3259 3258//3258
f 3248//3248 3259//3259 3247//3247
f 3259//3259 3246//3246 3249//3249
f 3246//3246 3259//3259 3248//3248
f 3266//3266 3250//3250 3263//3263
f 3253//3253 3251//3251 3252//3252
f 3251//3251 3253//3253 998//998
f 998//998 3252//3252 3251//3251
f 3247//3247 3246//3246 3248//3248
f 1953//1953 3254//3254 1949//1949
f 3254//3254 3255//3255 1949//1949
f 3255//3255 3254//3254 1953//1953
f 3230//3230 3234//3234 3256//3256
f 995//995 996//996 3257//3257
f 3249//3249 3258//3258 3259//3259
f 3272//3272 3260//3260 1811//1811
f 1811//1811 1810//1810 3272//3272
f 3263//3263 3269//3269 3261//3261
f 3263//3263 3261//3261 3262//3262
f 3269//3269 3264//3264 3265//3265
f 3269//3269 3263//3263 3264//3264
f 3263//3263 3262//3262 3266//3266
f 3268//3268 3262//3262 3263//3263
f 3250//3250 3264//3264 3263//3263
f 3261//3261 3269//3269 3265//3265
f 3271//3271 3272//3272 1810//1810
f 3271//3271 1810//1810 3273//3273
f 3271//3271 3273//3273 3274//3274
f 3263//3263 3262//3262 3268//3268
f 3232//3232 3275//3275 163//163
f 3277//3277 3278//3278 3276//3276
f 3276//3276 3278//3278 320//320
f 3277//3277 3276//3276 320//320
f 3278//3278 319//319 320//320
f 3267//3267 3279//3279 3270//3270
f 3280//3280 3270//3270 3279//3279
f 3279//3279 3267//3267 3280//3280
f 205//205 3281//3281 3283//3283
f 223//223 3281//3281 205//205
f 205//205 3283//3283 3282//3282
f 3283//3283 3281//3281 223//223
f 92//92 1797//1797 3284//3284
f 3284//3284 1797//1797 3285//3285
f 3285//3285 1797//1797 1798//1798
f 1903//1903 3294//3294 3286//3286
f 3287//3287 3288//3288 3296//3296
f 3287//3287 3289//3289 3288//3288
f 3290//3290 3288//3288 3289//3289
f 3297//3297 3289//3289 3287//3287
f 3297//3297 3287//3287 3291//3291
f 3292//3292 3287//3287 3296//3296
f 3291//3291 3287//3287 3292//3292
f 372//372 3291//3291 3292//3292
f 1903//1903 3293//3293 3294//3294
f 371//371 370//370 988//988
f 3295//3295 3293//3293 1860//1860
f 3293//3293 3295//3295 3294//3294
f 3293//3293 1903//1903 1860//1860
f 3290//3290 3296//3296 3288//3288
f 3297//3297 3291//3291 372//372
f 3299//3299 3298//3298 3300//3300
f 665//665 3300//3300 3298//3298
f 3298//3298 3299//3299 3301//3301
f 3299//3299 3303//3303 3301//3301
f 3298//3298 3304//3304 3302//3302
f 3301//3301 3305//3305 3304//3304
f 3301//3301 3303//3303 3332//3332
f 3302//3302 3304//3304 3305//3305
f 3301//3301 3304//3304 3298//3298
f 3332//3332 3305//3305 3301//3301
f 3313//3313 3309//3309 3307//3307
f 3311//3311 3307//3307 3309//3309
f 3308//3308 3313//3313 3307//3307
f 3308//3308 3307//3307 3306//3306
f 3306//3306 3311//3311 3315//3315
f 3311//3311 3306//3306 3307//3307
f 3308//3308 3306//3306 363//363
f 3310//3310 3313//3313 3308//3308
f 3308//3308 363//363 3312//3312
f 3310//3310 3308//3308 3312//3312
f 437//437 3314//3314 3315//3315
f 3311//3311 437//437 3315//3315
f 3313//3313 3310//3310 3312//3312
f 3309//3309 3316//3316 3311//3311
f 438//438 3316//3316 3309//3309
f 437//437 3311//3311 3316//3316
f 363//363 3315//3315 361//361
f 3315//3315 363//363 3306//3306
f 3318//3318 3319//3319 3317//3317
f 3318//3318 3320//3320 3319//3319
f 3321//3321 3323//3323 3322//3322
f 3324//3324 3321//3321 3322//3322
f 3317//3317 3319//3319 3320//3320
f 3322//3322 3323//3323 3325//3325
f 3324//3324 3322//3322 3325//3325
f 3323//3323 3321//3321 3325//3325
f 3327//3327 3326//3326 338//338
f 338//338 3328//3328 3330//3330
f 3330//3330 3327//3327 338//338
f 3326//3326 3328//3328 338//338
f 641//641 3329//3329 3328//3328
f 3328//3328 3331//3331 3330//3330
f 3331//3331 3328//3328 3329//3329
f 3326//3326 641//641 3328//3328
f 641//641 3331//3331 3329//3329
f 3332//3332 3303//3303 3299//3299
f 3332//3332 3299//3299 3300//3300
f 337//337 3333//3333 3334//3334
f 337//337 3350//3350 3333//3333
f 3333//3333 3335//3335 3334//3334
f 3334//3334 3335//3335 3336//3336
f 3336//3336 3335//3335 3333//3333
f 3339//3339 3349//3349 3337//3337
f 3338//3338 3339//3339 3337//3337
f 541//541 3337//3337 3349//3349
f 2014//2014 3338//3338 3337//3337
f 3342//3342 3341//3341 3340//3340
f 3342//3342 3340//3340 3343//3343
f 3342//3342 3343//3343 3353//3353
f 3346//3346 3352//3352 3347//3347
f 3346//3346 3348//3348 3352//3352
f 3338//3338 3349//3349 3339//3339
f 2207//2207 3350//3350 337//337
f 1105//1105 1107//1107 1106//1106
f 3354//3354 3355//3355 3351//3351
f 1077//1077 433//433 500//500
f 3342//3342 3353//3353 3351//3351
f 3345//3345 3353//3353 3343//3343
f 3342//3342 3351//3351 3341//3341
f 3353//3353 3354//3354 3351//3351
f 3345//3345 3354//3354 3353//3353
f 3345//3345 3355//3355 3354//3354
f 3348//3348 3347//3347 3352//3352
f 3358//3358 367//367 521//521
f 367//367 3357//3357 3361//3361
f 367//367 3361//3361 366//366
f 3358//3358 521//521 3356//3356
f 3358//3358 3360//3360 367//367
f 3357//3357 367//367 3359//3359
f 367//367 3360//3360 3359//3359
f 3358//3358 519//519 3360//3360
f 3356//3356 519//519 3358//3358
f 3363//3363 3357//3357 3359//3359
f 3362//3362 3363//3363 3359//3359
f 3363//3363 3362//3362 3361//3361
f 3357//3357 3363//3363 3361//3361
f 614//614 610//610 611//611
f 611//611 512//512 614//614
f 3366//3366 1083//1083 3365//3365
f 3369//3369 3366//3366 3365//3365
f 3369//3369 3368//3368 3367//3367
f 3370//3370 3369//3369 3367//3367
f 1083//1083 3366//3366 3369//3369
f 3367//3367 3368//3368 3370//3370
f 10//10 15//15 14//14
f 1774//1774 14//14 15//15
f 14//14 3371//3371 10//10
f 1776//1776 1774//1774 93//93
f 1776//1776 94//94 1774//1774
f 94//94 1776//1776 14//14
f 110//110 121//121 99//99
f 44//44 1846//1846 3372//3372
f 1902//1902 3373//3373 3374//3374
f 3374//3374 3373//3373 3375//3375
f 1099//1099 1101//1101 1094//1094
f 528//528 529//529 527//527
f 159//159 168//168 167//167
f 1044//1044 1073//1073 3210//3210
f 1073//1073 1044//1044 1072//1072
f 127//127 3376//3376 90//90
f 1416//1416 1423//1423 3377//3377
f 1846//1846 43//43 3378//3378
f 72//72 71//71 70//70
f 445//445 443//443 447//447
f 1845//1845 3379//3379 3378//3378
f 3379//3379 1847//1847 36//36
f 200//200 201//201 202//202
f 3380//3380 3382//3382 3381//3381
f 3380//3380 3381//3381 3384//3384
f 3381//3381 3382//3382 3383//3383
f 3381//3381 3383//3383 3384//3384

